ScientificName,AGCP,AW,CB,EMP,GP,HI,MW,NCNE,WMVC,AK,CommonName
Abelmoschus moschatus,,,UPL,,,FAC,,,,,Musk Okra
Abies amabilis,,FACU,,,,,,,FACU,UPL,Pacific Silver Fir
Abies balsamea,,,,FAC,FAC,,FACW,FAC,,,Balsam Fir
Abies bifolia,,FACU,,,,,,,FACU,,Rocky Mountain Alpine Fir
Abies fraseri,,,,FACU,,,,FACU,,,Fraser's Fir
Abies grandis,,FACU,,,,,,,FACU,,Grand Fir
Abies lasiocarpa,,FACU,,,,,,,FACU,UPL,Subalpine Fir
Abies procera,,FACU,,,,,,,FACU,,Noble Fir
Abildgaardia ovata,FACW,,FAC,,,FACW,,,,,Flat-Spike Sedge
Abrus precatorius,UPL,,UPL,,,FAC,,,,,Rosary-Pea
Abutilon auritum,,,,,,FACU,,,,,Asian Indian-Mallow
Abutilon indicum,,,UPL,,,FAC,,,,,Monkeybush
Abutilon theophrasti,FACU,UPL,,UPL,UPL,,FACU,FACU,FACU,,Velvetleaf
Acacia confusa,,,,,,FACU,,,,,Small Philippine Wattle
Acaena exigua,,,,,,OBL,,,,,Liliwai
Acalypha amentacea,FAC,,UPL,,,FACU,,,,,Match-Me-If-You-Can
Acalypha bisetosa,,,FACW,,,,,,,,Streambank Copperleaf
Acalypha gracilens,FAC,,,FAC,FAC,,FACU,FACU,,,Slender Three-Seed-Mercury
Acalypha poiretii,FACU,,UPL,FACU,FACU,UPL,,FACU,,,Poiret's Copperleaf
Acalypha rhomboidea,FAC,,,FACU,FACU,,FACU,FACU,FACU,,Common Three-Seed-Mercury
Acalypha virginica,FACU,,,FACU,FACU,,FACU,FACU,,,Virginia Three-Seed-Mercury
Acanthocereus tetragonus,FAC,,UPL,,FACU,UPL,,,,,Triangle Cactus
Acanthomintha ilicifolia,,FAC,,,,,,,,,San Diego Thorn-Mint
Acer circinatum,,FAC,,,,,,FAC,FAC,FAC,Vine Maple
Acer glabrum,,FAC,,,FAC,,FAC,,FACU,FACU,Rocky Mountain Maple
Acer grandidentatum,,FACU,,,FAC,,,,FACU,,Canyon Maple
Acer macrophyllum,,FAC,,,,,,,FACU,,Big-Leaf Maple
Acer negundo,FAC,FACW,,FAC,FAC,,FAC,FAC,FAC,,Ash-Leaf Maple
Acer nigrum,UPL,,,FACU,,,FACU,FACU,,,Black Maple
Acer pensylvanicum,FACU,,,FACU,,,FACU,FACU,,,Striped Maple
Acer platanoides,UPL,UPL,,UPL,UPL,,UPL,UPL,FACU,,Norway Maple
Acer rubrum,FAC,,,FAC,FAC,,FAC,FAC,FAC,,Red Maple
Acer saccharinum,FAC,FAC,,FACW,FAC,,FACW,FACW,FAC,,Silver Maple
Acer saccharum,FACU,FACU,,FACU,UPL,,FACU,FACU,FACU,,Sugar Maple
Acer spicatum,UPL,,,FACU,FACU,,FACU,FACU,,,Mountain Maple
Achillea millefolium,FACU,FACU,,FACU,FACU,UPL,FACU,FACU,FACU,FACU,Common Yarrow
Achillea ptarmica,FACU,FACU,,FACU,FACU,,FACU,FACU,FACU,FACU,Pearl Yarrow
Achnatherum diegoense,,FACW,,,,,,,,,San Diego Rice Grass
Achnatherum hymenoides,,UPL,,,FACU,,FACU,FACU,UPL,,Indian Rice Grass
Achnatherum nelsonii,,FACU,,,UPL,,UPL,,UPL,,Nelson's Rice Grass
Achnatherum richardsonii,,UPL,,,FACU,,,,UPL,FACU,Richardson's Rice Grass
Achyrachaena mollis,,FAC,,,,,,,FAC,,Blow-Wives
Achyranthes aspera,UPL,,UPL,UPL,UPL,FAC,,,,,Devil's-Horsewhip
Achyranthes bidentata,,,,,,FACU,,,,,Nui Xi
Acisanthera quadrata,,,OBL,,,,,,,,Camasey-de-Charco
Acmella iodiscaea,,,OBL,,,,,,,,Maluco
Acmella repens,FACW,,,FACW,FACW,,FACW,,,,Opposite-Leaf Spotflower
Acmispon americanus,FACU,UPL,,FACU,FACU,,FACU,FACU,FACU,,American Deerweed
Acnistus arborescens,,,FACU,,,,,,,,Hollowheart
Acoelorrhaphe wrightii,OBL,,,,,,,,,,Everglades Palm
Aconitum columbianum,,FACW,,,FACW,,,,FACW,,Columbian Monkshood
Aconitum delphiniifolium,,,,,,,,,,FAC,Larkspur-Leaf Monkshood
Aconitum infectum,,FACW,,,,,,,OBL,,Arizona Monkshood
Aconitum noveboracense,,,,,,,FACW,FAC,,,Northern Blue Monkshood
Aconitum reclinatum,,,,FAC,,,,,,,Trailing White Monkshood
Aconitum uncinatum,FAC,,,FAC,,,FAC,FAC,,,Southern Blue Monkshood
Aconogonon alaskanum,,,,,,,,,,FAC,Alaska Fleeceflower
Aconogonon phytolaccifolium,,FAC,,,,,,,FAC,,Alpine Fleeceflower
Acorus americanus,OBL,OBL,,OBL,OBL,,OBL,OBL,OBL,OBL,Several-Vein Sweetflag
Acorus calamus,OBL,OBL,,OBL,OBL,,OBL,OBL,OBL,,Single-Vein Sweetflag
Acrostichum aureum,OBL,,OBL,,,OBL,,,,,Golden Leather Fern
Acrostichum danaeifolium,OBL,,OBL,,,,,,,,Inland Leather Fern
Actaea laciniata,,,,,,,,,FACW,,Mt. Hood Bugbane
Actaea pachypoda,FACU,,,UPL,,,FACU,UPL,,,White Baneberry
Actaea podocarpa,,,,FACU,,,FAC,,,,Mountain Bugbane
Actaea rubra,UPL,FAC,,UPL,FACU,,FACU,FACU,FACU,FAC,Red Baneberry
Actinostachys pennula,FAC,,FAC,,,,,,,,Ray Fern
Adenanthera pavonina,UPL,,UPL,,,FACU,,,,,Red Beadtree
Adenophorus pinnatifidus,,,,,,FACU,,,,,Graceful Kihi Fern
Adenostemma lavenia,,,,,,FACW,,,,,Common Medicine-Plant
Adenostemma verbesina,,,FACW,,,,,,,,Tropical Medicine-Plant
Adiantum aleuticum,FAC,FAC,,FAC,FAC,,,FACU,FAC,FAC,Aleutian Maidenhair
Adiantum capillus-veneris,FACU,FACW,FACW,FACU,FACW,FACU,FACU,,FACW,,Southern Maidenhair
Adiantum jordanii,,FAC,,,,,,,FAC,,California Maidenhair
Adiantum latifolium,,,FAC,,,,,,,,Broad-Leaf Maidenhair
Adiantum macrophyllum,,,FACW,,,,,,,,Large-Leaf Maidenhair
Adiantum obliquum,,,FACU,,,,,,,,Oblique Maidenhair
Adiantum pedatum,FACU,,,FAC,FAC,,FACU,FACU,FAC,,Northern Maidenhair
Adiantum petiolatum,,,FAC,,,,,,,,Stalked Maidenhair
Adiantum pulverulentum,,,FACU,,,,,,,,Glossy Maidenhair
Adiantum raddianum,,,,,,FAC,,,,,Delta Maidenhair
Adiantum tenerum,FAC,,FACU,,,FACU,,,,,Brittle Maidenhair
Adiantum tricholepis,,,,,FAC,,,,,,Fuzzy Maidenhair
Adiantum wilsonii,,,FAC,,,,,,,,Wilson's Maidenhair
Adoxa moschatellina,,FAC,,,FAC,,FAC,FAC,FAC,FAC,Muskroot
Aegopodium podagraria,FACW,FAC,,FACU,,,FAC,FAC,FACU,,Bishop's Goutweed
Aeschynomene americana,FAC,,FAC,FAC,,,,,,,Shyleaf
Aeschynomene evenia,,,FAC,,,,,,,,Shrubby Joint-Vetch
Aeschynomene gracilis,,,FAC,,,,,,,,Puerto Rico Joint-Vetch
Aeschynomene indica,FACW,,FACW,FACW,FACW,,,,,,Indian Joint-Vetch
Aeschynomene pratensis,OBL,,,,,,,,,,Meadow Joint-Vetch
Aeschynomene sensitiva,,,OBL,,,,,,,,Sensitive Joint-Vetch
Aeschynomene virginica,FACW,,,OBL,,,,,,,Virginia Joint-Vetch
Aeschynomene virginica,OBL,,,,,,,,,,Virginia Jointvetch
Aesculus flava,FACU,,,FACU,,,FACU,FACU,,,Yellow Buckeye
Aesculus glabra,FACU,,,FACU,FAC,,FAC,FAC,,,Ohio Buckeye
Aesculus pavia,FACU,,,FAC,FAC,,FAC,,,,Red Buckeye
Aesculus sylvatica,FAC,,,FAC,,,,,,,Painted Buckeye
Agalinis aphylla,FACW,,,FACW,,,,,,,Scale-Leaf False Foxglove
Agalinis aspera,FACU,,,FACU,FACU,,FACU,FACU,,,Tall False Foxglove
Agalinis calycina,,OBL,,,OBL,,,,OBL,,Leoncita False Foxglove
Agalinis divaricata,FACU,,,,,,,,,,Pineland False Foxglove
Agalinis fasciculata,FAC,,FACU,FAC,FAC,,FAC,FAC,,,Beach False Foxglove
Agalinis filicaulis,FAC,,,,,,,,,,Jackson False Foxglove
Agalinis filifolia,FACU,,,,,,,,,,Seminole False Foxglove
Agalinis flexicaulis,FACW,,,,,,,,,,Hampton False Foxglove
Agalinis georgiana,FAC,,,,,,,,,,Georgia False Foxglove
Agalinis harperi,FAC,,,,,,,,,,Coastal-Plain False Foxglove
Agalinis heterophylla,FACU,,,FACU,FAC,,FAC,,,,Prairie False Foxglove
Agalinis linifolia,OBL,,,FACW,,,,,,,Flax-Leaf False Foxglove
Agalinis maritima,OBL,,,FACW,OBL,,,FACW,,,Saltmarsh False Foxglove
Agalinis obtusifolia,FAC,,,FACU,,,,,,,Ten-Lobe False Foxglove
Agalinis oligophylla,FAC,,,FAC,,,,,,,Ridge-Stem False Foxglove
Agalinis paupercula,FACW,,,FACW,FAC,,OBL,OBL,,,Small-Flower False Foxglove
Agalinis pulchella,FACW,,,,,,,,,,St. Mark's False Foxglove
Agalinis purpurea,FACW,,FACW,FACW,FACW,,FACW,FACW,,,Purple False Foxglove
Agalinis skinneriana,FACU,,,FACU,FACU,,FACU,FACU,,,Skinner's False Foxglove
Agalinis tenella,OBL,,,FACW,,,,,,,_?_
Agalinis tenuifolia,FACU,FACW,,FAC,FAC,,FACW,FACW,FAC,,Slender-Leaf False Foxglove
Agarista populifolia,FACW,,,OBL,,,,FACW,,,Florida-Hobblebush
Agastache nepetoides,FAC,,,FACU,FACU,,FACU,FACU,,,Yellow Giant-Hyssop
Agastache urticifolia,,FACU,,,,,,,FACU,,Nettle-Leaf Giant-Hyssop
Agave americana,UPL,UPL,UPL,,UPL,UPL,,,,,American Century-Plant
Agave sisalana,UPL,UPL,UPL,,,FACU,,,,,Sisal-Hemp
Ageratina adenophora,,FACU,,,,FACU,,,FACU,,Crofton Weed
Ageratina altissima,FACU,,,FACU,UPL,,FACU,FACU,FACU,,White Snakeroot
Ageratina jucunda,FACU,,,FACU,,,,,,,Hammock Snakeroot
Ageratina riparia,,,,,,FACU,,,,,Spreading Snakeroot
Ageratum conyzoides,FACU,FACU,FACU,FACU,,FAC,FACU,FACU,,,Tropical Whiteweed
Ageratum houstonianum,FACU,FACU,,FACU,FACU,FACU,,FACU,,,Bluemink
Aglaonema commutatum,FACU,,UPL,,,FACU,,,,,Philippine-Evergreen
Agoseris X agrestis,,FAC,,,UPL,,,,UPL,,_?_
Agoseris X elata,,FAC,,,,,,,FAC,,_?_
Agoseris aurantiaca,,FAC,,,,,,,FACU,FAC,Orange-Flower Goat-Chicory
Agoseris glauca,,FACU,,,FACU,,FACU,FACU,FAC,FAC,Pale Goat-Chicory
Agoseris monticola,,FAC,,,,,,,UPL,,_?_
Agoseris parviflora,,FACU,,,UPL,,,,UPL,,Small-Flower Goat-Chicory
Agrimonia gryposepala,FACU,FAC,,FACU,FAC,,FACU,FACU,FACW,,Tall Hairy Grooveburr
Agrimonia parviflora,FAC,FAC,,FACW,FACW,,FACW,FAC,FACW,,Harvestlice
Agrimonia rostellata,FAC,,,FACU,FAC,,FACU,FACU,,,Beaked Grooveburr
Agrimonia striata,UPL,FACU,,FACU,FACU,,FACU,FACU,FACU,,Woodland Grooveburr
Agrostis canina,FACU,,,FACU,,FACU,UPL,UPL,UPL,,Velvet Bent
Agrostis capillaris,FAC,FAC,,FAC,FAC,UPL,FAC,FAC,FAC,FACU,Colonial Bent
Agrostis clavata,,,,,,,,,,OBL,Clubbed Bent
Agrostis elliottiana,FACU,FACU,,FACU,FACU,,FACU,FACU,FACU,,Elliott's Bent
Agrostis exarata,,FACW,,FACW,FACW,FACW,,FAC,FACW,FACW,Spiked Bent
Agrostis gigantea,FACW,FACW,,FACW,FACW,,FACW,FACW,FAC,FAC,Black Bent
Agrostis hendersonii,,FACW,,,,,,,FACW,,Henderson's Bent
Agrostis hyemalis,FAC,FACW,FACW,FAC,FACW,FAC,FAC,FAC,FACW,,Winter Bent
Agrostis idahoensis,,FACW,,,FACW,,,,FACW,FACW,Idaho Bent
Agrostis lacuna-vernalis,,FACW,,,,,,,,,_?_
Agrostis mertensii,FACU,FACU,,FACU,FACU,,,FACU,FACU,FACU,Northern Bent
Agrostis microphylla,,FACW,,,,,,,FACW,,Small-Leaf Bent
Agrostis oregonensis,,FACW,,,,,,,FAC,,Oregon Bent
Agrostis pallens,,FACU,,,,,,UPL,UPL,,Seashore Bent
Agrostis pauzhetica,,FACU,,,,,,,FACU,,Thermal Bent
Agrostis perennans,FACU,FAC,,FACU,FAC,,FAC,FACU,FACW,,Upland Bent
Agrostis rossiae,,FAC,,,,,,,UPL,,Ross' Bent
Agrostis sandwicensis,,,,,,FACU,,,,,Hawaii Bent
Agrostis scabra,FAC,FAC,,FAC,FAC,,FAC,FAC,FAC,FAC,Rough Bent
Agrostis stolonifera,FACW,FACW,,FACW,FACW,FACU,FACW,FACW,FAC,FAC,Spreading Bent
Agrostis vinealis,,,,,,,,,,FAC,Brown Bent
Ailanthus altissima,FACU,FACU,,FACU,FACU,FACU,FACU,UPL,FACU,,Tree-of-Heaven
Aira caryophyllea,FAC,FACU,,FAC,FACU,FACU,FACU,UPL,FACU,FAC,Common Silver-Hair Grass
Albizia lebbeck,UPL,,UPL,,UPL,FACU,,,,,Woman's-Tongue
Alchornea latifolia,,,FACU,,,,,,,,Achiotillo
Alectra fluminensis,,,OBL,,,,,,,,Yerba-de-Hierro
Aletris aurea,FACW,,,FACW,FACW,,,,,,Golden Colicroot
Aletris bracteata,FACU,,,,,,,,,,Bracted Colicroot
Aletris farinosa,FAC,FAC,,FAC,FAC,,FAC,FAC,,,White Colicroot
Aletris lutea,FACW,,,FACW,,,,,,,Yellow Colicroot
Aletris obovata,FAC,,,,,,,,,,Southern Colicroot
Aleurites moluccanus,UPL,,UPL,,,FACU,,,,,Indian-Walnut
Alhagi maurorum,FAC,FAC,,FAC,FAC,,,,FAC,,Camelthorn
Aliciella pinnatifida,,FACU,,,FAC,,,,FAC,,Sticky Cheat Gily-Flower
Alisma gramineum,OBL,OBL,,OBL,OBL,,OBL,OBL,OBL,,Narrow-Leaf Water-Plantain
Alisma lanceolatum,,OBL,,,,,,,OBL,,Lance-Leaf Water-Plantain
Alisma plantago-aquatica,,,,,,,,OBL,OBL,OBL,European Water-Plantain
Alisma subcordatum,OBL,,,OBL,OBL,,OBL,OBL,OBL,,American Water-Plantain
Alisma triviale,OBL,OBL,,OBL,OBL,,OBL,OBL,OBL,OBL,Northern Water-Plantain
Allenrolfea occidentalis,,FACW,,,FACW,,,,FACW,,Iodinebush
Alliaria petiolata,FACU,FACU,,FACU,FACU,,FAC,FACU,FACU,FACU,Garlic-Mustard
Allium bisceptrum,,FACU,,,FACU,,,,FAC,,Aspen Onion
Allium canadense,FACU,,,FACU,FACU,,FACU,FACU,FACU,,Meadow Garlic
Allium cernuum,FACU,FACU,,FACU,UPL,,FACU,FACU,FACU,,Nodding Onion
Allium douglasii,,FAC,,,,,,,FAC,,Douglas' Onion
Allium geyeri,,FACU,,,FACU,,,,FACU,,Geyer's Onion
Allium hickmanii,,FACU,,,,,,,,,Hickman's Onion
Allium hyalinum,,FACU,,,,,,,FAC,,Glassy Onion
Allium lemmonii,,FACU,,,,,,,FACU,,Claybank Onion
Allium madidum,,OBL,,,,,,,OBL,,Swamp Onion
Allium schoenoprasum,FACU,FACW,,FACU,FACU,,FAC,FACU,FACW,FAC,Wild Chives
Allium tricoccum,FACU,,,FACU,FACU,,FACU,FACU,,,Ramp
Allium validum,,OBL,,,,,,,OBL,,Tall Swamp Onion
Allium vineale,FACU,FACU,,FACU,FACU,,FACU,FACU,FACU,UPL,Crow Garlic
Allolepis texana,,FAC,,,FAC,,,,,,Texas-Salt
Allophyllum gilioides,,FAC,,,,,,,FAC,,Dense False Gily-Flower
Almutaster pauciflorus,,FACW,,,FACW,,,,FACW,,Marsh-Aster
Alnus glutinosa,FACW,FACW,,FACW,FACW,,FACW,FACW,FACW,,European Alder
Alnus incana,FACU,FACW,,FACU,FACW,,FACW,FACW,FACW,FAC,Speckled Alder
Alnus maritima,OBL,,,OBL,OBL,,,,,,Seaside Alder
Alnus oblongifolia,,FACW,,,FACW,,,,FACW,,Arizona Alder
Alnus rhombifolia,,FACW,,,,,,,FACW,,White Alder
Alnus rubra,,FACW,,,,,,,FAC,FAC,Red Alder
Alnus serrulata,FACW,,,OBL,OBL,,OBL,OBL,,,Brookside Alder
Alnus viridis,,FACW,,FAC,FAC,,FAC,FAC,FACW,FAC,Sitka Alder
Alocasia cucullata,,,,,,FACU,,,,,Chinese Taro
Alocasia macrorrhizos,FACW,FACW,FACW,FACW,FACW,FAC,,,,,Giant Taro
Alopecurus aequalis,OBL,OBL,,OBL,OBL,,OBL,OBL,OBL,OBL,Short-Awn Meadow-Foxtail
Alopecurus arundinaceus,,FAC,,FACW,FACW,,FACW,,FAC,,Creeping Meadow-Foxtail
Alopecurus carolinianus,FACW,FACW,,FACW,FACW,,FACW,FACW,FACW,,Tufted Meadow-Foxtail
Alopecurus geniculatus,OBL,OBL,,OBL,OBL,,OBL,OBL,OBL,OBL,Marsh Meadow-Foxtail
Alopecurus magellanicus,,FACW,,,FACW,,,,FACW,FACW,Alpine Meadow-Foxtail
Alopecurus myosuroides,FACW,FACW,,FACW,FACW,,FACW,FACW,FACW,,Slender Meadow-Foxtail
Alopecurus pratensis,FAC,FACW,,FACW,FACW,,FACW,FAC,FAC,FACW,Field Meadow-Foxtail
Alopecurus saccatus,,OBL,,,,,,,FACW,,Pacific Meadow-Foxtail
Alophia drummondii,FACU,,,FACU,FACU,,,,,,Propeller-Flower
Alpinia purpurata,,,UPL,,,FACU,,,,,Red-Ginger
Alpinia zerumbet,UPL,,FACU,,,FACU,,,,,Shellplant
Alsophila amintae,,,FACW,,,,,,,,Forest Alsophila
Alsophila brooksii,,,FAC,,,,,,,,Brooks' Alsophila
Alsophila bryophila,,,FACW,,,,,,,,Helecho-Gigante-de-la-Sierra
Alsophila portoricensis,,,FACW,,,,,,,,Puerto Rico Alsophila
Alternanthera ficoidea,FACU,,FACU,,FACU,FACU,,,,,Sanguinaria
Alternanthera maritima,FACW,,,,,,,,,,Seaside Joyweed
Alternanthera paronychioides,OBL,,FAC,OBL,OBL,,,,,,Smooth Joyweed
Alternanthera philoxeroides,OBL,OBL,OBL,OBL,OBL,,OBL,,OBL,,Alligator-Weed
Alternanthera sessilis,OBL,,FAC,FAC,,FAC,,,,,Sessile Joyweed
Althaea officinalis,FACW,,,FACW,FACW,,FACW,FAC,,,Common Marsh-Mallow
Alysicarpus vaginalis,FAC,,FAC,,,UPL,,,,,White Moneywort
Alyxia stellata,,,,,,FACU,,,,,Maile
Amaranthus X texensis,,,,,FACW,,,,,,_?_
Amaranthus acanthochiton,FACU,FACU,,,FACU,,,,FACU,,Greenstripe
Amaranthus albus,FACU,FACU,,FACU,FACU,,FACU,FACU,FACU,FACU,Tumbleweed
Amaranthus arenicola,FACU,FACU,,UPL,FACU,,FACU,FACU,FAC,,Sandhill Amaranth
Amaranthus australis,OBL,,OBL,OBL,OBL,,,,,,Southern Amaranth
Amaranthus blitoides,FAC,FACU,,FAC,FAC,UPL,FACU,FACU,FAC,UPL,Mat Amaranth
Amaranthus blitum,FACU,FAC,UPL,FACU,FACU,FACU,FAC,FACU,FACU,,Purple Amaranth
Amaranthus californicus,,FACW,,,FACW,,FACW,,FACW,,California Amaranth
Amaranthus cannabinus,OBL,,,OBL,,,,OBL,,,Tidal-Marsh Amaranth
Amaranthus crassipes,FAC,FAC,FACU,FAC,FAC,,,FAC,FAC,,Spreading Amaranth
Amaranthus floridanus,OBL,,,,,,,,,,Florida Amaranth
Amaranthus graecizans,FACU,,,FACU,,,,FACU,,,Italian-Spinach
Amaranthus greggii,FAC,,,,FAC,,,,,,Josiah Amaranth
Amaranthus obcordatus,,FACU,,,FACU,,,,FACU,,Trans-Pecos Amaranth
Amaranthus palmeri,FACU,FACU,,FACU,FACU,,FACU,FACU,FACU,,Careless Weed
Amaranthus pumilus,FACW,,,FACW,,,,FACW,,,Seaside Amaranth
Amaranthus retroflexus,FAC,FACU,,FACU,FACU,UPL,FACU,FACU,FACU,UPL,Red-Root
Amaranthus spinosus,FACU,FACU,FACU,FACU,FACU,FACU,FACU,FACU,FACU,,Spiny Amaranth
Amaranthus tricolor,UPL,,UPL,UPL,,,UPL,FACU,,,Joseph's-Coat
Amaranthus tuberculatus,FACW,FACW,,FACW,FAC,,OBL,OBL,OBL,,Rough-Fruit Amaranth
Amaranthus viridis,FAC,FAC,UPL,FAC,FAC,FACU,FAC,FACU,FAC,,Slender Amaranth
Amaranthus watsonii,,FACW,,,,,,,,,Watson's Amaranth
Amauropelta globulifera,,,,,,FACU,,,,,Globular Hawaii Little-Shield Fern
Amblyopappus pusillus,,FACW,,,,,,,,,Dwarf Coastweed
Ambrosia artemisiifolia,FACU,FACU,,FACU,FACU,UPL,FACU,FACU,FACU,FACU,Annual Ragweed
Ambrosia grayi,,,,,FAC,,,,FAC,,Woolly-Leaf Burr-Ragweed
Ambrosia monogyra,,UPL,,,FACU,,,,UPL,,Needle-Leaf Burrobush
Ambrosia psilostachya,FAC,FACU,,FAC,FACU,,FACU,FAC,FACU,,Perennial Ragweed
Ambrosia pumila,,FACU,,,,,,,,,Dwarf Burr-Ragweed
Ambrosia trifida,FAC,FAC,,FAC,FAC,,FAC,FAC,FAC,FAC,Great Ragweed
Amelanchier alnifolia,,FACU,,,FACU,,FACU,FACU,FACU,UPL,Saskatoon Service-Berry
Amelanchier arborea,FACU,FACU,,FAC,FACU,,FACU,FACU,,,Downy Service-Berry
Amelanchier bartramiana,,,,FAC,,,,FAC,,,Oblong-Fruit Service-Berry
Amelanchier canadensis,FAC,,,FAC,,,,FAC,,,Canadian Service-Berry
Amelanchier cusickii,,FACU,,,,,,,FACU,,Cusick's Service-Berry
Amelanchier intermedia,FACW,,,FACW,FACW,,FACW,FACW,,,Intermediate Service-Berry
Amelanchier nantucketensis,FACU,,,FACU,,,,FACU,,,Nantucket Service-Berry
Amelanchier spicata,FACU,,,FACU,FACU,,FACU,FACU,,,Running Service-Berry
Amelanchier utahensis,,FACU,,,FAC,,,,UPL,,Utah Service-Berry
Amianthium muscitoxicum,FAC,,,FAC,,,FAC,FAC,,,Flypoison
Ammannia auriculata,OBL,OBL,OBL,OBL,OBL,,OBL,,OBL,,Eared Redstem
Ammannia baccifera,,,FACW,,,,,,,,Monarch Redstem
Ammannia coccinea,OBL,OBL,OBL,OBL,OBL,OBL,OBL,OBL,OBL,,Valley Redstem
Ammannia latifolia,OBL,,OBL,OBL,OBL,,,OBL,,,Pink Redstem
Ammannia robusta,OBL,OBL,,OBL,OBL,,OBL,OBL,OBL,,Grand Redstem
Ammophila arenaria,FACU,FACU,,,,FACU,FACU,FACU,FACU,,European Beach Grass
Ammophila breviligulata,UPL,FACU,,FACU,,,UPL,UPL,UPL,,American Beach Grass
Ammoselinum butleri,FAC,,,FAC,FAC,,FAC,,,,Butler's Sand-Parsley
Amorpha californica,,FAC,,,,,,,FACU,,California Indigo-Bush
Amorpha confusa,FACU,,,,,,,,,,Carolina Indigo-Bush
Amorpha fruticosa,FACW,FACW,,FACW,FACW,,FACW,FACW,FACW,,False Indigo-Bush
Amorpha georgiana,FACW,,,FACW,,,,,,,Georgia Indigo-Bush
Amorpha herbacea,FAC,,,FAC,,,,,,,Cluster-Spike Indigo-Bush
Amorpha nana,,FACU,,,UPL,,FACU,FACU,FACU,,Fragrant Indigo-Bush
Amorpha nitens,FAC,,,FAC,,,FACW,,,,Shining Indigo-Bush
Amorpha paniculata,FACW,,,FACW,FACW,,,,,,Panicled Indigo-Bush
Amorpha roemeriana,FACU,,,,FACU,,,,,,Roemer's Indigo-Bush
Ampelaster carolinianus,OBL,,,FACW,,,,,,,Climbing-Aster
Ampelopsis arborea,FAC,FAC,FAC,FACW,FAC,,FACW,FACW,FAC,,Peppervine
Ampelopsis cordata,FAC,FAC,,FAC,FAC,,FAC,FAC,,,Heart-Leaf Peppervine
Amphicarpaea bracteata,FAC,FACW,,FAC,FACU,,FAC,FAC,FACU,,American Hog-Peanut
Amphicarpum amphicarpon,FACW,,,FACW,,,,FACW,,,Blue Maiden-Cane
Amphicarpum muehlenbergianum,FACW,,,FACW,,,,,,,Perennial Goober Grass
Amphitecna latifolia,FACU,,FAC,,,,,,,,Black-Calabash
Amsinckia spectabilis,,FACU,,,,,FACU,FACU,FACU,,Woolly-Breeches
Amsonia ludoviciana,FAC,,,FAC,,,,,,,Louisiana Bluestar
Amsonia rigida,FACW,,,,,,,,,,Stiff Bluestar
Amsonia tabernaemontana,FACW,,,FAC,FACW,,FACW,FACW,,,Eastern Bluestar
Amyris elemifera,FAC,,UPL,,,,,,,,Smooth Torchwood
Anacardium occidentale,,,FACU,,,,,,,,Cashewnut
Anaphalis margaritacea,UPL,FACU,,UPL,FACU,,FACU,FACU,FACU,UPL,Pearly-Everlasting
Andira inermis,FAC,,FAC,,,,,,,,Cabbagebark-Tree
Andromeda polifolia,,OBL,,OBL,OBL,,OBL,OBL,OBL,FACW,Bog-Rosemary
Andropogon arctatus,FAC,,,,,,,,,,Pinewoods Bluestem
Andropogon bicornis,FAC,,FAC,,,FAC,,,,,Barbas-de-Indio
Andropogon brachystachyus,FAC,,,,,,,,,,Short-Spike Bluestem
Andropogon capillipes,FAC,,,FACU,,,,,,,Chalky Bluestem
Andropogon floridanus,FACU,,,,,,,,,,Florida Bluestem
Andropogon gerardii,FAC,FACU,,FAC,FACU,,FAC,FACU,FACU,,Big Bluestem
Andropogon glaucopsis,FACW,,,FACW,,,,,,,Coastal Bluestem
Andropogon glomeratus,FACW,FACW,FAC,FACW,FACW,FAC,FACW,FACW,FACW,,Bushy Bluestem
Andropogon gracilis,FAC,,UPL,,,,,,,,Wiry Bluestem
Andropogon gyrans,FACU,,,FACU,FACU,,FACU,,,,Elliott's Bluestem
Andropogon hirsutior,FACW,,,FACW,FACW,,,FACW,,,_?_
Andropogon leucostachyus,,,FAC,,,,,,,,Matojillo
Andropogon longiberbis,FAC,,,,,,,,,,Long-Beard Bluestem
Andropogon mohrii,FACW,,,FACW,,,,,,,Mohr's Bluestem
Andropogon ternarius,FACU,,,FACU,FACU,,FACU,,,,Split-Beard Bluestem
Andropogon virginicus,FAC,FAC,FAC,FACU,FACU,FACU,FACU,FACU,FAC,,Broom-Sedge
Androsace chamaejasme,,FACU,,,FACU,,,,FACU,FACU,Sweet-Flower Rock-Jasmine
Androsace filiformis,,FACW,,,,,,,FACW,,Slender-Stem Rock-Jasmine
Androsace occidentalis,FACU,FACU,,FACU,FACU,,FACU,UPL,FACU,,Western Rock-Jasmine
Androsace septentrionalis,,FACU,,,FACU,,,FAC,FACU,UPL,Pygmy-Flower Rock-Jasmine
Anemone canadensis,FAC,FAC,,FACW,FACW,,FACW,FACW,FAC,,Round-Leaf Thimbleweed
Anemone hupehensis,,,,,,FAC,,,,,Japanese Thimbleweed
Anemone narcissiflora,,FAC,,,FAC,,,,FAC,FACU,Narcissus-Flower Thimbleweed
Anemone oregana,,FACU,,,,,,,FACU,,Blue Windflower
Anemone parviflora,,FACW,,,FACU,,,,FACW,FACU,Small-Flower Thimbleweed
Anemone piperi,,FACU,,,,,,,FACU,,Piper's Windflower
Anemone quinquefolia,FACU,,,FACU,FAC,,FAC,FACU,,,Nightcaps
Anemone richardsonii,,,,,,,,,,FAC,Yellow Thimbleweed
Anemone virginiana,FACU,,,FACU,FACU,,FACU,FACU,FACU,,Tall Thimbleweed
Anemopsis californica,,OBL,,,FACW,,,,OBL,,Yerba-Mansa
Angadenia berteroi,FACW,,,,,,,,,,Pineland-Golden-Trumpet
Angelica ampla,,FACW,,,FACW,,,,FACW,,Giant Angelica
Angelica arguta,,FACW,,,,,,,FACW,,Lyall's Angelica
Angelica atropurpurea,OBL,,,OBL,,,OBL,OBL,,,Purple-Stem Angelica
Angelica dawsonii,,FACW,,,,,,,FACW,,Dawson's Angelica
Angelica genuflexa,,FACW,,,,,,,FACW,FACW,Kneeling Angelica
Angelica kingii,,FACW,,,,,,,FACW,,Basin Angelica
Angelica lucida,,FAC,,FAC,,,,FAC,FAC,FACU,Seacoast Angelica
Angelica pinnata,,FACW,,,FACW,,,,FACW,,Small-Leaf Angelica
Angiopteris evecta,,,,,,FAC,,,,,Mule's-Foot Fern
Aniba bracteata,,,FAC,,,,,,,,Canelillo
Aniseia martinicensis,FAC,,OBL,,,,,,,,Whitejacket
Annona glabra,OBL,,OBL,,,OBL,,,,,Pond-Apple
Annona muricata,,,UPL,,,UPL,,,,,Soursop
Anoda cristata,FAC,FAC,UPL,UPL,FAC,,FAC,FAC,FAC,,Crested Anoda
Anoectochilus sandvicensis,,,,,,FACW,,,,,Hawaii Jeweled Orchid
Antennaria alpina,,FACU,,,,,,,FACU,FACU,Alpine Pussytoes
Antennaria arcuata,,FACW,,,,,,,FACW,,Meadow Pussytoes
Antennaria corymbosa,,FAC,,,,,,,FAC,,Flat-Top Pussytoes
Antennaria media,,FAC,,,,,,,FAC,,Rocky Mountain Pussytoes
Antennaria neglecta,UPL,FACU,,UPL,FACU,,UPL,UPL,FACU,,Field Pussytoes
Antennaria pulchella,,FAC,,,,,,,FAC,,Sierran Pussytoes
Antennaria pulcherrima,,FACU,,,,,,,FAC,FAC,Showy Pussytoes
Antennaria umbrinella,,FACU,,,FACU,,,,FACU,,Brown-Bract Pussytoes
Anthemis cotula,FACU,FACU,,FACU,FACU,UPL,FACU,FACU,FACU,FACU,Stinking Chamomile
Anthenantia rufa,FACW,,,FACU,FACU,,,,,,Purple Silkyscale
Anthoxanthum arcticum,,,,,,,,,,FACW,Arctic Sweet Vernal Grass
Anthoxanthum hirtum,FACW,FACW,,FACW,FACW,,FACW,FACW,FACW,FACW,Northern Sweet Vernal Grass
Anthoxanthum odoratum,FACU,FAC,,FACU,FAC,UPL,FACU,FACU,FACU,FACU,Large Sweet Vernal Grass
Anthurium dominicense,,,FAC,,,,,,,,Lengua-de-Vaca
Anticlea elegans,,FACU,,FAC,FACW,,FAC,FACW,FACU,FACU,Mountain False Deathcamas
Anticlea occidentalis,,FACW,,,FACW,,,,FAC,,Western False Deathcamas
Anticlea vaginata,,FAC,,,,,,,FAC,,Sheathed False Deathcamas
Anticlea virescens,,FACU,,,FAC,,,,FAC,,Green False Deathcamas
Antidesma platyphyllum,,,,,,FACU,,,,,Ha'a
Antigonon leptopus,FAC,FAC,UPL,FACU,FAC,FACU,,,,,Queen's-Jewels
Antirhea obtusifolia,,,FACW,,,,,,,,Quina-Roja
Aphragmus eschscholtzianus,,,,,,,,,,FACW,Aleutian-Cress
Apiastrum angustifolium,,UPL,,,,,,,FACU,,Mock Parsley
Apios americana,FACW,,,FACW,FAC,,FACW,FACW,FACW,,Groundnut
Apios priceana,FACU,,,FACU,,,FACU,,,,Traveler's Delight
Aplectrum hyemale,FAC,FAC,,FAC,FAC,,FAC,FAC,FAC,,Adam-and-Eve
Apocynum androsaemifolium,UPL,UPL,,FACU,UPL,,UPL,UPL,FACU,UPL,Spreading Dogbane
Apocynum cannabinum,FACU,FAC,,FACU,FAC,,FAC,FAC,FAC,,Indian-Hemp
Aponogeton distachyos,,OBL,,,,,,,OBL,,Cape-Pondweed
Apteria aphylla,FACW,,FAC,,,,,,,,Nodding-Nixie
Aquilegia caerulea,,FACU,,,,,,,FAC,,Colorado Blue Columbine
Aquilegia canadensis,FACU,,,FAC,FAC,,FACU,FACU,FAC,,Red Columbine
Aquilegia chrysantha,,FAC,,,FACW,,,,FAC,,Golden Columbine
Aquilegia eximia,,OBL,,,,,,,OBL,,Van Houtte's Columbine
Aquilegia formosa,,FAC,,,,,,,FAC,FACU,Crimson Columbine
Aquilegia longissima,,FACW,,,FACW,,,,,,Long-Spur Columbine
Arabidopsis lyrata,FACU,FACU,,FACU,,,FACU,FACU,FACU,FACU,Lyre-Leaf Thalecress
Arabis alpina,FAC,,,FAC,,,FAC,FAC,FAC,,Alpine Eared Rockcress
Arabis crucisetosa,,FAC,,,,,,,FAC,,Cross-Hair Eared Rockcress
Arabis eschscholtziana,,FACU,,,FACU,,FACU,FACU,FACU,FACU,Pacific-Coast Eared Rockcress
Arabis pycnocarpa,FACU,FACU,,FACU,FACU,,FACU,FACU,FACU,FACU,Hairy Eared Rockcress
Arachniodes insularis,,,,,,FACU,,,,,Santa Cruz Island Holly Fern
Aralia californica,,FACW,,,,,,,FAC,,California Spikenard
Aralia nudicaulis,FACU,FACU,,FACU,FACU,,FACU,FACU,FACU,,Wild Sarsaparilla
Aralia racemosa,FACU,FAC,,FACU,FACU,,FACU,FACU,FAC,,American Spikenard
Aralia spinosa,FAC,,,FAC,FACU,,FACW,FAC,,,Devil's-Walkingstick
Arctagrostis latifolia,,,,,,,,,,FACW,Broad-Leaf Arctic-Bent
Arctanthemum arcticum,,,,,,,,OBL,,FACW,Arctic Daisy
Arctium minus,UPL,FACU,,FACU,FACU,,FACU,FACU,UPL,,Lesser Burrdock
Arctophila fulva,,,,,,,,,,OBL,Pendant Grass
Arctostaphylos uva-ursi,UPL,FACU,,UPL,UPL,,UPL,UPL,FACU,UPL,Red Bearberry
Arctous alpinus,,,,,,,,FAC,,FACU,Black Torpedoberry
Arctous ruber,,FAC,,,,,,,FAC,FAC,Red Torpedoberry
Ardisia crenata,FAC,,,,,FACU,,,,,Hen's-Eyes
Ardisia elliptica,FAC,,UPL,,,FACU,,,,,Shoebutton
Ardisia glauciflora,,,OBL,,,,,,,,Ausubon
Ardisia luquillensis,,,FAC,,,,,,,,Mountain Marl-Berry
Areca catechu,,,,,,FAC,,,,,_?_
Arenaria lanuginosa,FAC,FACU,,FAC,FACU,,,,FACU,,Spreading Sandwort
Arenaria paludicola,,OBL,,,,,,,OBL,,Marsh Sandwort
Arenaria serpyllifolia,UPL,FACU,,FAC,FACU,UPL,FAC,FAC,FACU,,Thyme-Leaf Sandwort
Arethusa bulbosa,OBL,,,OBL,OBL,,OBL,OBL,,,Dragon's-Mouth
Argusia gnaphalodes,FACU,,FACU,,,,,,,,Sea-Rosemary
Argyroxiphium caliginis,,,,,,OBL,,,,,Eke Silversword
Argyroxiphium grayanum,,,,,,OBL,,,,,Maui Greensword
Argyroxiphium kauense,,,,,,FACW,,,,,Kau Silversword
Arida arizonica,,FACU,,,,,,,FACU,,Common Desert Tansy-Aster
Arida carnosa,,OBL,,,,,,,OBL,,Shrubby Alkali Desert Tansy-Aster
Arisaema dracontium,FACW,,,FACW,FACW,,FACW,FACW,,,Greendragon
Arisaema triphyllum,FACW,,,FACW,FAC,,FACW,FAC,,,Jack-in-the-Pulpit
Aristea gerrardii,,,,,,FACU,,,,,Gerrard's Aristea
Aristida beyrichiana,FAC,,,UPL,,,,,,,Beyrich's Three-Awn
Aristida dichotoma,FACU,FACU,,UPL,FACU,,FACU,FACU,UPL,,Church-Mouse Three-Awn
Aristida longespica,FACU,,,UPL,FACU,,FACU,FACU,,,Red Three-Awn
Aristida palustris,FACW,,,,,,,,,,Three-Awn
Aristida patula,FAC,,,,,,,,,,Tall Three-Awn
Aristida purpurascens,UPL,,,FAC,UPL,,FACU,UPL,,,Arrow-Feather Three-Awn
Aristida rhizomophora,FACW,,,,,,,,,,Florida Three-Awn
Aristida simpliciflora,FAC,,,,,,,,,,Southern Three-Awn
Aristida spiciformis,FAC,,FACU,FAC,FAC,,,,,,Bottlebrush Three-Awn
Aristida stricta,FAC,,,FAC,,,,,,,Pineland Three-Awn
Aristolochia elegans,UPL,,UPL,,,FACU,,,,,Elegant Dutchman's-Pipe
Aristolochia trilobata,,,FACW,,,,,,,,Bejuco-de-Santiago
Arivela viscosa,UPL,,FACU,UPL,,,,FACU,,,Tickweed
Armeria maritima,,FACU,,FACU,,,,FACU,FAC,FACU,Sea Thrift
Arnica acaulis,UPL,,,FACU,,,,,,,Common Leopardbane
Arnica chamissonis,,FACW,,,FACW,,,,FACW,FACW,Leafy Leopardbane
Arnica fulgens,,FACU,,,UPL,,,,UPL,,Shining Leopardbane
Arnica lanceolata,,FACW,,,FAC,,,FAC,FACW,FAC,Lance-Leaf Leopardbane
Arnica latifolia,,FAC,,,FAC,,,,FAC,FAC,Daffodil Leopardbane
Arnica longifolia,,FACW,,,FACW,,,,FACW,,Spear-Leaf Leopardbane
Arnica mollis,,FAC,,,FAC,,,FAC,FAC,FACW,Cordilleran Leopardbane
Arnica ovata,,FACW,,,FACW,,,,FACW,FACW,Sticky-Leaf Leopardbane
Arnoglossum diversifolium,FACW,,,,,,,,,,Variable-Leaf Indian-Plantain
Arnoglossum ovatum,FACW,,,FAC,FAC,,,,,,Egg-Leaf Indian-Plantain
Arnoglossum plantagineum,FACU,,,FACW,FAC,,FAC,FAC,,,Groove-Stem Indian-Plantain
Arnoglossum sulcatum,OBL,,,,,,,,,,Georgia Indian-Plantain
Aronia arbutifolia,FACW,,,FACW,FACW,,FACW,FACW,,,Red Chokeberry
Aronia melanocarpa,FAC,,,FAC,OBL,,FACW,FAC,FACW,,Black Chokeberry
Aronia prunifolia,FACW,,,FACW,,,FACW,FACW,,,Purple Chokeberry
Arrhenatherum elatius,FACU,UPL,,FACU,FACU,UPL,FACU,FACU,UPL,UPL,Tall Oat Grass
Artemisia annua,FACU,UPL,,FACU,FACU,,FACU,FACU,UPL,,Annual Wormwood
Artemisia biennis,FACU,FACW,,FACU,FACU,,FACW,FACW,FACW,FAC,Biennial Wormwood
Artemisia campestris,UPL,UPL,,UPL,UPL,,UPL,UPL,FACU,UPL,Pacific Wormwood
Artemisia cana,,FACU,,,FACU,,FACU,,FACU,FACU,Coaltown Sagebrush
Artemisia douglasiana,,FAC,,,,,,,FACW,,Douglas' Wormwood
Artemisia dracunculus,,FACU,,,,,,,FACU,,Chicken-Sage
Artemisia ludoviciana,UPL,FACU,,UPL,UPL,,UPL,UPL,FACU,FACU,White Sagebrush
Artemisia norvegica,,FACU,,,FACW,,,,FACU,FACU,Boreal Sagebrush
Artemisia papposa,,FACU,,,,,,,FACU,,Fuzzy Sagebrush
Artemisia potentilloides,,FAC,,,,,,,FAC,,Five-Finger Chicken-Sage
Artemisia stelleriana,FACU,,,FACU,,UPL,FACU,FACU,FACU,UPL,Oldwoman
Artemisia suksdorfii,,FACU,,,,,,,FACU,,Coastal Wormwood
Artemisia tilesii,,FACU,,,FACU,,,,FACU,FACU,Tilesius' Wormwood
Artemisia vulgaris,UPL,UPL,,UPL,UPL,FACU,UPL,UPL,UPL,UPL,Common Wormwood
Arthraxon hispidus,FAC,,,FAC,FACU,FACU,FACW,FACW,FAC,,Small Carp Grass
Arthrocnemum subterminale,,FACW,,,,,,,OBL,,Parish's Glasswort
Arthrostemma ciliatum,,,,,,FAC,,,,,Pinkfringe
Arthrostylidium multispicatum,,,FAC,,,,,,,,Woodland Climbing Bamboo
Arthrostylidium sarmentosum,,,FAC,,,,,,,,Forest Climbing Bamboo
Aruncus dioicus,FACU,FACU,,FACU,,,FACU,FACU,FACU,UPL,Bride's-Feathers
Arundina graminifolia,,,FACU,,,FACU,,,,,Bamboo Orchid
Arundinaria gigantea,FACW,,,FACW,FACW,,FACW,,,,Giant Cane
Arundinaria tecta,FACW,,,FACW,,,,FACW,,,Switch Cane
Arundo donax,FAC,FACW,FAC,FACU,FAC,FAC,FACW,,FACW,,Giant-Reed
Asarum canadense,UPL,,,FACU,FACU,,FACU,UPL,,,Canadian Wild Ginger
Asarum caudatum,,FAC,,,,,,,FACU,,Long-Tail Wild Ginger
Asarum lemmonii,,OBL,,,,,,,OBL,,Lemmon's Wild Ginger
Asclepias connivens,OBL,,,,,,,,,,Large-Flower Milkweed
Asclepias curassavica,FAC,FAC,FACU,FAC,FAC,UPL,,,,,Bloodflower
Asclepias exaltata,UPL,,,FACU,FAC,,UPL,UPL,,,Poke Milkweed
Asclepias fascicularis,,FAC,,,,,,,FAC,,Narrow-Leaf Milkweed
Asclepias incarnata,OBL,OBL,,OBL,FACW,,OBL,OBL,OBL,,Swamp Milkweed
Asclepias lanceolata,OBL,,,OBL,,,,,,,Few-Flower Milkweed
Asclepias longifolia,FAC,,,FAC,FAC,,UPL,UPL,,,Long-Leaf Milkweed
Asclepias meadii,,,,FACU,,,,FACU,,,Mead's Milkweed
Asclepias michauxii,FAC,,,FAC,,,,,,,Michaux's Milkweed
Asclepias oenotheroides,FACU,FACU,,,FACU,,,,FACU,,Zizotes Milkweed
Asclepias pedicellata,FACW,,,,,,,,,,Savannah Milkweed
Asclepias perennis,OBL,,,OBL,OBL,,OBL,OBL,,,Aquatic Milkweed
Asclepias prostrata,,,,,FAC,,,,,,Prostrate Milkweed
Asclepias pumila,,UPL,,,UPL,,FACU,,UPL,,Low Milkweed
Asclepias purpurascens,FACU,,,FACU,FACU,,FACU,FACU,,,Purple Milkweed
Asclepias rubra,OBL,,,OBL,OBL,,,OBL,,,Red Milkweed
Asclepias speciosa,FAC,FAC,,FAC,FAC,,FAC,FAC,FAC,,Showy Milkweed
Asclepias subverticillata,FACU,FACU,,,FACU,,FACU,,UPL,,Horsetail Milkweed
Asclepias sullivantii,,,,FAC,FAC,,FAC,FAC,,,Prairie Milkweed
Asclepias syriaca,UPL,FACU,,FACU,UPL,,FACU,UPL,FACU,,Common Milkweed
Asclepias texana,,FACU,,,FACU,,,,,,Texas Milkweed
Asclepias variegata,FACU,,,FACU,FACU,,FACU,FACU,,,Red-Ring Milkweed
Asclepias verticillata,FACU,FACU,,FACU,FACU,,FACU,UPL,FACU,,Whorled Milkweed
Asclepias viridula,FACW,,,FACW,,,,,,,Southern Milkweed
Asimina parviflora,FACU,,,UPL,FAC,,,,,,Small-Flower Pawpaw
Asimina pygmea,FACU,,,,,,,,,,Dwarf Pawpaw
Asimina reticulata,FACU,,,,,,,,,,Netted Pawpaw
Asimina triloba,FAC,,,FAC,FACU,,FAC,FAC,,,Common Pawpaw
Asparagus officinalis,FACU,FACU,,FACU,FACU,,FACU,FACU,FACU,,Asparagus
Asperugo procumbens,UPL,UPL,,UPL,UPL,,UPL,FACU,UPL,UPL,German-Madwort
Asplenium X flagrum,,,,,,FACU,,,,,_?_
Asplenium X kokeense,,,,,,FACU,,,,,_?_
Asplenium X sphenocookii,,,,,,FACU,,,,,_?_
Asplenium X waikomoi,,,,,,FACU,,,,,_?_
Asplenium abscissum,FACW,,FACW,FACW,,,,,,,Cut-Leaf Spleenwort
Asplenium acuminatum,,,,,,FACU,,,,,Taper-Tip Spleenwort
Asplenium adiantum-nigrum,,FACU,,,FACU,FACU,,,FACU,,Black Spleenwort
Asplenium aethiopicum,,,,,,FACU,,,,,Mexican Spleenwort
Asplenium auriculatum,,,FAC,,,,,,,,Tree-Trunk Spleenwort
Asplenium contiguum,,,,,,FACU,,,,,Forest Spleenwort
Asplenium cristatum,FAC,,FAC,,,,,,,,Parsley Spleenwort
Asplenium dentatum,FACU,,UPL,,,,,,,,Toothed Spleenwort
Asplenium excisum,,,,,,FACU,,,,,One-Sided Spleenwort
Asplenium formosum,,,FACW,,,,,,,,Showy Spleenwort
Asplenium heterochroum,FAC,,UPL,,,,,,,,Bicolored Spleenwort
Asplenium hobdyi,,,,,,FACU,,,,,Hobdy's Spleenwort
Asplenium horridum,,,,,,FACU,,,,,Lacy Spleenwort
Asplenium insiticium,,,UPL,,,FACU,,,,,Royal Spleenwort
Asplenium juglandifolium,,,FAC,,,,,,,,Walnut Spleenwort
Asplenium laetum,,,FACW,,,,,,,,Brown-Stem Spleenwort
Asplenium lobulatum,,,,,,FACU,,,,,Piipiilau Manamana
Asplenium macraei,,,,,,FACU,,,,,Macrae's Spleenwort
Asplenium normale,,,,,,FACU,,,,,Rain-Forest Spleenwort
Asplenium obtusifolium,,,OBL,,,,,,,,Blunt-Leaf Spleenwort
Asplenium ocoense,,,FAC,,,,,,,,Rockledge Spleenwort
Asplenium platyneuron,FACU,FACU,,FACU,FACU,,FACU,FACU,FACU,,Ebony Spleenwort
Asplenium polyodon,,,,,,FACU,,,,,Birdnest Fern
Asplenium pteropus,,,FACU,,,,,,,,West Indian Spleenwort
Asplenium pumilum,FAC,,UPL,,,,,,,,Dwarf Spleenwort
Asplenium schizophyllum,,,,,,FACU,,,,,Fringed Spleenwort
Asplenium scolopendrium,,,,FACU,,,,UPL,,,Hart's Tonguefern
Asplenium sphenotomum,,,,,,FACU,,,,,_?_
Asplenium trichomanes,FAC,FAC,,FAC,FAC,UPL,UPL,UPL,FAC,FAC,Maidenhair Spleenwort
Asplenium unilaterale,,,,,,FACU,,,,,Pamohe
Asplenium uniseriale,,,FAC,,,,,,,,Shiny-Stem Spleenwort
Astelia menziesiana,,,,,,FACW,,,,,Pua'akuhinia
Astelia waialealae,,,,,,OBL,,,,,Kauai Pa'iniu
Astilbe biternata,,,,FACU,,,,,,,Appalachian False Goat's-Beard
Astragalus agrestis,,FAC,,,FACU,,FACW,FACW,FACW,,Cock's-Head
Astragalus alpinus,,FAC,,,FAC,,,FAC,FACU,FAC,Alpine Milk-Vetch
Astragalus americanus,,FAC,,,FAC,,,,FAC,FAC,American Milk-Vetch
Astragalus argophyllus,,FACW,,,FACW,,,,FACW,,Silver-Leaf Milk-Vetch
Astragalus bodinii,,FACW,,,FAC,,,,FACW,FAC,Bodin's Milk-Vetch
Astragalus canadensis,FAC,FAC,,FAC,FAC,,FAC,FAC,FACW,,Canadian Milk-Vetch
Astragalus clevelandii,,FAC,,,,,,,FACW,,Cleveland's Milk-Vetch
Astragalus diaphanus,,FACU,,,,,,,FACU,,Transparent Milk-Vetch
Astragalus diphysus,UPL,UPL,,,UPL,,,,FACU,,Speckle-Pod Milk-Vetch
Astragalus diversifolius,,FAC,,,,,,,,,Meadow Milkvetch
Astragalus eucosmus,,FACU,,,FACU,,,FACU,FACU,UPL,Elegant Milk-Vetch
Astragalus hornii,,FAC,,,,,,,FAC,,Horn's Milk-Vetch
Astragalus lemmonii,,FACW,,,,,,,FACW,,Lemmon's Milk-Vetch
Astragalus lentiginosus,,UPL,,,FACU,,,,UPL,,Freckled Milk-Vetch
Astragalus leptaleus,,OBL,,,OBL,,,,OBL,,Park Milk-Vetch
Astragalus limnocharis,,OBL,,,,,,,OBL,,Cedar-Breaks Milk-Vetch
Astragalus neglectus,,,,FACU,UPL,,FACU,FACU,,,Cooper's Milk-Vetch
Astragalus nutzotinensis,,,,,,,,,,FAC,Nutzotin Milk-Vetch
Astragalus phoenix,,FACU,,,,,,,,,Ash Meadows Milk-Vetch
Astragalus polaris,,,,,,,,,,FAC,Polar Milk-Vetch
Astragalus pycnostachyus,,OBL,,,,,,,OBL,,Marsh Milk-Vetch
Astragalus robbinsii,,FAC,,,FAC,,,UPL,FAC,FAC,Robbins' Milk-Vetch
Astragalus tener,,FACW,,,,,,,FACW,,Alkali Milk-Vetch
Asystasia gangetica,UPL,,UPL,,,FACU,,,,,Chinese-Violet
Athyrium americanum,,FAC,,,FAC,,,,FAC,FAC,American Alpine Lady Fern
Athyrium angustum,FAC,FAC,,FAC,FAC,,FAC,FAC,FAC,,Northern Lady Fern
Athyrium asplenioides,FAC,,,FAC,FAC,,FAC,FAC,,,Southern Lady Fern
Athyrium cyclosorum,,FAC,,,FAC,,,,FAC,FAC,Western Lady Fern
Athyrium microphyllum,,,,,,FAC,,,,,Akolea
Atriplex alaskensis,,,,,,,,,FACU,FACW,Alaska Orache
Atriplex amnicola,,FAC,,,,,,,,,Swamp Saltbush
Atriplex argentea,,FAC,,FAC,FAC,,FAC,FAC,FAC,,Silverscale
Atriplex bonnevillensis,,FACW,,,,,,,FACW,,Bonneville Saltbush
Atriplex cordulata,,FAC,,,,,,,FAC,,Heartscale
Atriplex coronata,,FACW,,,,,,,FACW,,Crown Saltbush
Atriplex coulteri,,FACU,,,,,,,,,Coulter's Saltbush
Atriplex depressa,,FAC,,,,,,,FAC,,Rhomboid-Bract Saltbush
Atriplex dioica,FAC,FAC,,FAC,FAC,,FACU,FAC,UPL,,Saline Saltbush
Atriplex fruticulosa,,FACW,,,,,,,FACW,,Ball Saltbush
Atriplex glabriuscula,FACU,,,FACU,FACU,,FACU,FACU,,,Scotland Orache
Atriplex gmelinii,,FACW,,,,,,,FACW,FACW,Gmelin's Saltbush
Atriplex griffithsii,,FACU,,,,,,,,,Griffiths' Saltbush
Atriplex hillmanii,,FACU,,,,,,,FACU,,Hillman's Silverscale
Atriplex hortensis,FAC,FAC,,FAC,FAC,,FAC,FAC,FAC,FACU,Garden Orache
Atriplex lentiformis,,FACU,,,,FAC,,,FAC,,Quailbush
Atriplex leucophylla,,FAC,,,,,,,FAC,,Beach Saltbush
Atriplex minuscula,,FACU,,,,,,,FACU,,Lesser Saltbush
Atriplex mucronata,FAC,FACU,FACU,FAC,FAC,,,FAC,,,Crested Saltbush
Atriplex pacifica,,FACU,,,,,,,,,Davidson's Saltbush
Atriplex parishii,,FAC,,,,,,,,,Brittlescale
Atriplex parryi,,FAC,,,,,,,FACW,,Parry's Saltbush
Atriplex patula,FACW,FACW,,FACW,FACW,,FACW,FACW,FACW,FACW,Halberd-Leaf Orache
Atriplex persistens,,FACW,,,,,,,FACW,,Sacramento Saltbush
Atriplex phyllostegia,,FACW,,,,,,,FACW,,Arrow Saltbush
Atriplex polycarpa,,FACU,,,,,,,FACU,,Cattle-Spinach
Atriplex prostrata,FACW,FACW,,FACW,FACW,,FAC,FAC,FAC,,Hastate Orache
Atriplex pusilla,,FAC,,,,,,,FAC,,Smooth Saltbush
Atriplex rosea,FACU,FACU,,FACU,FACU,,FACU,FACU,FACU,,Tumbling Orache
Atriplex semibaccata,FAC,FAC,,,FAC,FAC,,,FACW,,Australian Saltbush
Atriplex serenana,,FAC,,,,,,,FAC,,Bracted Saltbush
Atriplex spinifera,,FAC,,,,,,,FAC,,Spinescale
Atriplex suberecta,,FACU,,,,FACU,,,FACU,,Peregrine Saltbush
Atriplex torreyi,,FACU,,,,,,,FAC,,Torrey's Saltbush
Atriplex tridentata,,FACW,,,FACW,,,,FACW,,Basin Saltbush
Atriplex truncata,,FACU,,FACU,FAC,,FACU,,FACU,,Wedge-Leaf Orache
Atriplex tularensis,,FAC,,,,,,,FAC,,Bakersfield Saltbush
Atriplex vallicola,,FACW,,,,,,,FACW,,Lost Hills Saltbush
Atriplex watsonii,,FACW,,,,,,,,,Watson's Saltbush
Atriplex welshii,,FACU,,,,,,,FACU,,Welsh's Saltbush
Avena sativa,UPL,UPL,UPL,UPL,FACU,FAC,UPL,UPL,UPL,UPL,Oat
Avicennia germinans,OBL,,OBL,,OBL,,,,,,Black Mangrove
Avicennia marina,,OBL,,,,OBL,,,,,Gray Mangrove
Axonopus aureus,,,FAC,,,,,,,,Golden Carpet Grass
Axonopus compressus,FAC,FACW,FAC,FACW,FACW,FAC,,,FAC,,Broad-Leaf Carpet Grass
Axonopus fissifolius,FACW,FAC,FACU,FACW,FAC,FAC,,,,,Narrow-Leaf Carpet Grass
Axonopus furcatus,OBL,,,FACW,OBL,,,,,,Big Carpet Grass
Azolla cristata,,OBL,,,,,OBL,OBL,OBL,,Crested Mosquito Fern
Azolla filiculoides,OBL,OBL,,,,OBL,,,OBL,OBL,Large Mosquito Fern
Azolla microphylla,OBL,OBL,OBL,OBL,OBL,,OBL,OBL,OBL,,Mexican Mosquito Fern
Azolla pinnata,OBL,,,OBL,,,,,,,Asian Mosquito Fern
Baccharis angustifolia,FACW,,,,,,,,,,Saltwater False Willow
Baccharis dioica,FAC,,UPL,,,,,,,,Broombush False Willow
Baccharis glomeruliflora,FACW,,,FAC,,,,,,,Silverling
Baccharis glutinosa,,FACW,,,,,,,OBL,,Douglas' False Willow
Baccharis halimifolia,FAC,,,FACW,FAC,,,FACW,,,Groundseltree
Baccharis neglecta,FAC,FAC,,FAC,FAC,,FAC,,,,Roosevelt-Weed
Baccharis salicifolia,FACW,FAC,,,FACW,,,,FACW,,Mule's-Fat
Baccharis salicina,FAC,FACW,,FAC,FAC,,FAC,,FAC,,Great Plains False Willow
Baccharis sarothroides,,FACU,,,FAC,,,,FACU,,Rosinbush
Baccharis sergiloides,,FACU,,,,,,,FAC,,Squaw's False Willow
Baccharis wrightii,,FACU,,,FACU,,,,FACU,,Wright's False Willow
Bacopa caroliniana,OBL,,,OBL,OBL,,,,,,Blue Water-Hyssop
Bacopa egensis,OBL,,,,,,,,,,Brazilian Water-Hyssop
Bacopa eisenii,,OBL,,,,,,,OBL,,Gila River Water-Hyssop
Bacopa innominata,OBL,,OBL,OBL,,,,,,,Tropical Water-Hyssop
Bacopa monnieri,OBL,OBL,OBL,OBL,OBL,OBL,,,,,Herb-of-Grace
Bacopa repens,OBL,OBL,OBL,,OBL,,,,OBL,,Creeping Water-Hyssop
Bacopa rotundifolia,OBL,OBL,,OBL,OBL,,OBL,OBL,OBL,,Disk Water-Hyssop
Bacopa stricta,,,OBL,,,,,,,,Yerba-de-Culebra
Balduina atropurpurea,FACW,,,FACW,,,,,,,Purple-Disk Honeycomb-Head
Balduina uniflora,FACW,,,FACW,,,,,,,One-Flower Honeycomb-Head
Bambusa bambos,FACU,,,FACU,,,,,,,Giant Thorny Bamboo
Bambusa vulgaris,UPL,FACU,FACU,FACU,,FAC,,,,,Feathery Bamboo
Banara portoricensis,,,FACU,,,,,,,,Puerto Rico Palo-de-Ramon
Baptisia alba,FACU,,,FACU,FACU,,FACU,FACU,,,White Wild Indigo
Baptisia australis,FACU,,,FACU,UPL,,FACU,FACU,,,Blue Wild Indigo
Baptisia megacarpa,FAC,,,FAC,,,,,,,Apalachicola Wild Indigo
Barbarea orthoceras,,FACW,,,OBL,,OBL,OBL,FACW,FACW,American Yellow-Rocket
Barbarea vulgaris,FAC,FAC,,FACU,FACU,,FAC,FAC,FAC,FACU,Garden Yellow-Rocket
Barkleyanthus salicifolius,FAC,FAC,,,FAC,,,,FAC,,Barkley's-Ragwort
Barleria cristata,UPL,,UPL,,,FACU,,,,,Crested Philippine-Violet
Barringtonia asiatica,,,UPL,,,FACU,,,,,Sea Putat
Barringtonia racemosa,,,,,,FACW,,,,,Yu Rui
Bartonia paniculata,OBL,,,OBL,OBL,,OBL,OBL,,,Twining Screwstem
Bartonia verna,OBL,,,,,,,,,,White Screwstem
Bartonia virginica,FACW,,,FACW,,,FACW,FACW,,,Yellow Screwstem
Bassia hirsuta,OBL,OBL,,OBL,,,OBL,OBL,,,Hairy Smotherweed
Bassia hyssopifolia,FACU,FACU,,FACU,FACU,FACU,FACU,FACU,FACU,,Five-Horn Smotherweed
Bassia scoparia,FACU,FAC,,UPL,FACU,,FACU,FACU,FAC,,Mexican-Fireweed
Batis maritima,OBL,OBL,FACW,,OBL,OBL,,,,,Turtleweed
Beckmannia syzigachne,OBL,OBL,,OBL,OBL,,OBL,OBL,OBL,OBL,American Slough Grass
Beckwithia glacialis,,,,,,,,,,FACW,Glacier Pink Buttercup
Begonia cucullata,FAC,,UPL,,,FACU,,,,,Clubbed Begonia
Begonia decandra,,,FACW,,,,,,,,Native Begonia
Begonia foliosa,,,,,,FACU,,,,,Fuchsia Begonia
Begonia hirtella,UPL,,UPL,,,FACU,,,,,Brazilian Begonia
Bejaria racemosa,FAC,,,,,,,,,,Tarflower
Bensoniella oregona,,,,,,,,,FAC,,Oregon Bensoniella
Berberis thunbergii,UPL,FACU,,FACU,UPL,,FACU,FACU,UPL,,Japanese Barberry
Berberis vulgaris,UPL,FACU,,FACU,UPL,,FACU,FACU,UPL,,European Barberry
Berchemia scandens,FAC,,,FACW,FAC,,FAC,,,,Alabama Supplejack
Bergia texana,OBL,OBL,,OBL,OBL,,OBL,,OBL,,Texas Bergia
Berula erecta,,OBL,,,OBL,,OBL,OBL,OBL,,Cut-Leaf-Water-Parsnip
Besseya alpina,,FACW,,,FACW,,,,FACW,,Alpine Coraldrops
Besseya plantaginea,,FAC,,,FACW,,,,FAC,,White River Coraldrops
Betula X purpusii,,,,OBL,OBL,,OBL,OBL,,,_?_
Betula X sandbergii,,OBL,,,OBL,,OBL,OBL,OBL,,_?_
Betula alleghaniensis,FACU,,,FAC,FACU,,FAC,FAC,,,Yellow Birch
Betula cordifolia,FACU,,,FACU,FACU,,FACU,FACU,,,Heart-Leaf Paper Birch
Betula glandulosa,,OBL,,,OBL,,,OBL,OBL,FAC,Resin Birch
Betula kenaica,,,,,,,,,,FACU,Kenai Birch
Betula lenta,FACU,,,FACU,,,FACU,FACU,,,Sweet Birch
Betula murrayana,,,,,,,FACW,FACW,,,Murray's Birch
Betula nana,,,,,,,,,,FAC,Swamp Birch
Betula neoalaskana,,,,,,,,,,FACU,Alaska Paper Birch
Betula nigra,FACW,,,FACW,FACW,,FACW,FACW,,,River Birch
Betula occidentalis,,FACW,,,FACW,,FACW,,FACW,FAC,Water Birch
Betula papyrifera,,FAC,,FACU,FACU,,FACU,FACU,FAC,FACU,Paper Birch
Betula pendula,FACU,FACU,,FACU,FACU,,FACU,FACU,FACU,,European Weeping Birch
Betula populifolia,FAC,,,FAC,,,FAC,FAC,,,Gray Birch
Betula pubescens,FAC,FAC,,FAC,FACW,,FACU,FACW,FACW,,Downy Birch
Betula pumila,,OBL,,OBL,OBL,,OBL,OBL,OBL,,Bog Birch
Bidens amplissima,,,,,FACW,,,,FACW,,Vancouver Island Beggarticks
Bidens aristosa,FACW,,,FACW,FACW,,FACW,FACW,FACW,,Bearded Beggarticks
Bidens aurea,,OBL,,,,,,,OBL,,Arizona Beggarticks
Bidens beckii,,OBL,,OBL,OBL,,OBL,OBL,OBL,,Beck's Water-Marigold
Bidens bidentoides,FACW,,,FACW,,,,FACW,,,Delmarva Beggarticks
Bidens bigelovii,,FACW,,,FACW,,,,FACW,,Bigelow's Beggarticks
Bidens bipinnata,FAC,FAC,,FACU,FACU,,FAC,FACU,FACU,,Spanish-Needles
Bidens campylotheca,,,,,,FACU,,,,,Viper Beggarticks
Bidens cernua,OBL,OBL,,OBL,OBL,,OBL,OBL,OBL,OBL,Nodding Burr-Marigold
Bidens conjuncta,,,,,,FACW,,,,,Bog Beggarticks
Bidens discoidea,FACW,,,FACW,FACW,,FACW,FACW,,,Small Beggarticks
Bidens eatonii,FACW,,,FACW,,,,OBL,,,Eaton's Beggarticks
Bidens forbesii,,,,,,FACU,,,,,Coastal-Bluff Beggarticks
Bidens frondosa,FACW,FACW,,FACW,FACW,,FACW,FACW,FACW,FACW,Devil's-Pitchfork
Bidens heterodoxa,,,,,,,,FACW,,,Connecticut Beggarticks
Bidens hyperborea,,,,,,,,OBL,,,Estuary Beggarticks
Bidens laevis,OBL,OBL,,OBL,OBL,,OBL,OBL,OBL,,Smooth Beggarticks
Bidens leptocephala,,FAC,,,FACW,,,,FAC,,Few-Flower Beggarticks
Bidens macrocarpa,,,,,,FACU,,,,,Large-Fruit Beggarticks
Bidens mitis,OBL,,,OBL,OBL,,OBL,,,,Small-Fruit Beggarticks
Bidens pilosa,FAC,FAC,FACU,FACW,FACW,FACU,FACW,FACW,FACW,,Hairy Beggarticks
Bidens tenuisecta,FACW,FAC,,FACW,FACW,,,FACW,FACW,,Slim-Lobe Beggarticks
Bidens torta,,,,,,FACU,,,,,Corkscrew Beggarticks
Bidens trichosperma,OBL,,,OBL,OBL,,OBL,OBL,,,Crowned Beggarticks
Bidens tripartita,FACW,OBL,,FACW,FACW,,OBL,FACW,FACW,FACW,Three-Lobe Beggarticks
Bidens valida,,,,,,FACU,,,,,Mt. Kahili Beggarticks
Bidens vulgata,OBL,FACW,,FAC,FAC,,FACW,FAC,OBL,,Tall Beggarticks
Bigelowia nudata,FACW,,,FACW,,,,,,,Pineland Rayless-Goldenrod
Bigelowia nuttallii,FACU,,,FACU,FACU,,,,,,Nuttall's Rayless-Goldenrod
Bignonia capreolata,FAC,,,FAC,FAC,,FACW,,,,Crossvine
Bistorta bistortoides,,FACW,,,OBL,,,,FACW,,American Bistort
Bistorta officinalis,,,,,,,,FACW,,,Meadow Bistort
Bistorta plumosa,,,,,,,,,,FACU,Plumed Bistort
Bistorta vivipara,,FAC,,,FACW,,,FACW,FAC,FAC,Serpent-Grass
Bixa orellana,,,UPL,,,FACU,,,,,Lipsticktree
Blechnum appendiculatum,,,,,,FACU,,,,,Palm Fern
Blechnum divergens,,,OBL,,,,,,,,Ravine Mid-Sorus Fern
Blechnum lineatum,,,FAC,,,,,,,,Rockbank Mid-Sorus Fern
Blechnum occidentale,FAC,,FACU,,FAC,FACU,,,,,Hammock Fern
Blechnum orientale,,,,,,FACU,,,,,_?_
Blechnum polypodioides,,,FACU,,,,,,,,Narrow-Leaf Mid-Sorus Fern
Blechnum serrulatum,FACW,,OBL,,,,,,,,Toothed Mid-Sorus Fern
Blechnum spicant,,FAC,,,,,,,FAC,FAC,Deer Fern
Blennosperma bakeri,,OBL,,,,,,,OBL,,Baker's Stickyseed
Blennosperma nanum,,FACW,,,,,,,FACW,,Common Stickyseed
Blephilia hirsuta,FACU,,,FACU,FACU,,FACU,FACU,,,Hairy Pagoda-Plant
Bletia purpurea,FAC,,,,,,,,,,Pine-Pink
Bloomeria clevelandii,,FACU,,,,,,,,,San Diego Goldenstars
Blumea sessiliflora,,,,,,FACU,,,,,Sessile-Leaf False Oxtongue
Blutaparon vermiculare,FACW,,FACW,,FACW,FAC,,,,,Bayflower
Blysmopsis rufa,,,,,,,,,,OBL,Red-Bulrush
Blyxa aubertii,OBL,,,,,,,,,,Bambooplant
Bobea brevipes,,,,,,FACU,,,,,Akupa
Bobea elatior,,,,,,FACU,,,,,Ahakea Lau Nui
Bocconia frutescens,,,FAC,,,UPL,,,,,Parrotweed
Boechera collinsii,,FACU,,,UPL,,,,FACU,UPL,_?_
Boechera dentata,FACU,,,FACU,UPL,,UPL,UPL,,,Short's Rockcress
Boechera divaricarpa,,FACU,,,FACU,,,FACU,FACU,,_?_
Boechera goodrichii,,FACU,,,,,,,FACU,,Goodrich Rockcress
Boechera grahamii,,FACU,,,FACU,,FACU,FACU,FACU,FACU,Boivin's Rockcress
Boechera lemmonii,,FACU,,,UPL,,,,UPL,UPL,Soldier Rockcress
Boechera stricta,,FACU,,FACU,FACU,,FACU,FACU,FACU,FACU,Canadian Rockcress
Boehmeria cylindrica,FACW,OBL,OBL,FACW,FACW,,OBL,OBL,OBL,,Small-Spike False Nettle
Boehmeria grandis,,,,,,FAC,,,,,Hawaii False Nettle
Boerhavia erecta,UPL,FACU,UPL,UPL,UPL,FACU,UPL,,UPL,,Erect Spiderling
Boerhavia repens,,,,,,FAC,,,,,Anena
Bolandra californica,,FACW,,,,,,,FACW,,Sierran False Coolwort
Bolandra oregana,,FACW,,,,,,,FACW,,Northern False Coolwort
Bolbitis aliena,,,FAC,,,,,,,,Diamond Creeping Fern
Bolbitis nicotianifolia,,,FACU,,,,,,,,Thin-Leaf Creeping Fern
Bolbitis pergamentacea,,,FACU,,,,,,,,Woodland Creeping Fern
Bolbitis portoricensis,,,FACU,,,,,,,,Puerto Rico Creeping Fern
Bolbitis quoyana,,,,,,FACW,,,,,_?_
Boltonia asteroides,FACW,OBL,,FACW,FACW,,OBL,FACW,OBL,,White Doll's Daisy
Boltonia caroliniana,FACW,,,FACW,,,,,,,Carolina Doll's Daisy
Boltonia decurrens,,,,,,,FACW,,,,Claspingleaf Doll's Daisy
Boltonia diffusa,FAC,,,FAC,FACW,,FACW,,,,Small-Head Doll's Daisy
Boltonia montana,,,,FACW,,,,FACW,,,Mountain Doll's Daisy
Bontia daphnoides,FACW,,FACW,,,,,,,,White Alling
Borrichia X cubana,FACW,,,,,,,,,,_?_
Borrichia arborescens,FACW,,FACW,,,,,,,,Tree Seaside-Tansy
Borrichia frutescens,OBL,FACW,,OBL,FACW,,,,,,Bushy Seaside-Tansy
Boschniakia rossica,,,,,,,,,,FACU,Northern Groundcone
Bothriochloa barbinodis,FACU,UPL,,FACU,FACU,UPL,UPL,,FACU,,Cane Beard Grass
Bothriochloa bladhii,FACU,FACU,,FACU,FACU,FACU,FACU,,FACU,,Australian Beard Grass
Botrychium ascendens,,FAC,,,FAC,,,FACU,FACU,FACU,Triangle-Lobe Moonwort
Botrychium crenulatum,,FACW,,,,,,,FACW,,Scalloped Moonwort
Botrychium hesperium,,FACU,,,FACU,,,UPL,FACU,,Western Moonwort
Botrychium lanceolatum,FAC,FACW,,FACW,FACW,,FACW,FACW,FACW,FAC,Lance-Leaf Moonwort
Botrychium lunaria,FAC,FAC,,FAC,FAC,,FACW,FACW,FAC,FACW,Common Moonwort
Botrychium matricariifolium,UPL,,,FACU,FACU,,FACU,FACU,FACU,,Daisy-Leaf Moonwort
Botrychium pinnatum,,FACU,,,UPL,,,,UPL,UPL,Northeastern Moonwort
Botrychium simplex,FACU,FAC,,FACU,FAC,,FAC,FAC,FAC,FACU,Least Moonwort
Botrypus virginianus,FACU,FAC,,FACU,FACU,,FACU,FACU,FAC,FACU,Rattlesnake Fern
Bouteloua dactyloides,FACU,FACU,,FACU,FACU,,FACU,FACU,UPL,,Buffalo Grass
Bowlesia incana,FAC,FACU,,FAC,FACU,,,,FACU,,Hoary Bowlesia
Boykinia aconitifolia,FACW,,,FACW,,,,,,,Allegheny Brookfoam
Boykinia major,,FACW,,,,,,,FACW,,Mountain Brookfoam
Boykinia occidentalis,,FAC,,,,,,,FAC,,Coastal Brookfoam
Boykinia rotundifolia,,FACW,,,,,,,,,Round-Leaf Brookfoam
Brachyelytrum erectum,FACU,,FACU,FACU,FACU,,FACU,FACU,,,Bearded Shorthusk
Brasenia schreberi,OBL,OBL,,OBL,OBL,,OBL,OBL,OBL,OBL,Watershield
Brassica juncea,UPL,FACU,UPL,UPL,FACU,FACU,UPL,UPL,UPL,UPL,Chinese Mustard
Brassica rapa,UPL,FACU,,UPL,UPL,UPL,UPL,UPL,FACU,UPL,Rape
Braya glabella,,FAC,,,FACU,,,,FACW,FAC,Smooth Northern-Rockcress
Braya humilis,,UPL,,UPL,FACU,,,FACU,UPL,FAC,Alpine Northern-Rockcress
Breynia disticha,FAC,,UPL,,,FACU,,,,,Snowbush
Brickellia californica,,FACU,,,FACU,,,,FACU,,California Brickellbush
Brickellia greenei,,FACU,,,,,,,FACU,,Mountain Brickellbush
Brintonia discoidea,FACU,,,FACU,,,,,,,Rayless Mock Goldenrod
Briza media,FACU,FAC,,FAC,FAC,,FAC,FAC,FAC,,Perennial Quaking Grass
Briza minor,FAC,FAC,,FACW,FAC,FACU,FACW,FACW,FAC,,Lesser Quaking Grass
Brodiaea coronaria,,FAC,,,,,,,FACW,,Harvest Cluster-Lily
Brodiaea elegans,,FACU,,,,,,,FACU,,Elegant Cluster-Lily
Brodiaea filifolia,,FAC,,,,,,,,,Thread-Leaf Cluster-Lily
Brodiaea orcuttii,,OBL,,,,,,,,,Orcutt's Cluster-Lily
Brodiaea pallida,,FACW,,,,,,,FACW,,Chinese Camp Cluster-Lily
Brodiaea rosea,,FAC,,,,,,,FACW,,Indian Valley Cluster-Lily
Bromidium tandilense,,OBL,,,,,,,,,Kennedy's Tropical Bent
Bromus arvensis,FACU,FACU,,FACU,FACU,,FACU,FACU,UPL,,Field Brome
Bromus briziformis,FACU,UPL,,FACU,UPL,,UPL,UPL,UPL,FACU,Rattlesnake Brome
Bromus ciliatus,FACW,FAC,,FACW,FAC,,FACW,FACW,FAC,FACU,Fringed Brome
Bromus hordeaceus,UPL,FACU,,UPL,UPL,UPL,UPL,UPL,FACU,FACU,Soft Brome
Bromus inermis,UPL,FACU,,UPL,UPL,,FACU,UPL,UPL,UPL,Smooth Brome
Bromus kalmii,FACU,,,FACU,FACU,,FAC,FAC,FACU,,Kalm's Brome
Bromus latiglumis,FACW,,,FACW,FACW,,FACW,FACW,,,Early-Leaf Brome
Bromus madritensis,UPL,UPL,,UPL,UPL,UPL,,UPL,FACU,,Compact Brome
Bromus nottowayanus,,,,,,,FACU,FACU,,,Brome
Bromus pubescens,FACU,FACU,,FACU,FACU,,FACU,FACU,FACU,,Hairy Woodland Brome
Bromus richardsonii,,FACU,,,FACU,,,,FACU,FACU,Richardson's Brome
Bromus vulgaris,,FACU,,,UPL,,,,FACU,,Colombian Brome
Broussaisia arguta,,,,,,FAC,,,,,Kanawao
Broussonetia papyrifera,FACU,FACU,,UPL,UPL,FACU,FACU,UPL,,,Paper-Mulberry
Browallia americana,FACU,,UPL,FACU,,,FACU,FACU,,,Jamaican-Forget-Me-Not
Browallia eludens,,FACW,,,,,,,,,Bush-Violet
Brugmansia suaveolens,FACW,,FACW,,,,,,,,Angel's-Tears
Brugmansia versicolor,UPL,,,FACU,,,,,,,Arborescent Angel's-Tears
Bruguiera parviflora,,,,,,OBL,,,,,Small-Flower Oriental-Mangrove
Bruguiera sexangula,,,,,,OBL,,,,,Oriental-Mangrove
Brunellia comocladiifolia,,,FACU,,,,,,,,West Indian-Sumac
Brunfelsia lactea,,,FAC,,,,,,,,Vega-Blanca
Brunfelsia portoricensis,,,FACW,,,,,,,,Puerto Rico-Raintree
Brunnichia ovata,FACW,,,FACW,FACW,,FACW,,,,American Buckwheatvine
Buchenavia tetraphylla,,,FACU,,,,,,,,Yellow-Sanders
Buchnera americana,FAC,FAC,FACU,FACU,FAC,,FAC,FAC,,,American Bluehearts
Buchnera floridana,FAC,,,FACU,FAC,,,,,,Florida Bluehearts
Buchnera longifolia,,,OBL,,,,,,,,Elongated Bluehearts
Bucida buceras,FACW,,FACU,,,,,,,,Gregory-Wood
Buddleja asiatica,,,,,,FACU,,,,,Dogtail
Buddleja davidii,FACU,FACU,UPL,FACU,,FACU,FACU,FACU,FACU,,Orange-Eye Butterfly-Bush
Buddleja madagascariensis,UPL,,UPL,,,FACU,,,,,Smokebush
Bulbostylis antillana,,,FAC,,,,,,,,Antilles Hair Sedge
Bulbostylis barbata,FAC,FACU,,FAC,,,,,FACU,,Water-Grass
Bulbostylis capillaris,FAC,FACU,FAC,FACU,FACU,UPL,FACU,FACU,FAC,,Dense-Tuft Hair Sedge
Bulbostylis ciliatifolia,FAC,,,FACU,FAC,,,,,,Capillary Hair Sedge
Bulbostylis funckii,,FACW,FACW,,FACW,,,,FACW,,Funck's Hair Sedge
Bulbostylis juncoides,FACW,FACW,,,FACW,,,,FACW,,Rush Hair Sedge
Bulbostylis stenophylla,FACU,,,FACU,,,,,,,Sandy-Field Hair Sedge
Bulbostylis warei,FACU,,,FACU,,,,,,,Ware's Hair Sedge
Burmannia biflora,OBL,,,OBL,OBL,,,,,,Northern Bluethread
Burmannia capitata,OBL,,FACW,OBL,OBL,,,,,,Southern Bluethread
Burmannia flava,OBL,,,,,,,,,,Fahkahatchee Bluethread
Butomus umbellatus,,OBL,,OBL,OBL,,OBL,OBL,OBL,,Greater Flowering-Rush
Byrsonima crassifolia,,,FACU,,,,,,,,Nance
Byrsonima spicata,,,FACU,,,,,,,,Doncella
Cabomba caroliniana,OBL,OBL,,OBL,OBL,,OBL,OBL,OBL,,Carolina Fanwort
Cabomba furcata,,,OBL,,,,,,,,Whorled-Leaf Fanwort
Cabomba haynesii,,,OBL,,,,,,,,Opposite-Leaf Fanwort
Cabomba palaeformis,OBL,,,,,,,,,,Fish-Grass
Caesalpinia bonduc,FAC,,FACU,,FACU,UPL,,,,,Yellow Nicker
Caesalpinia crista,FAC,,,,,UPL,,,,,Fevernut
Caesalpinia decapetala,,,FACU,,,UPL,,,,,Shoofly
Cakile constricta,FACU,,,,,,,,,,Gulf Coast Searocket
Cakile edentula,FACU,FACU,,FACU,,,FACU,FACU,FACU,FACU,American Searocket
Cakile geniculata,FAC,,,,FAC,,,,,,Gulf Searocket
Cakile lanceolata,FAC,,FAC,,FACW,,,,,,Coastal Searocket
Cakile maritima,FAC,FAC,,FAC,,,,FAC,FACU,,European Searocket
Caladium bicolor,FAC,,FACW,,,FAC,,,,,Heart-of-Jesus
Calamagrostis bolanderi,,FACW,,,,,,,FACW,,Bolander's Reed Grass
Calamagrostis breweri,,FACW,,,,,,,FACW,,Short-Hair Reed Grass
Calamagrostis canadensis,OBL,FACW,,FACW,FACW,,OBL,OBL,FACW,FAC,Bluejoint
Calamagrostis coarctata,OBL,,,OBL,,,OBL,OBL,,,Nuttall's Reed Grass
Calamagrostis deschampsioides,,,,,,,,,,FACW,Circumpolar Reed Grass
Calamagrostis expansa,,,,,,FAC,,,,,Maui Reed Grass
Calamagrostis hillebrandii,,,,,,FACW,,,,,Bog Reed Grass
Calamagrostis lapponica,,,,,,,,,,FAC,Lapland Reed Grass
Calamagrostis nutkaensis,,FACW,,,,,,,FACW,FAC,Nootka Reed Grass
Calamagrostis perplexa,,,,,,,,FACW,,,Wood Reed Grass
Calamagrostis pickeringii,FACW,,,FACW,,,,FACW,,,Pickering's Reed Grass
Calamagrostis scopulorum,,FAC,,,FAC,,,,FAC,,Ditch Reed Grass
Calamagrostis stricta,FACW,FACW,,FACW,FACW,,FACW,FACW,FACW,FACW,Slim-Stem Reed Grass
Calamagrostis tweedyi,,FAC,,,,,,,FAC,,Cascade Reed Grass
Calamovilfa arcuata,FACW,,,FACW,OBL,,,,,,Cumberland Sand-Reed
Calamovilfa brevipilis,OBL,,,OBL,,,,OBL,,,Pine-Barren Sand-Reed
Calamovilfa curtissii,FAC,,,,,,,,,,Florida Sand-Reed
Calandrinia ciliata,FACU,FACU,,,,,,FACU,FACU,,Fringed Redmaids
Calanthe triplicata,,,,,,FACU,,,,,_?_
Calathea lutea,,,FACW,,,,,,,,Pampano
Calibrachoa parviflora,FAC,FACW,,FACW,FACW,,,,FACW,,Seaside-Petunia
Calla palustris,,,,OBL,OBL,,OBL,OBL,,OBL,Water-Dragon
Callicarpa americana,FACU,,,FACU,FACU,,FACU,,,,American Beauty-Berry
Callicarpa ampla,,,FAC,,,,,,,,Caparosa
Callicarpa dichotoma,OBL,,,OBL,,,,,,,Chinese Beauty-Berry
Callisia monandra,,,FACU,,,,,,,,Cojite-Morado
Callisia repens,FACU,FACU,FACU,,FACU,FACU,,,,,Creeping-Inchplant
Callistopteris baldwinii,,,,,,FACU,,,,,Baldwin's False Filmy Fern
Callitriche fassettii,,OBL,,,,,,,OBL,,Fassett's Water-Starwort
Callitriche hermaphroditica,OBL,OBL,,,OBL,,OBL,OBL,OBL,OBL,Autumn Water-Starwort
Callitriche heterophylla,OBL,OBL,,OBL,OBL,,OBL,OBL,OBL,OBL,Greater Water-Starwort
Callitriche longipedunculata,,OBL,,,,,,,OBL,,Long-Stock Water-Starwort
Callitriche marginata,,OBL,,,,,,OBL,OBL,,Winged Water-Starwort
Callitriche palustris,OBL,OBL,,OBL,OBL,,OBL,OBL,OBL,OBL,Vernal Water-Starwort
Callitriche pedunculosa,FACW,,,FACW,FACW,,,,,,Nuttall's Water-Starwort
Callitriche peploides,OBL,,,OBL,OBL,,,,,,Matted Water-Starwort
Callitriche stagnalis,OBL,OBL,,OBL,OBL,,OBL,OBL,OBL,,Pond Water-Starwort
Callitriche stenoptera,,OBL,,,OBL,,OBL,,FACW,OBL,Narrow-Wing Water-Starwort
Callitriche terrestris,FACW,,,FACW,FACW,,FACW,FACW,,,Terrestrial Water-Starwort
Callitriche trochlearis,,OBL,,,,,,,OBL,,Effluent Water-Starwort
Callitropsis nootkatensis,,FAC,,,,,,,FAC,FAC,Alaska-Cedar
Calluna vulgaris,FAC,,,FAC,,,FAC,FAC,FAC,,Heather
Calochortus excavatus,,FACU,,,,,,,FACU,,Inyo Mariposa-Lily
Calochortus longebarbatus,,FAC,,,,,,,FAC,,Long-Beard Mariposa-Lily
Calochortus minimus,,FAC,,,,,,,FAC,,Sierran Mariposa-Lily
Calochortus monanthus,,FAC,,,,,,,FAC,,Shasta River Mariposa-Lily
Calochortus nudus,,FAC,,,,,,,FAC,,Naked Mariposa-Lily
Calochortus palmeri,,FACW,,,,,,,FACW,,Palmer's Mariposa-Lily
Calochortus striatus,,FACW,,,,,,,FACW,,Alkali Mariposa-Lily
Calochortus uniflorus,,FACW,,,,,,,FACW,,Monterey Mariposa-Lily
Calophyllum antillanum,FACW,,FAC,,,,,,,,West Indian-Laurel
Calophyllum inophyllum,UPL,,UPL,,,FAC,,,,,Alexandrian-Laurel
Calopogon barbatus,FACW,,,FACW,,,,,,,Bearded Grass-Pink
Calopogon multiflorus,FACW,,,,,,,,,,Many-Flower Grass-Pink
Calopogon pallidus,OBL,,,OBL,,,,,,,Pale Grass-Pink
Calopogon tuberosus,OBL,,,FACW,OBL,,OBL,OBL,,,Tuberous Grass-Pink
Calopogonium caeruleum,,,FAC,,,,,,,,Jicama
Calopogonium mucunoides,,,FACU,,,FAC,,,,,Calopo
Caltha leptosepala,,OBL,,,OBL,,,,OBL,OBL,White Marsh-Marigold
Caltha natans,,,,,,,,OBL,,OBL,Floating Marsh-Marigold
Caltha palustris,OBL,OBL,,OBL,OBL,,OBL,OBL,OBL,OBL,Yellow Marsh-Marigold
Calycanthus floridus,FACU,,,FACU,,,FACU,FACU,,,Eastern Sweetshrub
Calycanthus occidentalis,,FAC,,,,,,,FAC,,Western Sweetshrub
Calycocarpum lyonii,FACW,,,FACW,FACW,,FACW,,,,Cupseed
Calydorea coelestina,FACW,,,FACW,,,,,,,Enchanting Violet-Lily
Calypso bulbosa,,FAC,,,FACW,,FACW,FACW,FACU,FAC,Fairy-Slipper Orchid
Calyptocarpus vialis,FAC,FAC,,FAC,FAC,FAC,FAC,FACU,,,Straggler Daisy
Calyptranthes krugii,,,FACW,,,,,,,,Limoncillo
Calyptranthes luquillensis,,,OBL,,,,,,,,Luquillo Forest Lidflower
Calyptranthes portoricensis,,,OBL,,,,,,,,Puerto Rico Lidflower
Calyptranthes triflora,,,FACW,,,,,,,,Three-Blossom Lidflower
Calyptridium roseum,,FACU,,,FACU,,,,FACU,,_?_
Calyptronoma rivalis,,,OBL,,,,,,,,Puerto Rico Manac
Calystegia sepium,FAC,FAC,,FAC,FAC,,FAC,FAC,FAC,FAC,Hedge False Bindweed
Camassia leichtlinii,,FACW,,,,,,,FACW,,Large Camas
Camassia quamash,,FACW,,,,,,,FACW,,Small Camas
Camassia scilloides,FACW,,,FAC,FAC,,FAC,FAC,,,Atlantic Camas
Camelina alyssum,,FACU,,,FACU,,FACU,,FACU,,Madwort False Flax
Camelina microcarpa,FACU,FACU,,FACU,UPL,,FACU,UPL,FACU,,Little-Pod False Flax
Camelina sativa,FACU,FACU,,UPL,FACU,,FACU,FACU,FACU,UPL,Gold-of-Pleasure
Campanula aparinoides,OBL,OBL,,OBL,OBL,,OBL,OBL,OBL,,Marsh Bellflower
Campanula californica,,OBL,,,,,,,OBL,,Swamp Bellflower
Campanula floridana,OBL,,,,,,,,,,Florida Bellflower
Campanula lasiocarpa,,,,,,,,,FACU,UPL,Alaska Bellflower
Campanula parryi,,FACU,,,FAC,,,,FAC,,Parry's Bellflower
Campanula robinsiae,FACW,,,,,,,,,,Robins' Bellflower
Campanula rotundifolia,FACU,FACU,,FACU,FAC,,FACU,FACU,FACU,UPL,Bluebell-of-Scotland
Campanula scouleri,,FACU,,,,,,,UPL,UPL,Pale Bellflower
Campanula uniflora,,FAC,,,,,,,FAC,UPL,Arctic Bellflower
Campanula wilkinsiana,,FACW,,,,,,,FACW,,Wilkins' Bellflower
Campanulastrum americanum,FAC,,,FACU,FAC,,FAC,FAC,,,American-Bellflower
Campsis radicans,FAC,FACU,,FAC,FACU,,FACU,FAC,FACU,,Trumpet-Creeper
Campyloneurum costatum,FAC,,UPL,,,,,,,,Tailed Strap Fern
Campyloneurum repens,,,FACW,,,,,,,,Creeping Strap Fern
Canadanthus modestus,,FACW,,,FAC,,FAC,FAC,FACW,FAC,Canada-Aster
Cananga odorata,,,UPL,,,FACU,,,,,Perfumetree
Canavalia cathartica,,,,,,FACU,,,,,Maunaloa
Canavalia rosea,FAC,,FAC,,FAC,,,,,,Bay-Bean
Canna X generalis,FACW,,,OBL,OBL,,,FACW,,,_?_
Canna flaccida,OBL,OBL,,OBL,OBL,,,,,,Bandanna-of-the-Everglades
Canna glauca,OBL,,OBL,OBL,,,,,,,Brazilian Arrow-Wood
Canna indica,FACW,,FAC,FACW,FACW,FACU,,,,,Indian-Shot
Canna jaegeriana,,,FAC,,,,,,,,Caribbean Canna
Cantinoa mutabilis,FAC,,,FAC,,,,,,,_?_
Caperonia castaneifolia,FACW,,,,,,,,,,Chestnut-Leaf False Croton
Caperonia palustris,FACW,,OBL,,FACW,,,,,,Sacatrapo
Capraria biflora,FACW,,FAC,,FACW,,,,,,Goatweed
Capraria mexicana,FAC,,,,FAC,,,,,,Mexican Goatweed
Capsella bursa-pastoris,FACU,FACU,,FACU,FACU,UPL,FACU,FACU,FACU,FACU,Shepherd's-Purse
Cardamine X anomala,,,,FACU,,,,FACU,,,_?_
Cardamine X incisa,,,,FACU,,,,FACU,,,_?_
Cardamine angulata,,FACW,,,,,,,FACW,FACW,Seaside Bittercress
Cardamine angustata,FAC,,,FACU,,,FAC,FACU,,,Slender Toothwort
Cardamine bellidifolia,,FAC,,,,,,FACW,FAC,FAC,Alpine Bittercress
Cardamine blaisdellii,,,,,,,,,,FACW,_?_
Cardamine breweri,,FACW,,,FACW,,,,FACW,,Sierran Bittercress
Cardamine bulbosa,OBL,,,OBL,OBL,,OBL,OBL,,,Bulbous Bittercress
Cardamine clematitis,FAC,,,OBL,,,,,,,Small Mountain Bittercress
Cardamine concatenata,FACU,,,FACU,FACU,,FACU,FACU,,,Cut-Leaf Toothwort
Cardamine constancei,,FAC,,,,,,,FAC,,Constance's Bittercress
Cardamine cordifolia,,FACW,,,OBL,,,,FACW,,Large Mountain Bittercress
Cardamine digitata,,,,,,,,,,FAC,Richardson's Bittercress
Cardamine diphylla,UPL,,,FACU,,,FACU,FACU,,,Crinkleroot
Cardamine douglassii,OBL,,,FACW,FACW,,FACW,FACW,,,Limestone Bittercress
Cardamine flagellifera,,,,FACU,,,,,,,Blue Ridge Bittercress
Cardamine flexuosa,FACU,FACU,FACU,FAC,FACW,FAC,FACU,FAC,FAC,,Woodland Bittercress
Cardamine hirsuta,FACU,FACU,,FACU,FAC,UPL,FACU,FACU,FACU,FACU,Hairy Bittercress
Cardamine impatiens,FAC,,,FAC,,,FAC,FAC,,,Narrow-Leaf Bittercress
Cardamine longii,OBL,,,OBL,,,,OBL,,,Long's Bittercress
Cardamine macrocarpa,,FAC,,,FACW,,,,,,Large-Seed Bittercress
Cardamine micranthera,,,,OBL,,,,,,,Streambank Bittercress
Cardamine microphylla,,,,,,,,,,FACW,Little-Leaf Bittercress
Cardamine nuttallii,,FAC,,,,,,,FACW,,Nuttall's Toothwort
Cardamine nymanii,,,,,,,,,,FACW,_?_
Cardamine occidentalis,,FACW,,,,,,,FACW,FACW,Big Western Bittercress
Cardamine oligosperma,,FAC,,,FAC,,,,FAC,,Little Western Bittercress
Cardamine pachystigma,,FAC,,,,,,,FAC,,Serpentine Bittercress
Cardamine parviflora,FACU,FACW,,FACU,FACW,,FAC,FAC,FACW,,Sand Bittercress
Cardamine penduliflora,,,,,,,,,OBL,,Willamette Valley Bittercress
Cardamine pensylvanica,FACW,FACW,,OBL,FACW,,FACW,FACW,FACW,FACW,Quaker Bittercress
Cardamine purpurea,,,,,,,,,,FACW,Purple Bittercress
Cardamine rotundifolia,OBL,,,OBL,,,OBL,OBL,,,American Bittercress
Cardamine umbellata,,FACW,,,,,,,FACW,FACW,Umbell's Bittercress
Cardiospermum halicacabum,FAC,FAC,UPL,FACU,FAC,UPL,FAC,FAC,,,Love-in-a-Puff
Cardiospermum microcarpum,FAC,,UPL,,,,,,,,Heartseed
Carduus nutans,UPL,FACU,,UPL,FACU,,FACU,FACU,UPL,,Nodding Plumeless-Thistle
Carex X aestivaliformis,FAC,,,FAC,,,FAC,FAC,,,_?_
Carex X physocarpoides,,OBL,,,OBL,,,,OBL,OBL,_?_
Carex X stenolepis,,,,,,,,FAC,,,_?_
Carex X subimpressa,,,,,OBL,,OBL,OBL,,,_?_
Carex aboriginum,,OBL,,,,,,,OBL,,Indian Valley Sedge
Carex abrupta,,FAC,,,,,,,FAC,,Abrupt-Beak Sedge
Carex abscondita,FACW,,,FAC,FAC,,FACU,FACU,,,Thicket Sedge
Carex acutiformis,OBL,,,,,,OBL,OBL,,,Lesser Pond Sedge
Carex adelostoma,,,,,,,,,,OBL,Circumpolar Sedge
Carex alata,OBL,,,OBL,OBL,,OBL,OBL,,,Broad-Wing Sedge
Carex albicans,FAC,,,UPL,FACU,,UPL,UPL,,,White-Tinge Sedge
Carex albolutescens,FACW,,,FACW,FACW,,FACW,FACW,,,Green-White Sedge
Carex albonigra,,FACU,,,FAC,,,,FACU,FACU,Black-and-White-Scale Sedge
Carex alligata,,,,,,FACW,,,,,Hawaii Sedge
Carex alma,,OBL,,,OBL,,,,OBL,,Sturdy Sedge
Carex alopecoidea,FACW,,,FACW,FACW,,FACW,FACW,OBL,,Fox-Tail Sedge
Carex amphibola,FACW,,,FAC,OBL,,FAC,FAC,,,Eastern Narrow-Leaf Sedge
Carex amplifolia,,OBL,,,,,,,OBL,,Big-Leaf Sedge
Carex angustata,,FACW,,,,,,,FACW,,Many-Fruit Sedge
Carex annectens,FACW,,,FACW,FACW,,FACW,FACW,,,Yellow-Fruit Sedge
Carex anthoxanthea,,,,,,,,,OBL,FACW,Grassy-Slope Arctic Sedge
Carex aperta,,FACW,,,FACW,,,,OBL,,Columbian Sedge
Carex aquatilis,OBL,OBL,,OBL,OBL,,OBL,OBL,OBL,OBL,Leafy Tussock Sedge
Carex arcta,,OBL,,OBL,,,OBL,OBL,OBL,OBL,Northern Cluster Sedge
Carex arctiformis,,,,,,,,,,OBL,Polar Sedge
Carex arkansana,FACU,,,FACU,FACU,,FAC,FAC,,,Arkansas Sedge
Carex atherodes,,OBL,,OBL,OBL,,OBL,OBL,OBL,OBL,Wheat Sedge
Carex athrostachya,,FACW,,,FACW,,,,FACW,FAC,Slender-Beak Sedge
Carex atlantica,FACW,,,FACW,OBL,,FACW,FACW,,,Prickly Bog Sedge
Carex atratiformis,,,,,,,,FACW,,FACW,Scabrous Black Sedge
Carex atrofusca,,,,,,,,,,FACW,Scorched Alpine Sedge
Carex atrosquama,,FACU,,,FACU,,,,FAC,FACW,Lesser Black-Scale Sedge
Carex aurea,,OBL,,FACW,OBL,,FACW,FACW,FACW,FACW,Golden-Fruit Sedge
Carex austrina,FACU,,,FACU,FACU,,FACU,FACU,,,Southern Sedge
Carex austrodeflexa,FACW,,,OBL,,,,,,,Canebrake Sedge
Carex baileyi,FACW,,,OBL,,,FACW,OBL,,,Bailey's Sedge
Carex barbarae,,FAC,,,,,,,FAC,,Santa Barbara Sedge
Carex barrattii,OBL,,,OBL,,,,OBL,,,Barratt's Sedge
Carex basiantha,FACW,,,FACW,FACW,,,,,,Widow Sedge
Carex bebbii,OBL,OBL,,OBL,OBL,,OBL,OBL,OBL,OBL,Bebb's Sedge
Carex bella,,FACU,,,FAC,,,,FACU,,Southwestern Showy Sedge
Carex bicknellii,FAC,,,FAC,FACW,,FACU,FAC,,,Bicknell's Sedge
Carex bicolor,,,,,,,,,,OBL,Two-Color Sedge
Carex bigelowii,,,,,,,,FACW,,FAC,Bigelow's Sedge
Carex billingsii,OBL,,,OBL,,,OBL,OBL,,,Billings' Sedge
Carex blanda,FAC,FAC,,FAC,FAC,,FAC,FAC,FACU,,Eastern Woodland Sedge
Carex bolanderi,,FAC,,,FACW,,,,FAC,,Bolander's Sedge
Carex bonanzensis,,,,,,,,,,FACW,Yukon Sedge
Carex brevior,FAC,FAC,,FAC,FAC,,FAC,FAC,FAC,,Short-Beak Sedge
Carex bromoides,FACW,,,FACW,,,FACW,FACW,,,Brome-Like Sedge
Carex brunnescens,FAC,OBL,,FACW,FAC,,FACW,FACW,OBL,FAC,Brownish Sedge
Carex bulbostylis,FACW,,,FACW,FACW,,FACW,,,,False Hair Sedge
Carex bullata,OBL,,,OBL,,,,OBL,,,Button Sedge
Carex bushii,FACW,,,FACW,OBL,,FAC,FAC,,,Bush's Sedge
Carex buxbaumii,OBL,OBL,,OBL,OBL,,OBL,OBL,OBL,FACW,Brown Bog Sedge
Carex californica,,FACW,,,,,,,FACW,,California Sedge
Carex canescens,OBL,OBL,,OBL,OBL,,OBL,OBL,OBL,FACW,Hoary Sedge
Carex capillaris,,FACW,,,FACW,,FACW,FACW,FACW,FACW,Hair-Like Sedge
Carex capitata,,FAC,,,FACW,,,FAC,FACW,FAC,Capitate Sedge
Carex caroliniana,FACW,,,FACW,OBL,,FACW,FAC,,,Carolina Sedge
Carex castanea,,,,,FACW,,FACW,FACW,,,Chestnut-Color Sedge
Carex cephaloidea,FAC,,,FAC,,,FACU,FACU,,,Thin-Leaf Sedge
Carex cephalophora,FAC,,,FACU,FACU,,FACU,FACU,,,Oval-Leaf Sedge
Carex chapmanii,FACW,,,FACW,,,,,,,Chapman's Sedge
Carex cherokeensis,FACW,,,FACW,FACW,,FACW,FACW,,,Cherokee Sedge
Carex chordorrhiza,,OBL,,OBL,OBL,,OBL,OBL,OBL,OBL,Rope-Root Sedge
Carex collinsii,OBL,,,OBL,,,,OBL,,,Collins' Sedge
Carex comosa,OBL,OBL,,OBL,OBL,,OBL,OBL,OBL,,Bearded Sedge
Carex complanata,FAC,,,FACU,FAC,,FACU,FACU,,,Hirsute Sedge
Carex concinna,,FAC,,,FACU,,,FACU,FAC,FAC,Low Northern Sedge
Carex conjuncta,FAC,,,FACW,FAC,,FACW,FACW,,,Soft Fox Sedge
Carex conoidea,FACW,FACW,,FACU,FAC,,FACW,FACW,FAC,,Open-Field Sedge
Carex corrugata,FACW,,,FACW,FACW,,FACW,FACW,,,Prune-Fruit Sedge
Carex crawei,OBL,FACW,,FACW,FACW,,FACW,FACW,FACW,,Crawe's Sedge
Carex crawfordii,FAC,FAC,,FAC,OBL,,FAC,FACW,FACW,FAC,Crawford's Sedge
Carex crebriflora,FACW,,,FACW,OBL,,,,,,Coastal-Plain Sedge
Carex crinita,FACW,,,OBL,OBL,,OBL,OBL,,,Fringed Sedge
Carex cristatella,FAC,,,FACW,FACW,,FACW,FACW,FACW,,Crested Sedge
Carex crus-corvi,OBL,,,OBL,OBL,,OBL,OBL,,,Raven-Foot Sedge
Carex cryptolepis,OBL,,,OBL,OBL,,OBL,OBL,,,Northeastern Sedge
Carex cumulata,FACU,,,FACU,,,FACU,FACU,,,Clustered Sedge
Carex cusickii,,OBL,,,,,,,OBL,,Cusick's Sedge
Carex davisii,FAC,,,FAC,FAC,,FAC,FAC,,,Davis' Sedge
Carex davyi,,FACW,,,,,,,FACW,,Davy's Sedge
Carex debilis,FACW,,,FAC,OBL,,FACW,FACW,,,White-Edge Sedge
Carex decomposita,OBL,,,OBL,OBL,,OBL,OBL,,,Cypress-Knee Sedge
Carex densa,,OBL,,,,,,,OBL,,Dense Sedge
Carex deweyana,,FACU,,FACU,FACU,,FACU,FACU,FAC,FACU,Dewey's Sedge
Carex diandra,,OBL,,OBL,OBL,,OBL,OBL,OBL,OBL,Lesser Tussock Sedge
Carex digitalis,FACU,,,UPL,UPL,,UPL,UPL,,,Slender Woodland Sedge
Carex disperma,,OBL,,FACW,FACW,,OBL,OBL,FACW,FACW,Soft-Leaf Sedge
Carex divisa,OBL,,,,,,,,,,Separated Sedge
Carex divulsa,FAC,FAC,,FAC,,,FAC,FAC,FAC,,Grassland Sedge
Carex douglasii,,FAC,,FAC,FAC,,FAC,,FAC,,Douglas' Sedge
Carex eburnea,FACU,,,FACU,FACU,,FACU,FACU,FACU,FACU,Bristle-Leaf Sedge
Carex echinata,OBL,OBL,,OBL,OBL,OBL,OBL,OBL,OBL,OBL,Star Sedge
Carex egglestonii,,FACU,,,FACU,,,,FACU,,Eggleston's Sedge
Carex eleusinoides,,,,,,,,,,FACW,Goosegrass Sedge
Carex elliottii,OBL,,,OBL,,,,,,,Elliott's Sedge
Carex elynoides,,FAC,,,FAC,,,,FAC,,Black-Root Sedge
Carex emoryi,OBL,OBL,,OBL,OBL,,OBL,OBL,OBL,,Emory's Sedge
Carex enanderi,,,,,,,,,,OBL,Alaska Sedge
Carex exilis,OBL,,,OBL,OBL,,,OBL,,,Coastal Sedge
Carex exsiccata,,OBL,,,OBL,,,,OBL,OBL,Western Inflated Sedge
Carex extensa,OBL,,,OBL,,,,OBL,,,Long-Bract Sedge
Carex festucacea,FACW,,,FAC,FACW,,FACW,FAC,,,Fescue Sedge
Carex feta,,FACW,,,,,,,FACW,,Green-Sheath Sedge
Carex fissa,FACW,,,FACW,OBL,,FACW,,,,Hammock Sedge
Carex fissuricola,,FACW,,,FACW,,,,OBL,,Cleft Sedge
Carex flaccosperma,FACW,,,FAC,FACW,,FACW,,,,Thin-Fruit Sedge
Carex flava,OBL,OBL,,OBL,OBL,,OBL,OBL,OBL,OBL,Yellow-Green Sedge
Carex foenea,FACU,FACU,,UPL,UPL,,UPL,UPL,FACU,FACU,Bronze-Head Oval Sedge
Carex folliculata,OBL,,,OBL,,,OBL,OBL,,,Northern Long Sedge
Carex formosa,,,,FAC,FAC,,FAC,FAC,,,Handsome Sedge
Carex fracta,,FAC,,,,,,,FAC,,Fragile-Sheath Sedge
Carex frankii,OBL,OBL,,OBL,OBL,OBL,OBL,OBL,,,Frank's Sedge
Carex fuirenoides,,,,,,FACW,,,,,_?_
Carex fuliginosa,,FACU,,,FACW,,,,FACU,FAC,Short-Leaf Sedge
Carex garberi,,FACW,,,FACW,,FACW,FACW,FACW,FACW,Elk Sedge
Carex gigantea,OBL,,,OBL,,,OBL,,,,Giant Sedge
Carex glareosa,,,,,,,,,,OBL,Lesser Saltmarsh Sedge
Carex glaucescens,OBL,,,OBL,OBL,,,,,,Southern Waxy Sedge
Carex glaucodea,FACW,,,FAC,FACW,,FAC,FAC,,,Blue Sedge
Carex gmelinii,,,,,,,,,,FAC,Gmelin's Sedge
Carex gracillima,FACU,,,FACU,FACW,,FACU,FACU,,,Graceful Sedge
Carex granularis,FACW,,,FACW,OBL,,FACW,FACW,OBL,,Limestone-Meadow Sedge
Carex gravida,FACW,FACW,,FACW,FACW,,FACU,FACU,FACW,,Heavy Sedge
Carex grayi,FACW,,,FACW,FACW,,FACW,FACW,,,Gray's Sedge
Carex grisea,FACW,,,FACU,FACW,,FAC,FAC,,,Inflated Narrow-Leaf Sedge
Carex gynandra,FACW,,,OBL,,,FACW,OBL,,,Nodding Sedge
Carex gynocrates,OBL,OBL,,OBL,OBL,,OBL,OBL,OBL,OBL,Northern Bog Sedge
Carex gynodynama,,FAC,,,,,,,FAC,,Olney's Hairy Sedge
Carex hallii,,FACW,,,FAC,,FACW,FACW,FACW,,Deer Sedge
Carex harfordii,,OBL,,,,,,,OBL,,Harford's Sedge
Carex hassei,,FACW,,,,,,,FACW,,Hasse's Sedge
Carex haydeniana,,FAC,,,FACU,,,,FAC,,Hayden's Sedge
Carex haydenii,OBL,,,OBL,OBL,,OBL,OBL,OBL,,Cloud Sedge
Carex heleonastes,,,,,,,,OBL,,OBL,Hudson Bay Sedge
Carex hendersonii,,FAC,,,,,,,FAC,,Henderson's Sedge
Carex heteroneura,,FAC,,,FACW,,,,FAC,,Different-Nerve Sedge
Carex hirtissima,,OBL,,,,,,,OBL,,Fuzzy Sedge
Carex holostoma,,,,,,,,,,OBL,Arctic Marsh Sedge
Carex hoodii,,FAC,,,UPL,,,,FACU,FACU,Hood's Sedge
Carex hormathodes,OBL,,,OBL,,,,OBL,,,Marsh Straw Sedge
Carex hyalina,FACW,,,FACW,FACW,,,,,,Tissue Sedge
Carex hyalinolepis,OBL,,,OBL,OBL,,OBL,OBL,,,Shoreline Sedge
Carex hystericina,OBL,OBL,,OBL,OBL,,OBL,OBL,OBL,,Porcupine Sedge
Carex idahoa,,FACW,,,,,,,FACW,,Idaho Sedge
Carex illota,,FACW,,,FACW,,,,FACW,,Small-Head Sedge
Carex incurviformis,,FAC,,,FAC,,,,FAC,FAC,Coastal-Sand Sedge
Carex infirminervia,,FAC,,,FAC,,,,FAC,,_?_
Carex integra,,OBL,,,,,,,OBL,,Smooth-Beak Sedge
Carex interior,OBL,OBL,,OBL,OBL,,OBL,OBL,OBL,OBL,Inland Sedge
Carex interrupta,,OBL,,,,,,,OBL,,Green-Fruit Sedge
Carex intumescens,FACW,,,FACW,OBL,,FACW,FACW,OBL,,Greater Bladder Sedge
Carex jonesii,,FACW,,,FACW,,,,OBL,,Jones' Sedge
Carex joorii,OBL,,,OBL,OBL,,,,,,Cypress-Swamp Sedge
Carex kauaiensis,,,,,,FAC,,,,,Kauai Sedge
Carex kelloggii,,OBL,,,OBL,,,,OBL,OBL,Kellogg's Sedge
Carex klamathensis,,OBL,,,,,,,OBL,,Klamath Sedge
Carex lachenalii,,OBL,,,OBL,,,,OBL,OBL,Arctic Hare-Foot Sedge
Carex lacustris,OBL,,,OBL,OBL,,OBL,OBL,OBL,,Lakebank Sedge
Carex laeviconica,,,,OBL,OBL,,OBL,OBL,OBL,,Smooth-Cone Sedge
Carex laeviculmis,,FACW,,,FACW,,,,FACW,FACW,Smooth-Stem Sedge
Carex laevivaginata,OBL,,,OBL,,,OBL,OBL,,,Smooth-Sheath Sedge
Carex lapponica,,,,,,,,,,OBL,Lapland Sedge
Carex lasiocarpa,OBL,OBL,,OBL,OBL,,OBL,OBL,OBL,OBL,Woolly-Fruit Sedge
Carex laxa,,,,,,,,,,OBL,Weak Sedge
Carex laxiflora,FACU,,,FACU,FACU,,UPL,UPL,,,Broad Loose-Flower Sedge
Carex lemmonii,,OBL,,,,,,,OBL,,Lemmon's Sedge
Carex lenticularis,,OBL,,,OBL,,,OBL,OBL,OBL,Lakeshore Sedge
Carex leporina,FAC,FACW,,FAC,,,FAC,FAC,FACW,,Oval Sedge
Carex leporinella,,FACW,,,FACW,,,,OBL,,Sierran Hare Sedge
Carex leptalea,OBL,OBL,,OBL,OBL,,OBL,OBL,OBL,OBL,Bristly-Stalk Sedge
Carex leptonervia,FACW,,,FACW,FAC,,FAC,FAC,,,Nerveless Woodland Sedge
Carex leptopoda,,FAC,,,,,,,FAC,,Taper-Fruit Short-Scale Sedge
Carex limosa,OBL,OBL,,OBL,OBL,,OBL,OBL,OBL,OBL,Mud Sedge
Carex livida,OBL,OBL,,,OBL,,OBL,OBL,OBL,OBL,Livid Sedge
Carex loliacea,,,,,,,,,,OBL,Rye-Grass Sedge
Carex lonchocarpa,OBL,,,OBL,,,OBL,OBL,,,Southern Long Sedge
Carex longii,OBL,FACW,FACW,OBL,OBL,FAC,OBL,OBL,OBL,,Long's Sedge
Carex louisianica,OBL,,,OBL,OBL,,OBL,OBL,,,Louisiana Sedge
Carex lupuliformis,OBL,,,FACW,OBL,,OBL,OBL,,,False Hop Sedge
Carex lupulina,OBL,,,OBL,OBL,,OBL,OBL,,,Hop Sedge
Carex lurida,OBL,,,OBL,OBL,,OBL,OBL,,,Shallow Sedge
Carex luzulifolia,,FACW,,,FACW,,,,FACW,,Little-Leaf Sedge
Carex luzulina,,OBL,,,OBL,,,,OBL,,Woodrush Sedge
Carex lyngbyei,,OBL,,,,,,,OBL,OBL,Lyngbye's Sedge
Carex mackenziei,,,,,,,,FACW,,OBL,Mackenzie's Sedge
Carex macloviana,,FACW,,,FACW,,,,FACW,FAC,Falkland Island Sedge
Carex macrocephala,FAC,,,,,,,,FACU,FAC,Big-Head Sedge
Carex macrochaeta,,FACW,,,,,,,OBL,FACW,Alaska Long-Awn Sedge
Carex magellanica,,OBL,,OBL,OBL,,OBL,OBL,OBL,OBL,Boreal-Bog Sedge
Carex marina,,,,,,,,,,OBL,Sea Sedge
Carex mariposana,,FACW,,,,,,,FACW,,Mariposa Sedge
Carex maritima,,,,,,,,,,FAC,Seaside Sedge
Carex mckittrickensis,,FACW,,,FACW,,,,,,Guadalupe Mountain Sedge
Carex meadii,FAC,OBL,,FAC,FAC,,FAC,FAC,OBL,,Mead's Sedge
Carex media,,FACW,,,FACW,,FACW,FACW,FACW,FACW,Montana Sedge
Carex membranacea,,,,,,,,,,FACW,Fragile-Seed Sedge
Carex mendocinensis,,FACW,,,,,,,FACW,,Mendocino Sedge
Carex mertensii,,FAC,,,FAC,,,,FAC,FACW,Mertens' Sedge
Carex meyenii,,,,,,FACU,,,,,Meyen's Sedge
Carex michauxiana,,,,OBL,,,,OBL,,,Michaux's Sedge
Carex microchaeta,,,,,,,,,,FAC,Alpine-Tundra Sedge
Carex microdonta,FACW,FAC,,FACW,OBL,,FAC,,,,Little-Tooth Sedge
Carex microglochin,,OBL,,,OBL,,,OBL,FACW,OBL,False Uncinia Sedge
Carex micropoda,,FAC,,,FACU,,,,FACU,FACW,Pyrenean Sedge
Carex microptera,,FAC,,,FAC,,,,FACU,FAC,Small-Wing Sedge
Carex mitchelliana,FACW,,,OBL,,,FACW,OBL,,,Mitchell's Sedge
Carex molesta,FAC,FAC,,FAC,FACW,,FAC,FAC,FACW,,Troublesome Sedge
Carex montis-eeka,,,,,,OBL,,,,,Molokai Sedge
Carex muricata,FAC,,,FAC,,,,FAC,,,Muricate Sedge
Carex muskingumensis,OBL,,,OBL,,,OBL,OBL,,,Muskingum Sedge
Carex nardina,,FACU,,,FACU,,,,FACU,FACU,Nard Sedge
Carex nebrascensis,,OBL,,OBL,OBL,,OBL,OBL,OBL,,Nebraska Sedge
Carex nelsonii,,FAC,,,FAC,,,,FAC,,Nelson's Sedge
Carex nervina,,FACW,,,,,,,OBL,,Sierran Sedge
Carex neurophora,,FACW,,,FACW,,,,FACW,,Alpine Nerve Sedge
Carex nigra,,,,,,,FACW,FACW,,,Smooth Black Sedge
Carex nigricans,,FACW,,,FACW,,,,FACW,FACW,Black Alpine Sedge
Carex nigromarginata,FACU,,,UPL,FAC,,UPL,UPL,,,Black-Edge Sedge
Carex normalis,FACW,,,FACW,OBL,,FACW,FACW,,,Greater Straw Sedge
Carex nova,,FAC,,,FACW,,,,FAC,,New Sedge
Carex novae-angliae,,,,FACU,,,,FACU,,,New England Sedge
Carex nudata,,FACW,,,,,,,OBL,,Torrent Sedge
Carex obispoensis,,FACW,,,,,,,,,San Luis Obispo Sedge
Carex obnupta,,OBL,,,,,,,OBL,,Slough Sedge
Carex oklahomensis,OBL,,,OBL,FACW,,OBL,OBL,,,Oklahoma Sedge
Carex oligosperma,,,,OBL,OBL,,OBL,OBL,,,Few-Seed Sedge
Carex opaca,FACW,,,FACW,FACW,,FACW,,,,_?_
Carex oxylepis,FACW,,,FACW,OBL,,FACW,,,,Sharp-Scale Sedge
Carex ozarkana,OBL,,,OBL,OBL,,,,,,Ozark Sedge
Carex pachystachya,,FAC,,,FAC,,,,FAC,FAC,Thick-Head Sedge
Carex paleacea,,,,,,,,OBL,,,Chaffy Sedge
Carex pallescens,FACW,FAC,,FACW,,,FACW,FAC,FAC,,Pale Sedge
Carex pansa,,FACU,,,,,,,FAC,,Sand-Dune Sedge
Carex parryana,,FAC,,,FACW,,FACW,FACW,FACW,FACW,Parry's Sedge
Carex pauciflora,,OBL,,OBL,OBL,,OBL,OBL,OBL,OBL,Few-Flower Sedge
Carex paysonis,,FACU,,,FACU,,,,FACU,FACU,Payson's Sedge
Carex pedunculata,OBL,,,OBL,OBL,,OBL,FAC,OBL,,Long-Stalk Sedge
Carex pellita,OBL,OBL,,OBL,OBL,,OBL,OBL,OBL,,Woolly Sedge
Carex pelocarpa,,FAC,,,FACU,,,,FAC,,Dusky-Seed Sedge
Carex pendula,FACW,FAC,,,,,,,FAC,,Pendulous Sedge
Carex petasata,,FAC,,,UPL,,,,UPL,UPL,Liddon Sedge
Carex phaeocephala,,FACU,,,FACU,,,,UPL,FAC,Mountain Hare Sedge
Carex pigra,FACW,,,FACW,,,,,,,Tar-Heel Sedge
Carex pluriflora,,,,,,,,,OBL,OBL,Several-Flower Sedge
Carex podocarpa,,FAC,,,FAC,,,,FAC,FAC,Short-Stalk Sedge
Carex polymorpha,FACU,,,FACU,,,,FACU,,,Variable Sedge
Carex praeceptorum,,OBL,,,OBL,,,,OBL,,Teacher's Sedge
Carex praegracilis,,FACW,,FACW,FACW,,FACW,FACW,FACW,FACW,Clustered Field Sedge
Carex prairea,FACW,,,FACW,OBL,,OBL,FACW,OBL,,Prairie Sedge
Carex prasina,OBL,,,OBL,,,OBL,OBL,,,Drooping Sedge
Carex praticola,,FACW,,,FAC,,FAC,FAC,FACW,FAC,Northern Meadow Sedge
Carex preslii,,FACU,,,FACU,,,,FACU,FACU,Presl's Sedge
Carex projecta,FACW,,,FACW,FACW,,FACW,FACW,FACW,,Necklace Sedge
Carex pseudocyperus,,,,OBL,OBL,,OBL,OBL,,,Cypress-Like Sedge
Carex pumila,FACU,,,,,,,,FACU,,Dwarf Sedge
Carex radiata,FAC,,,FAC,FAC,,FAC,FAC,,,Eastern Star Sedge
Carex ramenskii,,,,,,,,,,OBL,Ramensk's Sedge
Carex rariflora,,,,,,,,OBL,,OBL,Loose-Flower Alpine Sedge
Carex raynoldsii,,FACU,,,FACU,,,,FACU,,Raynolds' Sedge
Carex recta,,,,,,,,OBL,,,Estuary Sedge
Carex reniformis,FACW,,,FACW,OBL,,FACW,,,,Kidney-Shape Sedge
Carex retroflexa,FACU,,,FACU,FACU,,FACU,FACU,,,Reflexed Sedge
Carex retrorsa,,OBL,,FACW,OBL,,OBL,OBL,OBL,,Retrorse Sedge
Carex richardsonii,UPL,,,UPL,FAC,,UPL,UPL,FAC,,Richardson's Sedge
Carex rosea,FACU,FAC,,FACU,FACU,,FACU,FACU,FACU,,Rosy Sedge
Carex rostrata,,OBL,,,OBL,,OBL,OBL,OBL,OBL,Swollen Beaked Sedge
Carex rotundata,,,,,,,,,,OBL,Pumpkin-Fruit Sedge
Carex rupestris,,FACU,,,FACU,,,,FACU,FACU,Curly Sedge
Carex salina,,,,,,,,FACW,,,Saltmarsh Sedge
Carex saliniformis,,FACW,,,,,,,FACW,,Santa Cruz Sedge
Carex sartwelliana,,OBL,,,,,,,OBL,,Yosemite Sedge
Carex sartwellii,FACW,OBL,,OBL,FACW,,FACW,OBL,OBL,OBL,Sartwell's Sedge
Carex saxatilis,,OBL,,,OBL,,,FACW,OBL,FACW,Russet Sedge
Carex scabrata,OBL,,,OBL,,,OBL,OBL,,,Eastern Rough Sedge
Carex scabriuscula,,FACW,,,,,,,FACW,,Cascade Sedge
Carex schottii,,OBL,,,,,,,OBL,,Schott's Sedge
Carex schweinitzii,OBL,,,OBL,,,OBL,OBL,,,Schweinitz's Sedge
Carex scirpoidea,,FAC,,,FACU,,FACU,FACU,FAC,FACU,Canadian Single-Spike Sedge
Carex scoparia,FACW,FACW,,FACW,FACW,,FACW,FACW,FACW,,Pointed Broom Sedge
Carex scopulorum,,FACW,,,FACW,,,,OBL,,Holm's Rocky Mountain Sedge
Carex senta,,OBL,,,OBL,,,,OBL,,Western Rough Sedge
Carex seorsa,FACW,,,FACW,,,FACW,FACW,,,Weak Stellate Sedge
Carex serratodens,,FACW,,,,,,,FACW,,Saw-Tooth Sedge
Carex sheldonii,,OBL,,,,,,,OBL,,Sheldon's Sedge
Carex shortiana,FACW,,,FAC,,,FACW,FACW,,,Short's Sedge
Carex siccata,UPL,UPL,,FACU,UPL,,UPL,UPL,FACU,FACU,Dry-Spike Sedge
Carex simulata,,OBL,,,OBL,,,,OBL,,Analogue Sedge
Carex sparganioides,FAC,,,FACU,FAC,,FAC,FACU,,,Burr-Reed Sedge
Carex spectabilis,,FACW,,,FACW,,,,FACW,FACW,Northwestern Showy Sedge
Carex specuicola,,OBL,,,,,,,OBL,,Navajo Sedge
Carex spicata,FAC,,,FAC,,,FACU,FACU,,,Prickly Sedge
Carex spissa,,FAC,,,,,,,FAC,,San Diego Sedge
Carex sprengelii,FACU,FAC,,FACU,FACU,,FAC,FAC,FAC,FAC,Long-Beak Sedge
Carex squarrosa,FACW,,,FACW,FACW,,OBL,OBL,,,Squarrose Sedge
Carex sterilis,OBL,,,OBL,OBL,,OBL,OBL,,,Dioecious Sedge
Carex stevenii,,FAC,,,FAC,,,,FAC,,Steven's Sedge
Carex stipata,OBL,OBL,,OBL,OBL,,OBL,OBL,OBL,OBL,Stalk-Grain Sedge
Carex straminea,OBL,,,OBL,,,OBL,OBL,,,Eastern Straw Sedge
Carex striata,OBL,,,OBL,,,,OBL,,,Walter's Sedge
Carex stricta,OBL,,,OBL,OBL,,OBL,OBL,OBL,,Uptight Sedge
Carex styloflexa,FACW,,,FACW,OBL,,FAC,FAC,,,Bent Sedge
Carex stylosa,,,,,,,,,OBL,FACW,Long-Style Sedge
Carex subbracteata,,FACW,,,,,,,FACW,,Small-Bract Sedge
Carex suberecta,OBL,OBL,,OBL,OBL,,OBL,OBL,,,Prairie Straw Sedge
Carex subfusca,,FAC,,,FACU,FAC,,,FAC,,Rusty Sedge
Carex subnigricans,,FAC,,,,,,,FAC,,Dark Mountain Sedge
Carex subspathacea,,,,,,,,,,OBL,Hoppner's Sedge
Carex superata,FAC,,,FAC,,,,,,,Limestone-Forest Sedge
Carex swanii,UPL,,,FACU,UPL,,FACU,FACU,,,Swan's Sedge
Carex sychnocephala,,FACW,,,FACW,,FACW,FACW,FACW,FACW,Many-Head Sedge
Carex sylvatica,,,,FACU,,,,FACU,FACU,,European Woodland Sedge
Carex tenera,FACW,FACW,,FAC,FACW,,FACW,FAC,FACW,,Quill Sedge
Carex tenuiflora,,OBL,,OBL,OBL,,OBL,OBL,OBL,OBL,Sparse-Flower Sedge
Carex tetanica,FACW,,,FACW,FACW,,FACW,FACW,,,Rigid Sedge
Carex tetrastachya,FACW,,,FACW,FACW,,,,,,Britton's Sedge
Carex thunbergii,,,,,,OBL,,,,,Maui Sedge
Carex thurberi,,FAC,,,,,,,FAC,,Thurber's Sedge
Carex tiogana,,FACW,,,,,,,FACW,,Mono Sedge
Carex torreyi,,FAC,,,UPL,,FACU,FACU,FAC,,Torrey's Sedge
Carex torta,OBL,,,FACW,FACW,,OBL,OBL,,,Twisted Sedge
Carex triangularis,FACW,,,FACW,OBL,,OBL,OBL,,,Eastern Fox Sedge
Carex tribuloides,FACW,,,FACW,OBL,,OBL,FACW,FACW,,Blunt Broom Sedge
Carex trichocarpa,OBL,,,OBL,OBL,,OBL,OBL,,,Hairy-Fruit Sedge
Carex trisperma,OBL,,,OBL,OBL,,OBL,OBL,,,Three-Seed Sedge
Carex tuckermanii,OBL,,,OBL,OBL,,OBL,OBL,,,Tuckerman's Sedge
Carex tumulicola,,FACU,,,,,,,FACU,,Foothill Sedge
Carex turbinata,,FACU,,,,,,,FACU,,Turban Sedge
Carex turgescens,OBL,,,OBL,,,,,,,Pine-Barren Sedge
Carex typhina,OBL,,,FACW,OBL,,OBL,OBL,,,Cat-Tail Sedge
Carex unilateralis,,FACW,,,,,,,FACW,,One-Sided Sedge
Carex ursina,,,,,,,,,,FACW,Bear Sedge
Carex utriculata,OBL,OBL,,OBL,OBL,,OBL,OBL,OBL,OBL,Northwest Territory Sedge
Carex vaginata,,,,,OBL,,OBL,OBL,OBL,OBL,Sheathed Sedge
Carex vallicola,,FAC,,,FAC,,,,FAC,,Valley Sedge
Carex venusta,FACW,,,OBL,,,,OBL,,,Dark-Green Sedge
Carex vernacula,,FAC,,,FAC,,,,FAC,,Native Sedge
Carex verrucosa,OBL,,,OBL,OBL,,,,,,Warty Sedge
Carex vesicaria,OBL,OBL,,OBL,OBL,,OBL,OBL,OBL,,Lesser Bladder Sedge
Carex vexans,FACW,,,,,,,,,,Florida Hammock Sedge
Carex viridula,OBL,OBL,,OBL,OBL,,OBL,OBL,OBL,OBL,Little Green Sedge
Carex vulpinoidea,FACW,OBL,,OBL,FACW,,FACW,OBL,OBL,,Common Fox Sedge
Carex wahuensis,,,,,,FACU,,,,,Oahu Sedge
Carex wiegandii,,,,OBL,,,,OBL,,,Wiegand's Sedge
Carex willdenowii,FACU,,,UPL,,,FACU,UPL,,,Willdenow's Sedge
Carex williamsii,,,,,,,,,,FAC,Williams' Sedge
Carex woodii,UPL,,,UPL,,,FAC,FACU,,,Pretty Sedge
Carica papaya,UPL,,UPL,,,FAC,,,,,Papaya
Carmona retusa,UPL,,,,,FACU,,,,,Scorpion-Bush
Carphephorus carnosus,FACW,,,,,,,,,,Pineland Chaffhead
Carphephorus corymbosus,FACU,,,,,,,,,,Coastal-Plain Chaffhead
Carphephorus odoratissimus,FACW,,,FACW,,,,,,,Carolina-Vanilla
Carphephorus paniculatus,FACW,,,FACW,,,,,,,Hairy Chaffhead
Carphephorus pseudoliatris,OBL,,,,,,,,,,Bristle-Leaf Chaffhead
Carphephorus tomentosus,FACW,,,FACW,,,,,,,Woolly Chaffhead
Carpinus caroliniana,FAC,,,FAC,FAC,,FAC,FAC,,,American Hornbeam
Carpobrotus chilensis,,FACU,,,,,,,FAC,,Baby Sun-Rose
Cartrema americana,FAC,FAC,,FAC,FAC,,,,,,Devilwood
Carum carvi,FACU,FACU,,UPL,UPL,,FACU,UPL,FACU,,Caraway
Carya X lecontei,OBL,,,OBL,,,,,,,_?_
Carya aquatica,OBL,,,OBL,OBL,,OBL,,,,Water Hickory
Carya cordiformis,FAC,,,FACU,FACU,,FACU,FAC,,,Bitter-Nut Hickory
Carya glabra,FACU,,,FACU,FACU,,FACU,FACU,FACU,,Pignut Hickory
Carya illinoinensis,FACU,FAC,,FACU,FAC,,FACW,FACW,FAC,,Pecan
Carya laciniosa,FACW,,,FAC,FAC,,FACW,FACW,,,Shell-Bark Hickory
Carya myristiciformis,FACW,,,FACW,FACW,,FACW,,,,Nutmeg Hickory
Carya ovalis,FACU,,,FACU,FACU,,FACU,FACU,,,Red Hickory
Carya ovata,FACU,,,FACU,FACU,,FACU,FACU,,,Shag-Bark Hickory
Casasia clusiifolia,FAC,,,,,,,,,,Seven-Year-Apple
Cascadia nuttallii,,,,,,,,,OBL,,_?_
Casearia arborea,,,FAC,,,,,,,,Gia-Verde
Casearia decandra,,,FAC,,,,,,,,Wild Honeytree
Casearia guianensis,,,FAC,,,,,,,,Guyanese Wild Coffee
Casearia sylvestris,,,FAC,,,,,,,,Crackopen
Cassiope mertensiana,,FACU,,,FACU,,,,FACU,UPL,Western Moss-Heather
Cassiope tetragona,,FACU,,,FACU,,,,FACU,FACU,White Arctic Mountain-Heather
Cassipourea guianensis,,,FACU,,,,,,,,Goatwood
Cassytha filiformis,FAC,,UPL,,,FACU,,,,,Devil's-Gut
Castilleja ambigua,,FACW,,,,,,,FACW,,Johnnynip
Castilleja arvensis,,,,,,FACU,,,,,Field Indian-Paintbrush
Castilleja campestris,,FACW,,,,,,,FACW,,Vernal-Pool Indian-Paintbrush
Castilleja chrymactis,,,,,,,,,,FAC,Panhandle Indian-Paintbrush
Castilleja coccinea,FAC,,,FAC,FACU,,FAC,FAC,,,Scarlet Indian-Paintbrush
Castilleja indivisa,FAC,,,FAC,FAC,,FAC,,,,Entire-Leaf Indian-Paintbrush
Castilleja lemmonii,,FACW,,,,,,,FACW,,Lemmon's Indian-Paintbrush
Castilleja lineata,,FACW,,,FACW,,,,FACW,,Marsh-Meadow Indian-Paintbrush
Castilleja miniata,,FACW,,,FAC,,,,FACW,FAC,Great Red Indian-Paintbrush
Castilleja minor,,OBL,,,OBL,,,,OBL,,Alkali Indian-Paintbrush
Castilleja mogollonica,,FACW,,,,,,,FACW,,Mogollon Indian-Paintbrush
Castilleja occidentalis,,FAC,,,FAC,,,,FAC,,Pale-Yellow Indian-Paintbrush
Castilleja pallida,,,,,,,,,,FAC,Port Clarence Indian-Paintbrush
Castilleja parviflora,,FAC,,,,,,,FAC,FACW,Small-Flower Indian-Paintbrush
Castilleja raupii,,,,,,,,,,FAC,Raup's Indian-Paintbrush
Castilleja rhexiifolia,,FAC,,,FAC,,,,FAC,,Rosy Indian-Paintbrush
Castilleja salsuginosa,,FAC,,,,,,,,,Monte Neva Indian-Paintbrush
Castilleja septentrionalis,,FACU,,,FAC,,,FACU,FACW,,Labrador Indian-Paintbrush
Castilleja suksdorfii,,FACW,,,,,,,FACW,,Suksdorf's Indian-Paintbrush
Castilleja tenuis,,FAC,,,,,,,FACU,FAC,Hairy Indian-Paintbrush
Castilleja unalaschcensis,,,,,,,,,,FAC,Alaska Indian-Paintbrush
Casuarina cunninghamiana,FAC,,UPL,,,UPL,,,,,River She-Oak
Casuarina equisetifolia,FACU,FACU,FACU,,FACU,FACU,,,,,Beach She-Oak
Casuarina glauca,FAC,,,,,FACU,,,,,Gray She-Oak
Catabrosa aquatica,,OBL,,,OBL,,OBL,OBL,OBL,OBL,Water Whorl Grass
Catalpa bignonioides,UPL,UPL,,FACU,UPL,,FACU,FACU,UPL,,Southern Catalpa
Catalpa speciosa,FACU,FAC,,FAC,FACU,,FACU,FACU,FACU,,Northern Catalpa
Catharanthus roseus,UPL,UPL,FACU,UPL,UPL,UPL,UPL,,,,Madagascar-Periwinkle
Cayaponia americana,FAC,,FACU,,,,,,,,American Melonleaf
Cayaponia quinqueloba,FAC,,,FAC,FAC,,FAC,,,,Five-Lobe-Cucumber
Cayratia trifolia,,,,,,FAC,,,,,Three-Leaf Bushkiller
Cecropia schreberiana,,,FAC,,,,,,,,Pumpwood
Cedrela odorata,,,UPL,,,FACU,,,,,Spanish-Cedar
Celastrus orbiculatus,FACU,,,FACU,UPL,,UPL,FACU,,,Asian Bittersweet
Celastrus scandens,FACU,FACU,,FACU,UPL,,FACU,FACU,FACU,,American Bittersweet
Celosia argentea,FAC,,UPL,FACU,UPL,FACU,UPL,UPL,,,Silver Cock's-Comb
Celtis laevigata,FACW,FAC,,FACW,FAC,,FACW,,FACW,,Sugar-Berry
Celtis occidentalis,FACU,FAC,,FACU,FACU,,FAC,FAC,FACU,,Common Hackberry
Celtis reticulata,UPL,FAC,,UPL,UPL,,UPL,,FACU,,Net-Leaf Hackberry
Cenchrus americanus,FACU,UPL,,FACU,FACU,UPL,FACU,FACU,FACU,,Pearl-Millet
Cenchrus brownii,FACU,,UPL,,FACU,,,,,,Slim-Bristle Sandburr
Cenchrus ciliaris,UPL,UPL,UPL,UPL,UPL,FACU,UPL,UPL,UPL,,Buffel Grass
Cenchrus clandestinus,,FACU,UPL,,,FACU,,,FACU,,Kikuyu Grass
Cenchrus echinatus,UPL,FACU,UPL,UPL,UPL,FACU,,,UPL,,Southern Sandburr
Cenchrus longispinus,FACU,UPL,,UPL,UPL,,UPL,UPL,UPL,,Innocent-Weed
Cenchrus myosuroides,FAC,FACU,UPL,,FACU,,,,,,Big Sandburr
Cenchrus polystachios,FAC,FAC,UPL,,FACU,FACU,,,,,Mission Grass
Cenchrus purpureus,FAC,FACU,FAC,,FAC,FAC,,,,,Elephant Grass
Cenchrus tribuloides,FACU,,UPL,UPL,,UPL,,UPL,,,Sand-Dune Sandburr
Centaurea X moncktonii,FAC,FACU,,FAC,FACU,,FACU,FACU,FAC,,_?_
Centaurea cyanus,FACU,FACU,,FACU,FACU,FACU,FACU,UPL,FACU,UPL,Garden Cornflower
Centaurea jacea,FACU,FACU,,FACU,FACU,,FACU,FACU,FACU,,Brown-Ray Knapweed
Centaurium erythraea,FAC,FAC,,FAC,,UPL,FACU,FAC,FAC,,European Centaury
Centaurium pulchellum,FACU,FACU,,FAC,FACU,,FACU,FAC,FACU,,Branched Centaury
Centaurium tenuiflorum,FACW,FACW,,,FACW,,,,FACW,,Slender Centaury
Centella asiatica,,,,,,FAC,,,FAC,,Asiatic Spadeleaf
Centella erecta,FACW,,FACW,FACW,FACW,,FACW,,,,Stiff Spadeleaf
Centipeda minima,FAC,FAC,,FACU,,,,UPL,,,Spreading-Sneezeweed
Centratherum punctatum,FACU,,FACU,,,FACU,,,,,Larkdaisy
Centromadia fitchii,,FACU,,,,,,,FACU,,Fitch's False Tarplant
Centromadia parryi,,FACW,,,,,,,FAC,,Parry's False Tarplant
Centromadia pungens,,FAC,,,,,,FAC,UPL,,Pungent False Tarplant
Centrosema pubescens,,,UPL,,,FAC,,,,,Mexican Butterfly-Pea
Cephalanthus occidentalis,OBL,OBL,,OBL,OBL,,OBL,OBL,OBL,,Common Buttonbush
Cephalanthus salicifolius,OBL,,,,OBL,,,,,,Mexican Buttonbush
Cerastium arvense,FACU,FACU,,UPL,FACU,,FACU,FACU,FACU,FAC,Field Mouse-Ear Chickweed
Cerastium axillare,,FACU,,,FAC,,,,FACU,,Trans-Pecos Mouse-Ear Chickweed
Cerastium beeringianum,,FACU,,,FAC,,,,FACU,FAC,Bering Sea Mouse-Ear Chickweed
Cerastium brachypodum,FACU,FAC,,FACU,FACU,,FACU,FACU,FAC,,Short-Stalk Mouse-Ear Chickweed
Cerastium fischerianum,,,,,,,,,,FACW,Fischer's Mouse-Ear Chickweed
Cerastium fontanum,FAC,FACU,,FACU,FACU,FACU,FACU,FACU,FACU,FACU,Common Mouse-Ear Chickweed
Cerastium glomeratum,FACU,UPL,,UPL,FACU,UPL,FACU,FACU,FACU,UPL,Sticky Mouse-Ear Chickweed
Cerastium nutans,FACU,FACU,,FAC,FAC,,FACU,FACU,FACU,,Nodding Mouse-Ear Chickweed
Cerastium regelii,,,,,,,,,,FACW,Regel's Mouse-Ear Chickweed
Ceratophyllum demersum,OBL,OBL,OBL,OBL,OBL,OBL,OBL,OBL,OBL,OBL,Coon's-Tail
Ceratophyllum echinatum,OBL,,,OBL,OBL,,OBL,OBL,OBL,,Spineless Hornwort
Ceratophyllum muricatum,OBL,,,OBL,,,,OBL,,,Prickly Hornwort
Ceratopteris gaudichaudii,,,,,,FACW,,,,,_?_
Ceratopteris pteridoides,OBL,,,,,,,,,,Floating Antler Fern
Ceratopteris richardii,OBL,,OBL,OBL,,,,,,,Triangle Water Fern
Ceratopteris thalictroides,OBL,OBL,OBL,,OBL,OBL,,,,,Watersprite
Cerbera dilatata,,,,,,FACU,,,,,_?_
Cercis canadensis,UPL,UPL,,FACU,UPL,,FACU,FACU,UPL,,Redbud
Cestrum diurnum,UPL,,UPL,,UPL,FACU,,,,,Day Flowering-Jassamine
Cestrum laurifolium,,,FACU,,,,,,,,Galan-Del-Monte
Cestrum nocturnum,UPL,UPL,UPL,UPL,UPL,FACU,,,,,Night Flowering-Jassamine
Chaerophyllum procumbens,FACW,,,FACW,FAC,,FACW,FAC,,,Spreading Chervil
Chaerophyllum tainturieri,FAC,FAC,,FAC,FAC,,FACU,FACU,FAC,,Hairy-Fruit Chervil
Chamaecrista diphylla,,,FACU,,,,,,,,Two-Leaf Sensitive-Pea
Chamaecrista fasciculata,FACU,FACU,,FACU,FACU,,FACU,FACU,FACU,,Sleepingplant
Chamaecrista nictitans,FACU,,FACU,FACU,FACU,FACU,FACU,FACU,,,Partridge-Pea
Chamaecyparis lawsoniana,,FACU,,,FACU,,,,FACU,,Port Orford-Cedar
Chamaecyparis thyoides,OBL,,,OBL,,,,OBL,,,Atlantic White-Cedar
Chamaedaphne calyculata,OBL,,,OBL,OBL,,OBL,OBL,,FACW,Leatherleaf
Chamaelirium luteum,FACU,,,FAC,,,FACU,FACU,,,Fairywand
Chamaenerion angustifolium,FACU,FACU,,FAC,FAC,,FAC,FAC,FACU,FACU,Narrow-Leaf Fireweed
Chamaenerion latifolium,,FACW,,,,,,,FACW,FAC,Broad-Leaf Fireweed
Chamissoa altissima,,,FACU,,,,,,,,False Chaff-Flower
Chaptalia tomentosa,FACW,,,FACW,,,,,,,Woolly Sunbonnets
Chasmanthium latifolium,FAC,FAC,,FACU,FACU,,FACW,FACW,FAC,,Indian Wood-Oats
Chasmanthium laxum,FACW,,,FAC,FAC,,FACW,FACW,,,Slender Wood-Oats
Chasmanthium nitidum,FACW,,,FACW,,,,,,,Shiny Wood-Oats
Chasmanthium ornithorhynchum,FACW,,,,,,,,,,Bird-Bill Wood-Oats
Chasmanthium sessiliflorum,FAC,,,FAC,FAC,,FAC,,,,Long-Leaf Wood-Oats
Cheilanthes tenuifolia,,,,,,FAC,,,,,_?_
Cheilocostus speciosus,,,FAC,,,FAC,,,,,Cane-Reed
Cheirodendron dominii,,,,,,FACW,,,,,Domin's-Club
Cheirodendron fauriei,,,,,,FAC,,,,,Faurie's-Club
Cheirodendron forbesii,,,,,,FAC,,,,,Olapa
Cheirodendron platyphyllum,,,,,,FAC,,,,,Lapalapa
Cheirodendron trigynum,,,,,,FAC,,,,,Olapalapa
Chelidonium majus,UPL,FACU,,UPL,FACU,,UPL,UPL,FACU,,Greater Celandine
Chelone cuthbertii,OBL,,,OBL,,,,,,,Cuthbert's Turtlehead
Chelone glabra,OBL,,,OBL,OBL,,OBL,OBL,,,White Turtlehead
Chelone lyonii,FACW,,,FACW,,,,FACW,FACW,,Pink Turtlehead
Chelone obliqua,OBL,,,OBL,OBL,,OBL,OBL,,,Red Turtlehead
Chenopodium album,FACU,FACU,,FACU,FACU,UPL,FACU,FACU,FACU,FACU,Lamb's-Quarters
Chenopodium chenopodioides,,FACW,,,FACW,,,FACW,FAC,,Low Goosefoot
Chenopodium foliosum,,FACU,,,FACU,,FACU,FACU,FACU,,Leafy Goosefoot
Chenopodium fremontii,FACU,FACU,,FACU,FACU,,UPL,FACU,FACU,,Fremont's Goosefoot
Chenopodium glaucum,FAC,FAC,,FACW,FAC,,FACW,FACW,FAC,FAC,Oak-Leaf Goosefoot
Chenopodium leptophyllum,,FACU,,,FACU,,FACU,FACU,FACU,FACU,Narrow-Leaf Goosefoot
Chenopodium macrospermum,FACW,FACW,,FACW,,,,,FACW,,Large-Seed Goosefoot
Chenopodium murale,FACU,FACU,UPL,FACU,FACU,FACU,FACU,FACU,FACU,,Nettle-Leaf Goosefoot
Chenopodium rubrum,FACW,FACW,,FACW,OBL,,OBL,OBL,FACW,OBL,Red Goosefoot
Chilopsis linearis,FACU,FAC,,,FACU,,,,FAC,,Desert-Willow
Chiococca alba,FAC,,UPL,,FACU,,,,,,West Indian Milkberry
Chionanthus virginicus,FACU,,,FAC,FACU,,FAC,FAC,,,White Fringetree
Chionophila jamesii,,FACU,,,FACU,,,,FACU,,Rocky Mountain Snowlover
Chloracantha spinosa,FACW,FAC,,,FACW,,,,FAC,,Mexican-Devilweed
Chloris barbata,FACU,,FACU,,FACU,FACU,,,,,Swollen Windmill Grass
Chloris ciliata,UPL,,FACU,,UPL,,,UPL,,,Fringed Windmill Grass
Chloris gayana,FACU,FACU,FACU,FACU,FACU,FACU,FACU,FACU,FACU,,Rhodes Grass
Chloris radiata,UPL,,FACU,,,FACU,,,UPL,,Plush Grass
Chloris virgata,FACU,FACU,,FACU,FACU,FACU,FACU,FACU,FACU,,Feather Windmill Grass
Chloropyron maritimum,,OBL,,,,,,,OBL,,Saltmarsh Salt-Bird's-Beak
Chloropyron molle,,OBL,,,,,,,OBL,,Soft Salt-Bird's-Beak
Chloropyron palmatum,,OBL,,,,,,,OBL,,Palm-Bract Salt-Bird's-Beak
Chloropyron tecopense,,FACW,,,,,,,FACW,,Tecopa Salt-Bird's-Beak
Christella X incesta,,,,,,FACU,,,,,_?_
Christella X palmeri,,,,,,FACU,,,,,_?_
Christella boydiae,,,,,,FAC,,,,,Boyd's Waterfall Fern
Christella cyatheoides,,,,,,FACU,,,,,Kikawaio
Christella dentata,FACW,,FACU,FAC,FAC,FAC,,,,,Pai'i'iho
Christella hispidula,FACW,,FAC,FACU,FAC,,,,,,Rough-Hairy Waterfall Fern
Christella parasitica,,,,,,FAC,,,,,Parasitic Waterfall Fern
Chromolaena odorata,FAC,,FACU,,FAC,UPL,,,,,Jack-in-the-Bush
Chrysobalanus icaco,FACW,,FAC,,,,,,,,Icaco Coco-Plum
Chrysoma pauciflosculosa,FAC,,,FAC,,,,,,,Woody-Goldenrod
Chrysophyllum argenteum,,,FACW,,,,,,,,Bastard-Redwood
Chrysopogon aciculatus,,,,,,FAC,,,,,Golden False Beard Grass
Chrysopogon pauciflorus,FACU,,,,,,,,,,Florida False Beard Grass
Chrysopogon zizanioides,FACW,,FAC,,FACW,,,,,,Khus-Khus
Chrysopsis gossypina,UPL,,,FACU,,,,,,,Cottony Golden-Aster
Chrysopsis mariana,UPL,,,UPL,FACU,,UPL,UPL,,,Maryland Golden-Aster
Chrysosplenium americanum,OBL,,,OBL,,,OBL,OBL,,,American Golden-Saxifrage
Chrysosplenium glechomifolium,,OBL,,,,,,,OBL,,Pacific Golden-Saxifrage
Chrysosplenium iowense,,,,,,,OBL,,,,Alternate-Leaf Golden-Saxifrage
Chrysosplenium rosendahlii,,,,,,,,,,FACW,Rosendahl's Golden-Saxifrage
Chrysosplenium tetrandrum,,OBL,,,,,,,OBL,OBL,Northern Golden-Saxifrage
Chrysosplenium wrightii,,,,,,,,,,FAC,Wright's Golden-Saxifrage
Chusquea abietifolia,,,FAC,,,,,,,,Climbing Bamboo
Cibotium X heleniae,,,,,,FACU,,,,,_?_
Cibotium chamissoi,,,,,,FAC,,,,,Hapu'u
Cibotium glaucum,,,,,,FAC,,,,,Hapu'u pulu
Cibotium menziesii,,,,,,FACU,,,,,Hapu'u'ii
Cibotium nealiae,,,,,,FACU,,,,,Neal's Man Fern
Cicendia quadrangularis,,FAC,,,,,,,FACW,,Oregon Timwort
Cichorium intybus,FACU,FACU,,FACU,FACU,,FACU,FACU,FACU,,Chicory
Cicuta bulbifera,OBL,OBL,,OBL,OBL,,OBL,OBL,OBL,OBL,Bulblet-Bearing Water-Hemlock
Cicuta douglasii,,OBL,,,OBL,,,,OBL,OBL,Western Water-Hemlock
Cicuta maculata,OBL,OBL,,OBL,OBL,,OBL,OBL,OBL,OBL,Spotted Water-Hemlock
Cicuta virosa,,,,,,,,,,OBL,Mackenzie's Water-Hemlock
Cinna arundinacea,FACW,,,FACW,FACW,,FACW,FACW,,,Sweet Wood-Reed
Cinna bolanderi,,FACW,,,,,,,FACW,,Bolander's Wood-Reed
Cinna latifolia,FACW,FACW,,FACW,OBL,,FACW,FACW,FACW,FACW,Slender Wood-Reed
Cinnamomum camphora,UPL,UPL,UPL,FACU,UPL,UPL,,,UPL,,Camphortree
Cinnamomum elongatum,,,FACU,,,,,,,,Laurel-Avispillo
Circaea alpina,FACW,FAC,,FACW,FACW,,FACW,FACW,FAC,FACW,Small Enchanter's-Nightshade
Circaea canadensis,FACU,,,FACU,FACU,,FACU,FACU,FACU,,Broad-Leaf Enchanter's-Nightshade
Cirsium andrewsii,,FAC,,,,,,,FAC,,Franciscan Thistle
Cirsium arizonicum,,FACU,,,FAC,,,,FAC,,Arizona Thistle
Cirsium arvense,FACU,FACU,,FACU,FACU,,FACU,FACU,FAC,FAC,Canadian Thistle
Cirsium crassicaule,,OBL,,,,,,,OBL,,Slough Thistle
Cirsium discolor,UPL,,,UPL,FACU,,FACU,UPL,,,Field Thistle
Cirsium douglasii,,OBL,,,,,,,OBL,,Douglas' Thistle
Cirsium drummondii,,,,,FAC,,,,FAC,,Dwarf Thistle
Cirsium edule,,FAC,,,,,,,FAC,FAC,Edible Thistle
Cirsium flodmanii,FAC,FAC,,FAC,FAC,,FAC,FACU,FAC,,Flodman's Thistle
Cirsium foliosum,,FAC,,,FACU,,,,FAC,FACU,Elk Thistle
Cirsium fontinale,,OBL,,,,,,,OBL,,Fountain Thistle
Cirsium horridulum,FAC,,,FACU,FAC,,FACU,FACU,,,Yellow Thistle
Cirsium hydrophilum,,OBL,,,,,,,,,Suisun Thistle
Cirsium lecontei,FACW,,,FACW,,,,,,,Le Conte's Thistle
Cirsium mohavense,,FACU,,,,,,,FACU,,Mojave Thistle
Cirsium muticum,OBL,,,OBL,FACW,,OBL,OBL,,,Swamp Thistle
Cirsium nuttallii,FAC,FAC,,FAC,FAC,,,,,,Nuttall's Thistle
Cirsium palustre,,,,,,,FACW,FACW,,,Marsh Thistle
Cirsium parryi,,FACW,,,FACW,,,,FACW,,Parry's Thistle
Cirsium pitcheri,,,,,,,FACU,UPL,,,Sand Dune Thistle
Cirsium scariosum,,FAC,,,FAC,,,,FAC,,Meadow Thistle
Cirsium tracyi,,FACU,,,FACU,,,,FACU,,Tracy's Thistle
Cirsium undulatum,FACU,FACU,,FAC,FACU,,FACU,FACU,FACU,,Wavy-Leaf Thistle
Cirsium vinaceum,,OBL,,,OBL,,,,OBL,,Sacramento Mountain Thistle
Cirsium virginianum,FACW,,,FACW,,,,,,,Virginia Thistle
Cirsium vulgare,FACU,FACU,,FACU,UPL,FACU,FACU,FACU,FACU,UPL,Bull Thistle
Cirsium wrightii,,OBL,,,OBL,,,,OBL,,Wright's Thistle
Cissus erosa,,,FACU,,,,,,,,Caro-de-Tres-Hojas
Cissus quadrangularis,,,,,,FACU,,,,,Winged Treebine
Cissus trifoliata,UPL,UPL,FACU,UPL,FACU,,FAC,,UPL,,Sorrelvine
Cissus verticillata,FAC,,FAC,,,,,,,,Seasonvine
Cistanthe ambigua,,FAC,,,,,,,FAC,,Desert Pussypaws
Citharexylum caudatum,,,FACU,,,UPL,,,,,Juniper-Berry
Citharexylum spinosum,FACU,,UPL,,,FAC,,,,,Spiny Fiddlewood
Citrullus lanatus,UPL,UPL,UPL,UPL,UPL,,FACU,UPL,UPL,,Watermelon
Citrus X aurantium,FACU,,UPL,,FACU,FACU,,,,,_?_
Citrus X limon,UPL,,UPL,,,FACU,,,,,_?_
Citrus X sinensis,UPL,,UPL,,,FACU,,,,,_?_
Citrus aurantiifolia,FACU,,UPL,,,FACU,,,,,_?_
Citrus hystrix,,,,,,FACU,,,,,_?_
Citrus macroptera,,,,,,FACU,,,,,_?_
Citrus medica,FAC,,UPL,,,UPL,,,,,Citron
Citrus reticulata,UPL,,UPL,,,FACU,,,,,Tangerine
Cladium californicum,,OBL,,,OBL,,,,OBL,,California Saw-Grass
Cladium mariscoides,OBL,,,OBL,OBL,,OBL,OBL,,,Smooth Saw-Grass
Cladium mariscus,OBL,OBL,OBL,,OBL,OBL,,,OBL,,Swamp Saw-Grass
Clappia suaedifolia,FACW,,,,FACW,,,,,,Fleshy Clapdaisy
Claytonia acutifolia,,,,,,,,,,FACU,Grass-Leaf Springbeauty
Claytonia arctica,,,,,,,,,,FAC,Arctic Springbeauty
Claytonia caroliniana,FACU,,,FACU,,,FACU,FACU,,,Carolina Springbeauty
Claytonia cordifolia,,FAC,,,,,,,FAC,,Heart-Leaf Springbeauty
Claytonia gypsophiloides,,FACU,,,,,,,FACW,,Gypsum Springbeauty
Claytonia lanceolata,,FAC,,,FACW,,,,FAC,,Lance-Leaf Springbeauty
Claytonia megarhiza,,FACU,,,FACU,,,,FACU,,Alpine Springbeauty
Claytonia multiscapa,,FAC,,,FAC,,,,FAC,FAC,Many-Stem Springbeauty
Claytonia nevadensis,,FAC,,,,,,,FAC,,Sierran Springbeauty
Claytonia palustris,,FACW,,,,,,,FACW,,Jonesville Springbeauty
Claytonia parviflora,,FACU,,,,,,,FACU,FACU,Streambank Springbeauty
Claytonia perfoliata,FACU,FAC,,FACU,FACW,,,FACU,FAC,FACW,Miner's-Lettuce
Claytonia sarmentosa,,,,,,,,,,FAC,Alaska Springbeauty
Claytonia sibirica,,FAC,,,,,,FACW,FAC,FACW,Siberian Springbeauty
Claytonia tuberosa,,,,,,,,,,FACW,Tuberous Springbeauty
Claytonia virginica,FACU,,,FAC,FACU,,FACU,FACU,,,Virginia Springbeauty
Claytonia washingtoniana,,FACU,,,,,,,FACU,,Washington Springbeauty
Cleistesiopsis divaricata,FAC,,,FAC,,,,,,,Rosebud Orchid
Clematis addisonii,,,,FACU,,,,,,,Addison's Leather-Flower
Clematis baldwinii,FACW,,,,,,,,,,Pine-Hyacinth
Clematis catesbyana,FAC,,,FAC,,,FAC,,,,Satincurls
Clematis crispa,FACW,FACW,,FACW,FAC,,OBL,,,,Swamp Leather-Flower
Clematis glaucophylla,FAC,,,FAC,,,,,,,White-Leaf Leather-Flower
Clematis ligusticifolia,FACW,FAC,,FACW,FACU,,FACU,,FAC,,Deciduous Traveler's-Joy
Clematis pitcheri,FACU,FACU,,FACU,FACU,,FACU,FACU,FACU,,Bluebill
Clematis terniflora,FACU,FACU,,FACU,FACU,,UPL,UPL,,,Sweet Autumn Virgin's-Bower
Clematis virginiana,FAC,,,FAC,FAC,,FAC,FAC,,,Devil's-Darning-Needles
Clematis vitalba,UPL,FAC,,UPL,,,,FACU,FAC,,Evergreen Traveler's-Joy
Cleomella angustifolia,FAC,,,FAC,FAC,,FAC,,FAC,,Northern Stinkweed
Cleomella brevipes,,FACW,,,,,,,FACU,,Short-Stalk Stinkweed
Cleomella longipes,,FACU,,,FAC,,,,FACU,,Chiricahua Mountain Stinkweed
Cleomella parviflora,,FACW,,,,,,,FACW,,Small-Flower Stinkweed
Cleomella plocasperma,,FACW,,,,,,,FACW,,Alkali Stinkweed
Clermontia X leptoclada,,,,,,FAC,,,,,_?_
Clermontia arborescens,,,,,,FAC,,,,,Oha Wai Nui
Clermontia calophylla,,,,,,FAC,,,,,Lava Clermontia
Clermontia clermontioides,,,,,,FACU,,,,,Kauai Clermontia
Clermontia drepanomorpha,,,,,,FACW,,,,,Kohala Mountain Clermontia
Clermontia fauriei,,,,,,FAC,,,,,Haha'aiakamanu
Clermontia grandiflora,,,,,,FACW,,,,,Bog Clermontia
Clermontia hawaiiensis,,,,,,FACU,,,,,Oha Kepau
Clermontia kakeana,,,,,,FAC,,,,,Forest Clermontia
Clermontia kohalae,,,,,,FAC,,,,,Waipio Valley Clermontia
Clermontia micrantha,,,,,,FACW,,,,,Maui Clermontia
Clermontia oblongifolia,,,,,,FAC,,,,,Oahu Clermontia
Clermontia pallida,,,,,,FAC,,,,,Wailai Pali Clermontia
Clermontia parviflora,,,,,,FACU,,,,,Small-Flower Clermontia
Clermontia persicifolia,,,,,,FACU,,,,,Waioiani Clermontia
Clermontia samuelii,,,,,,FAC,,,,,Hana Clermontia
Clermontia tuberculata,,,,,,FAC,,,,,Haleakala Clermontia
Clermontia waimeae,,,,,,FAC,,,,,Swamp-Forest Clermontia
Clerodendrum aculeatum,,,FACW,,,,,,,,Haggarbush
Clerodendrum chinense,UPL,,UPL,,,FAC,,,,,Stickbush
Clerodendrum inerme,,,FACU,,,FACW,,,,,Embrert
Clethra alnifolia,FACW,,,FAC,FACW,,,FAC,,,Coastal Sweet-Pepperbush
Clibadium erosum,,,FACW,,,,,,,,Jackass-Breadnut
Clidemia cymosa,,,FACW,,,,,,,,Camasey Tercipelo
Clidemia hirta,,,FACW,,,FACU,,,,,Soapbush
Clidemia strigillosa,,,FACW,,,,,,,,Strigose Tercipelo
Cliftonia monophylla,OBL,,,OBL,,,,,,,Buckwheat-Tree
Clinopodium arkansanum,FACW,FAC,,FACU,FAC,,FACW,FACW,FAC,,Limestone Wild Basil
Clinopodium brownei,OBL,,,,OBL,,,,,,Browne's Wild Basil
Clinopodium douglasii,,FACU,,,,,,,FACU,FACU,Oregon-Tea
Clintonia borealis,,,,FAC,FAC,,FAC,FAC,,,Yellow Bluebead-Lily
Clitoria falcata,,,FAC,,,,,,,,Sickle Pigeonwings
Clitoria laurifolia,,,FACW,,,,,,,,Laurel-Leaf Pigeonwings
Clitoria mariana,FACU,FACU,,FACU,FACU,,FACU,FACU,FACU,,Atlantic Pigeonwings
Clitoria ternatea,FACU,,UPL,FACU,FACU,UPL,,,,,Asian Pigeonwings
Clusia clusioides,,,FAC,,,,,,,,Cupeillo
Clusia gundlachii,,,FAC,,,,,,,,Grundlach's-Attorney
Clusia minor,,,FACW,,,,,,,,Cupey-de-Monte
Clusia rosea,FAC,,FACU,,,FACU,,,,,Scotch-Attorney
Cnemidaria horrida,,,FAC,,,,,,,,Deepwoods Fern
Cnidium cnidiifolium,,,,,,,,,,FAC,Jakutsk Snow-Parsley
Coccoloba pyrifolia,,,FAC,,,,,,,,Uvera
Coccoloba rugosa,,,FAC,,,,,,,,Ortegon
Coccoloba sintenisii,,,FACU,,,,,,,,Uvero-de-Monte
Coccoloba swartzii,,,FAC,,,,,,,,Swartz's Pigeon-Plum
Coccoloba uvifera,FACU,,FACU,,,FACU,,,,,Seaside-Grape
Cocculus carolinus,FAC,FACU,,FAC,FACU,,FAC,,,,Carolina Coralbead
Cocculus orbiculatus,,,,,,FACU,,,,,Queen Coralbead
Cochlearia groenlandica,,,,,,,,,FACW,FACW,Danish Scurvy-Grass
Cochlearia sessilifolia,,,,,,,,,,FACW,Sessile-Leaf Scurvy-Grass
Cocos nucifera,UPL,,FACU,,,FACU,,,,,Coconut Palm
Coeloglossum viride,FAC,FAC,,FACU,FACU,,FAC,FAC,FAC,FACW,Long-Bract Frog Orchid
Coelorachis cylindrica,FAC,,,FAC,FAC,,FACU,FACU,,,Carolina Joint-Tail Grass
Coelorachis rugosa,OBL,,,OBL,FACW,,,,,,Wrinkled Joint-Tail Grass
Coelorachis tessellata,FACW,,,,,,,,,,Lattice Joint-Tail Grass
Coelorachis tuberculosa,OBL,,,,,,,,,,Florida Joint-Tail Grass
Coffea arabica,,,UPL,,,FACU,,,,,Arabian Coffee
Coffea liberica,,,UPL,,,FACU,,,,,Liberian Coffee
Coix lacryma-jobi,FACW,FACW,OBL,FACW,FACW,FACW,FACW,FACW,,,Job's-Tears
Coleanthus subtilis,,OBL,,,,,,,OBL,,Moss Grass
Coleataenia abscissa,FACW,,,,,,,,,,Cut-Throat Grass
Coleataenia anceps,FAC,,,FAC,FAC,,FACW,FACW,,,Beaked Cut-Throat Grass
Coleataenia longifolia,FACU,,,FACU,,,FACU,FACW,,,Long-Leaf Cut-Throat Grass
Coleataenia rigidula,FACW,FACW,OBL,FACW,FACW,,FACW,FACW,FACW,,Red-Top Cut-Throat Grass
Coleataenia stenodes,,,OBL,,,,,,,,Savannah Cut-Throat Grass
Coleataenia stipitata,FACW,,,FACW,FACW,,FACW,FACW,,,Stipitate Cut-Throat Grass
Coleataenia tenera,FACW,,OBL,FACW,FACW,,,,,,Southeastern Cut-Throat Grass
Collinsia tinctoria,,FACU,,,,,,,FACU,,Tinctureplant
Collinsia verna,FAC,,,FAC,FAC,,FACU,FACU,,,Spring Blue-Eyed Mary
Collinsonia canadensis,FAC,,,FAC,,,FAC,FAC,,,Richweed
Collomia linearis,UPL,FACU,,UPL,FACU,UPL,FACU,FACU,FACU,FACU,Narrow-Leaf Mountain-Trumpet
Collomia rawsoniana,,FACU,,,,,,,FACU,,Flaming Mountain-Trumpet
Colocasia esculenta,FACW,,OBL,FACW,OBL,OBL,,,,,Coco-Yam
Colubrina asiatica,FACW,,,,,FAC,,,,,Asian Nakedwood
Comandra umbellata,UPL,UPL,,FACU,UPL,,FACU,FACU,FACU,FACU,Bastard-Toadflax
Comarum palustre,,OBL,,OBL,OBL,,OBL,OBL,OBL,OBL,Purple Marshlocks
Comastoma tenellum,,FACW,,,FAC,,,,FACW,FACW,Samiland-Gentian
Commelina benghalensis,FACU,FACU,UPL,FACU,,FACU,,,,,Jio
Commelina caroliniana,FAC,,,FAC,FACU,,FACU,,,,Carolina Dayflower
Commelina communis,FAC,FAC,,FAC,FAC,,FACU,FAC,FAC,,Asiatic Dayflower
Commelina diffusa,FACW,,FAC,FACW,FACW,FACW,FACW,FACW,,,Climbing Dayflower
Commelina erecta,FACU,FACU,FAC,FAC,FACU,,FAC,UPL,FACU,,White-Mouth Dayflower
Commelina nigritana,FACW,,,,,,,,,,African Dayflower
Commelina rufipes,,,FACU,,,,,,,,Cojite-Blanco
Commelina virginica,FACW,,FACU,FACW,FAC,,FACW,FACW,,,Virginia Dayflower
Comocladia glabra,,,FAC,,,,,,,,Carrasco
Condea americana,,,FAC,,,,,,,,_?_
Coniogramme pilosa,,,,,,FACU,,,,,Loulu
Conioselinum chinense,FACW,,,FACW,FACW,,FACW,FACW,,,Chinese Hemlock-Parsley
Conioselinum pacificum,,FAC,,,,,,,FACW,FACW,Pacific Hemlock-Parsley
Conioselinum scopulorum,,FACW,,,FACW,,,,FACW,,Rocky Mountain Hemlock-Parsley
Conium maculatum,FACW,FACW,,FACW,FACW,,FACW,FACW,FAC,,Poison-Hemlock
Conocarpus erectus,FACW,,FACW,,FACW,FACW,,,,,Button Mangrove
Conoclinium betonicifolium,FACW,,,,FACW,,,,,,Betony-Leaf Mistflower
Conoclinium coelestinum,FAC,,,FAC,FACW,,FACW,FAC,,,Blue Mistflower
Conoclinium dissectum,,FACU,,,FACW,,,,FACU,,Pinked Mistflower
Conostegia rufescens,,,FAC,,,,,,,,Rufous Snailwood
Conradina verticillata,,,,FACW,,,,,,,Cumberland Dixie Rosemary
Convolvulus equitans,FACU,FACU,,FACU,FACU,,FACU,,FACU,,Texas Bindweed
Cooperia chlorosolen,FACU,FACU,,FACU,FAC,,FACU,,,,Evening Rain-Lily
Coprosma elliptica,,,,,,FACW,,,,,Bog Mirrorplant
Coprosma ernodeoides,,,,,,FACU,,,,,Aiakanene
Coprosma foliosa,,,,,,FACU,,,,,Forest Mirrorplant
Coprosma granadensis,,,,,,FACW,,,,,Makole
Coprosma kauensis,,,,,,FACU,,,,,Koi
Coprosma longifolia,,,,,,FACU,,,,,Oahu Mirrorplant
Coprosma ochracea,,,,,,FAC,,,,,Maui Mirrorplant
Coprosma pubens,,,,,,FAC,,,,,Pubescent Mirrorplant
Coptidium lapponicum,,,,,OBL,,,OBL,,OBL,_?_
Coptidium pallasii,,,,,,,,,,OBL,_?_
Coptis aspleniifolia,,,,,,,,,FAC,FAC,Fern-Leaf Goldthread
Coptis laciniata,,FAC,,,,,,,FAC,,Oregon Goldthread
Coptis trifolia,FACW,,,FACW,FACW,,FACW,FACW,,FAC,Three-Leaf Goldthread
Corallorhiza maculata,UPL,UPL,,FACU,UPL,,FACU,FACU,UPL,UPL,Summer Coralroot
Corallorhiza striata,,FACU,,,UPL,,FACU,FACU,FACU,,Hooded Coralroot
Corallorhiza trifida,FACW,FAC,,FACW,FAC,,FACW,FACW,FAC,FACW,Yellow Coralroot
Corallorhiza wisteriana,UPL,FAC,,FAC,FACU,,FACU,FACU,FAC,,Spring Coralroot
Corchorus aestuans,FAC,,UPL,,,FAC,,,,,Jute
Corchorus siliquosus,FAC,,FACU,,,,,,,,Slippery-Burr
Cordia bellonis,,,FACW,,,,,,,,Serpentine Manjack
Cordia borinquensis,,,FACW,,,,,,,,Muneco
Cordia dichotoma,UPL,,,,,FACU,,,,,Fragrant Manjack
Cordia sebestena,FAC,,UPL,,,,,,,,Large-Leaf Geigertree
Cordia subcordata,,,,,,FACU,,,,,Kou
Cordia wagneriorum,,,FAC,,,,,,,,Luquillo Mountain Manjack
Cordylanthus eremicus,,FACW,,,,,,,FACW,,Desert Bird's-Beak
Cordylanthus ramosus,,FACU,,,FACW,,,,FACW,,Bushy Bird's-Beak
Cordyline fruticosa,,,UPL,,,FAC,,,,,Tiplant
Coreopsis falcata,FACW,,,FACW,,,,,,,Sickle Tickseed
Coreopsis floridana,OBL,,,,,,,,,,Florida Tickseed
Coreopsis gladiata,FACW,,,FACW,,,,,,,Coastal-Plain Tickseed
Coreopsis integrifolia,FACW,,,FACU,,,,,,,Fringe-Leaf Tickseed
Coreopsis lanceolata,UPL,FACU,,FACU,FACU,UPL,FACU,FACU,UPL,,Lance-Leaf Tickseed
Coreopsis leavenworthii,FACW,,,,,,,,,,Leavenworth's Tickseed
Coreopsis linifolia,FACW,,,FACW,,,,,,,Texas Tickseed
Coreopsis nudata,OBL,,,,,,,,,,Georgia Tickseed
Coreopsis pubescens,FAC,,,FACU,FACU,,FACU,FACU,,,Star Tickseed
Coreopsis rosea,FACW,,,FACW,,,,FACW,,,Pink Tickseed
Coreopsis tinctoria,FAC,FACU,,FAC,FAC,FACU,FACU,FACU,FACU,,Golden Tickseed
Coreopsis tripteris,FAC,,,FAC,FAC,,FAC,FAC,,,Tall Tickseed
Corispermum americanum,FACU,FACU,,FACU,FACU,,FACU,FACU,FACU,,American Bugseed
Corispermum hyssopifolium,,FACU,,,FACU,,,,FACU,,Hyssop-Leaf Bugseed
Corispermum welshii,UPL,FACU,,,UPL,,FACU,FACU,FACU,,Welsh's Bugseed
Cornus alba,FACW,FACW,,FACW,FACW,,FACW,FACW,FACW,FAC,Red Osier
Cornus alternifolia,FAC,,,FAC,FACU,,FAC,FACU,,,Alternate-Leaf Dogwood
Cornus amomum,FACW,,,FACW,,,FACW,FACW,,,Silky Dogwood
Cornus asperifolia,FACW,,,FACW,,,,,,,Tough-Leaf Dogwood
Cornus canadensis,FACU,FAC,,FAC,FACU,,FAC,FAC,FAC,FACU,Canadian Bunchberry
Cornus drummondii,FAC,,,FAC,FAC,,FAC,FAC,,,Rough-Leaf Dogwood
Cornus florida,FACU,,,FACU,FACU,,FACU,FACU,,,Flowering Dogwood
Cornus foemina,FACW,,,FACW,FACW,,FACW,,,,Stiff Dogwood
Cornus glabrata,,FACW,,,,,,,FACW,,Smooth-Leaf Dogwood
Cornus nuttallii,,FACU,,,,,,,FACU,,Pacific Flowering Dogwood
Cornus obliqua,FACW,,,FACW,FACW,,FACW,FACW,,,Pale Dogwood
Cornus racemosa,FAC,,,FAC,FAC,,FAC,FAC,,,Gray Dogwood
Cornus sessilis,,FAC,,,,,,,FAC,,Black-Fruit Dogwood
Cornus suecica,,,,,,,,,,FAC,Dwarf Bog Bunchberry
Cornutia obovata,,,FAC,,,,,,,,Nigua
Cortaderia jubata,UPL,FACU,,,UPL,FACU,,,FACU,,Uruguayan Pampas Grass
Cortaderia selloana,FACU,FACU,,FAC,FACU,FACU,,FACU,FACU,,Selloa Pampus Grass
Corydalis arctica,,,,,,,,,,FAC,Few-Flower Fumewort
Corydalis caseana,,FACW,,,FACW,,,,FACW,,Sierran Fumewort
Corydalis flavula,FACU,,,FACU,FACU,,FACU,FACU,,,Yellow Fumewort
Corydalis scouleri,,,,,,,,,FAC,,Scouler's Fumewort
Corylus americana,FACU,,,FACU,UPL,,FACU,FACU,,,American Hazelnut
Corylus avellana,,FACU,,,,,,FACU,FACU,,Common Filbert
Corylus cornuta,FACU,FACU,,FACU,UPL,,UPL,FACU,FACU,,Beaked Hazelnut
Corymbia citriodora,,FACU,UPL,,,FACU,,,,,Lemon-Scented Ghost-Gum
Cosmos bipinnatus,FAC,FACW,,FACU,FACW,,FAC,FAC,FACW,,Garden Cosmos
Cosmos parviflorus,FAC,FACU,,FAC,FAC,,FACU,FACU,FACU,,Southwestern Cosmos
Cosmos sulphureus,UPL,FACU,UPL,FACU,UPL,,UPL,FACU,,,Sulphur Cosmos
Costus guanaiensis,,,FACW,,,,,,,,Cana-de-India
Costus spicatus,,,FACW,,,,,,,,Spiked Spiralflag
Costus woodsonii,,,,,,FACU,,,,,Scarlet Spiral-Ginger
Cotula australis,FAC,FAC,,FAC,FAC,UPL,,FAC,FAC,,Australian Water-Buttons
Cotula coronopifolia,,OBL,,,,,,OBL,OBL,OBL,Common Brassbuttons
Cotula mexicana,,UPL,,,,,,,FACU,,Mexican Brassbuttons
Crambe maritima,,,,,,,,,FAC,,Sea-Kale
Cranichis muscosa,UPL,,FACU,,,,,,,,Cypress-Knee Helmet Orchid
Crassocephalum crepidioides,FAC,FACU,FACU,,,FACU,,,,,Red-Flower Ragleaf
Crassula aquatica,OBL,OBL,,OBL,OBL,,OBL,OBL,OBL,OBL,Water Pygmyweed
Crassula connata,FAC,FAC,,,OBL,,,,FAC,,Sand Pygmyweed
Crassula solieri,OBL,OBL,,,FACW,,,,FACW,,Smooth-Seed Pygmyweed
Crassula tillaea,,FACU,,,,,,,FAC,,Moss Pygmyweed
Crataegus aestivalis,OBL,,,,,,,,,,May Hawthorn
Crataegus berberifolia,FAC,,,FAC,FAC,,FAC,FAC,,,Barberry Hawthorn
Crataegus brachyacantha,OBL,,,OBL,FACW,,,,,,Blueberry Hawthorn
Crataegus crus-galli,FAC,,,FACU,FAC,,FAC,FAC,,,Cock-Spur Hawthorn
Crataegus douglasii,,FAC,,,FAC,,FAC,FAC,FAC,FAC,Black Hawthorn
Crataegus erythropoda,,FAC,,,FAC,,,,FACU,,Cerro Hawthorn
Crataegus forbesae,,,,,,,,FACU,,,Forbes' Hawthorn
Crataegus gaylussacia,,FAC,,,,,,,FAC,UPL,Suksdorf's Hawthorn
Crataegus marshallii,FAC,,,FAC,FACW,,FACW,,,,Parsley Hawthorn
Crataegus mollis,FAC,,,FACU,FAC,,FAC,FAC,,,Downy Hawthorn
Crataegus monogyna,FACU,FAC,,FACU,,,FACU,FACU,FAC,FACU,English Hawthorn
Crataegus opaca,OBL,,,,OBL,,,,,,River-Flat Hawthorn
Crataegus phaenopyrum,FAC,,,FAC,FAC,,FAC,FAC,,,Washington Hawthorn
Crataegus pulcherrima,FAC,,,FAC,,,,,,,Beautiful Hawthorn
Crataegus rivularis,,FAC,,,FACW,,,,FACW,,River Hawthorn
Crataegus saligna,,FAC,,,,,,,FACW,,Willow Hawthorn
Crataegus spathulata,FAC,,,FAC,FAC,,FACW,,,,Little-Hip Hawthorn
Crataegus viridis,FACW,,,FACW,FAC,,FACW,OBL,,,Green Hawthorn
Crepis capillaris,UPL,FACU,,UPL,UPL,UPL,FACU,UPL,FACU,UPL,Smooth Hawk's-Beard
Crepis runcinata,,FACU,,,FAC,,FACW,FACW,FACU,,Fiddle-Leaf Hawk's-Beard
Crescentia portoricensis,,,FAC,,,,,,,,Higuero-de-Sierra
Cressa nudicaulis,OBL,,,,OBL,,,,,,Naked-Stem Alkali-Weed
Cressa truxillensis,FACW,FACW,,,FACW,FAC,,,FACW,,Spreading Alkali-Weed
Crinum americanum,OBL,,,FAC,,,,,,,Seven-Sisters
Crinum asiaticum,FACU,,UPL,,,,,,,,Poisonbulb
Crinum zeylanicum,FACU,,UPL,,,,,,,,Ceylon Swamp-Lily
Crocosmia X crocosmiiflora,FACW,FACU,FACU,FACW,FACW,FACU,,,FAC,,_?_
Croptilon divaricatum,UPL,,,UPL,FACU,,,,,,Slender Scratchdaisy
Crossopetalum ilicifolium,FACW,,,,,,,,,,Christmas-Berry
Crossopetalum rhacoma,FACU,,UPL,,,,,,,,Maiden-Berry
Crotalaria capensis,,FACU,,,,,,,,,Cape Rattlebox
Crotalaria incana,FACU,,FACU,,FACU,UPL,,,,,Shakeshake
Crotalaria pallida,FACU,,FACU,FACU,,FAC,,,,,Smooth Rattlebox
Crotalaria retusa,UPL,,UPL,UPL,UPL,FACU,,,,,Rattleweed
Crotalaria rotundifolia,FACU,,UPL,UPL,,,,UPL,,,Rabbitbells
Crotalaria spectabilis,FACU,,UPL,FACU,FACU,UPL,FACU,,,,Showy Rattlebox
Croton elliottii,FACW,,,FACW,,,,,,,Elliott's Croton
Croton lobatus,UPL,,FACU,,,,,,,,Lobed Croton
Croton poecilanthus,,,FACW,,,,,,,,Sabinon
Crypsis alopecuroides,FACW,OBL,,FACW,FACW,,,,OBL,,Fox-Tail Prickle Grass
Crypsis schoenoides,FACW,FACW,,FACW,OBL,,FACW,OBL,OBL,,Swamp Prickle Grass
Crypsis vaginiflora,,OBL,,,,,,,OBL,,African Prickle Grass
Cryptantha crinita,,FACU,,,,,,,FACU,,Sacramento Cat's-Eye
Cryptocoryne beckettii,OBL,,,,OBL,,,,,,Beckett's Water-Trumpet
Cryptocoryne walkeri,OBL,,,,,,,,,,Walker's Water-Trumpet
Cryptogramma stelleri,,FACU,,FACU,,,FACU,FACU,FACU,FAC,Fragile Rockbrake
Cryptostegia grandiflora,FACU,,FACW,,FACU,,,,,,Palay Rubbervine
Cryptotaenia canadensis,FAC,,,FAC,FAC,FAC,FAC,FAC,,,Canadian Honewort
Ctenitis dissecta,,,,,,FACU,,,,,_?_
Ctenitis hirta,,,FAC,,,,,,,,Diamond-Leaf Lace Fern
Ctenitis latifrons,,,,,,FACU,,,,,Delicate Lace Fern
Ctenitis nemorosa,,,FAC,,,,,,,,Egg-Leaf Lace Fern
Ctenitis subglandulosa,,,,,,FACU,,,,,_?_
Ctenitis submarginalis,FACW,,,,,,,,,,Brown-Hair Lace Fern
Ctenium aromaticum,FACW,,,FACW,,,,FACW,,,Toothache Grass
Ctenium floridanum,FACW,,,,,,,,,,Florida Orange Grass
Cucurbita okeechobeensis,OBL,,,,,,,,,,Okeechobee Gourd
Cuphea aspera,FACW,,,,,,,,,,Tropical Waxweed
Cuphea carthagenensis,FAC,,FAC,FAC,FAC,FAC,,,,,Colombian Waxweed
Cuphea glutinosa,FACU,,,,FACU,,,,,,Sticky Waxweed
Cuphea hyssopifolia,FACU,,FACU,,,FACU,,,,,False Heather
Cuphea micrantha,,,OBL,,,,,,,,Tiny-Petal Waxweed
Cuphea parsonsia,,,FACU,,,,,,,,Island Waxweed
Cuphea viscosissima,FAC,,,FAC,FAC,,FACU,FACU,,,Blue Waxweed
Curculigo capitulata,UPL,,UPL,,,FACU,,,,,Palm-Grass
Curculigo scorzonerifolia,,,FAC,,,,,,,,Gorgojo
Curcuma australasica,,,,,,FAC,,,,,_?_
Curcuma longa,,,UPL,,,FACU,,,,,Common Turmeric
Cyanea aculeatiflora,,,,,,FACU,,,,,Haleakala Cyanea
Cyanea acuminata,,,,,,FACU,,,,,Honolulu Cyanea
Cyanea calycina,,,,,,FACU,,,,,O'ahu Cyanea
Cyanea dolichopoda,,,,,,FACU,,,,,Long-Foot Cyanea
Cyanea eleeleensis,,,,,,FACU,,,,,Eleeleen Cyanea
Cyanea fissa,,,,,,FAC,,,,,Kauai Cyanea
Cyanea floribunda,,,,,,FAC,,,,,Degener's Cyanea
Cyanea habenata,,,,,,FAC,,,,,Stream-Bed Cyanea
Cyanea hirtella,,,,,,FAC,,,,,Rusty-Leaf Cyanea
Cyanea horrida,,,,,,FAC,,,,,Prickly Cyanea
Cyanea humboldtiana,,,,,,FAC,,,,,Oahu Cyanea
Cyanea kolekoleensis,,,,,,FACU,,,,,Kolekoleen Cyanea
Cyanea koolauensis,,,,,,FACU,,,,,Palolo Valley Cyanea
Cyanea kuhihewa,,,,,,FAC,,,,,Limahuli Valley Cyanea
Cyanea kunthiana,,,,,,FAC,,,,,Kunth's Cyanea
Cyanea lanceolata,,,,,,FACU,,,,,Lance-Leaf Cyanea
Cyanea macrostegia,,,,,,FAC,,,,,Purple Cyanea
Cyanea mceldowneyi,,,,,,FACU,,,,,Mceldowney's Cyanea
Cyanea pilosa,,,,,,FAC,,,,,Hairy Cyanea
Cyanea purpurellifolia,,,,,,FAC,,,,,Punaluu Mountain Cyanea
Cyanea remyi,,,,,,FAC,,,,,Remy's Cyanea
Cyanea scabra,,,,,,FAC,,,,,Harsh Cyanea
Cyanea solanacea,,,,,,FACU,,,,,Popolo
Cyanea solenocalyx,,,,,,FACW,,,,,Pua Kala
Cyanea spathulata,,,,,,FACU,,,,,Spoon-Leaf Cyanea
Cyanea st.-johnii,,,,,,FAC,,,,,St. John's Cyanea
Cyanea tritomantha,,,,,,FACU,,,,,Aku 'Aku
Cyanthillium cinereum,FAC,,UPL,,,FAC,,,,,Little-Ironweed
Cyathea andina,,,FACW,,,,,,,,Parrot-Feather Tree Fern
Cyathea arborea,,,FACU,,,,,,,,West Indian Tree Fern
Cyathea armata,,,FACU,,,,,,,,Creeping Tree Fern
Cyathea borinquena,,,FAC,,,,,,,,Bird-Wing Tree Fern
Cyathea furfuracea,,,FACW,,,,,,,,Jamaican Tree Fern
Cyathea pungens,,,FACW,,,,,,,,Spiny Tree Fern
Cyathea tenera,,,FACU,,,,,,,,Helecho-Gigante
Cyathula prostrata,,,FACU,,,,,,,,Pastureweed
Cybianthus sintenisii,,,OBL,,,,,,,,Puerto Rico Ridgerunner
Cyclachaena xanthiifolia,FAC,FAC,,FAC,FAC,,FAC,FAC,FAC,,Carelessweed
Cycloloma atriplicifolium,FACU,FACU,,FACU,FACU,,FACU,FACU,FACU,,Winged-Pigweed
Cyclopeltis semicordata,,,FACU,,,,,,,,Limestone Fern
Cyclopogon cranichoides,FACW,,FACW,,,,,,,,Cranichis Green Ladies'-Tresses
Cyclopogon elatus,UPL,,FAC,,,,,,,,Tall Green Ladies'-Tresses
Cyclosorus interruptus,FACW,,OBL,,,FACW,,,,,Neke
Cyclosorus truncatus,,,,,,FACW,,,,,Splitting Cyclosorus
Cyclospermum leptophyllum,FAC,FACU,FAC,FAC,FAC,FAC,FAC,,UPL,,Marsh-Parsley
Cydista aequinoctialis,FACW,,FACW,,,,,,,,Guard Withe
Cymophyllus fraserianus,,,,FAC,,,,,,,Fraser's Sedge
Cynanchum laeve,FAC,FAC,,FAC,FAC,,FAC,FAC,,,Honeyvine
Cynodon dactylon,FACU,FACU,FAC,FACU,FACU,FACU,FACU,FACU,FACU,,Bermuda Grass
Cynodon nlemfuensis,UPL,,UPL,,UPL,FACU,,,,,Antelope Grass
Cynoglossum officinale,UPL,FACU,,UPL,FACU,,FACU,UPL,FACU,,Gypsy-Flower
Cynometra ramiflora,,,,,,FAC,,,,,_?_
Cynosciadium digitatum,FACW,,,FACW,FACW,,FACW,,,,Finger-Dogshade
Cynosurus cristatus,UPL,FACU,,UPL,FACU,,FAC,FAC,FACU,,Crested Dog's-Tail Grass
Cyperus acuminatus,OBL,OBL,,OBL,OBL,,OBL,OBL,OBL,,Taper-Tip Flat Sedge
Cyperus aggregatus,FAC,FAC,FACU,FAC,FAC,,,,FAC,,Inflated-Scale Flat Sedge
Cyperus alopecuroides,FACW,,,,,,,,,,Fox-Tail Flat Sedge
Cyperus amabilis,,FACU,,,,,,,,,Foothill Flat Sedge
Cyperus articulatus,OBL,,OBL,OBL,OBL,,,,,,Jointed Flat Sedge
Cyperus bipartitus,FACW,OBL,,FACW,FACW,,OBL,FACW,OBL,,Shining Flat Sedge
Cyperus compactus,,,,,,FACW,,,,,_?_
Cyperus compressus,FACW,,FACW,FAC,FACW,FAC,FACW,FACW,,,Poorland Flat Sedge
Cyperus croceus,FAC,FAC,FAC,FACU,FAC,,FAC,,,,Baldwin's Flat Sedge
Cyperus cuspidatus,FACW,,,FACW,,,,,,,Coastal-Plain Flat Sedge
Cyperus cyperinus,,,,,,FACU,,,,,Old World Flat Sedge
Cyperus cyperoides,,,,,,FAC,,,,,Pacific Island Flat Sedge
Cyperus dentatus,OBL,,,FACW,,,FACW,OBL,,,Toothed Flat Sedge
Cyperus diandrus,FACW,,,FACW,FACW,,FACW,OBL,,,Umbrella Flat Sedge
Cyperus difformis,OBL,OBL,OBL,OBL,OBL,OBL,OBL,OBL,OBL,,Variable Flat Sedge
Cyperus digitatus,OBL,,OBL,,FACW,,,,,,Finger Flat Sedge
Cyperus distans,OBL,,OBL,OBL,,,,,,,Mexican Flat Sedge
Cyperus distinctus,FACW,,,,,,,,,,Swamp Flat Sedge
Cyperus drummondii,OBL,,,,OBL,,,,,,Drummond's Sedge
Cyperus echinatus,FAC,,,FACU,FAC,,FAC,FAC,,,Globe Flat Sedge
Cyperus elegans,FACW,FACW,FACW,,FACW,,,,FACW,,Royal Flat Sedge
Cyperus entrerianus,FACW,,,FACW,FACW,,FACW,,,,Woodrush Flat Sedge
Cyperus eragrostis,FACW,FACW,,FACW,FACW,OBL,,FACW,FACW,,Tall Flat Sedge
Cyperus erythrorhizos,OBL,OBL,,FACW,OBL,,OBL,OBL,OBL,,Red-Root Flat Sedge
Cyperus esculentus,FAC,FACW,FACW,FACW,FACW,FACW,FACW,FACW,FAC,FACW,Chufa
Cyperus fendlerianus,,FAC,,,FAC,,,,FAC,,Fendler's Flat Sedge
Cyperus filicinus,OBL,,,OBL,,,OBL,OBL,,,Fern Flat Sedge
Cyperus flavescens,OBL,OBL,OBL,OBL,OBL,,OBL,OBL,OBL,,Yellow Flat Sedge
Cyperus flavicomus,FACW,FAC,,FAC,FAC,,FAC,FAC,FACU,,White-Edge Flat Sedge
Cyperus flavidus,,,,,,FAC,,,,,Yellow Flatsedge
Cyperus fuscus,FAC,FAC,,FAC,FACW,,FAC,FAC,FACW,,Galingale
Cyperus giganteus,OBL,,OBL,,,,,,,,Giant Flat Sedge
Cyperus gracilis,,FAC,,,,FACU,,,,,Slimjim Flat Sedge
Cyperus granitophilus,FACW,,,FACW,,,,,,,Granite Flat Sedge
Cyperus haspan,OBL,,OBL,OBL,OBL,FACW,,,,,Sheathed Flat Sedge
Cyperus hermaphroditus,FACU,FAC,,,FACU,,,,,,Hermaphrodite Flat Sedge
Cyperus imbricatus,,,OBL,,,,,,,,Shingle Flat Sedge
Cyperus involucratus,OBL,FACW,OBL,FACW,FACW,FACW,FACW,OBL,FACW,,Alternate-Leaf Flat Sedge
Cyperus iria,FACW,FACW,FACW,FACW,FACW,FACW,FACW,FACW,OBL,,Ricefield Flat Sedge
Cyperus javanicus,,,,,,FACW,,,,,Javanese Flat Sedge
Cyperus laevigatus,FACW,FACW,FACW,,FAC,OBL,,,FACW,,Smooth Flat Sedge
Cyperus lancastriensis,FAC,,,FAC,,,FAC,FAC,,,Many-Flower Flat Sedge
Cyperus lanceolatus,FACW,,,,FACW,,,,,,Epiphytic Flat Sedge
Cyperus lecontei,FACW,,,FACW,,,,,,,Le Conte's Flat Sedge
Cyperus ligularis,FACW,,FAC,,,FAC,,,,,Mangrove Flat Sedge
Cyperus lupulinus,FACU,FACU,,UPL,FACU,,FACU,FACU,UPL,,Great Plains Flat Sedge
Cyperus meyenianus,,,,,,FACW,,,,,Meyen's Flat Sedge
Cyperus mutisii,,FACU,UPL,,,,,,FACU,,Mutis' Flat Sedge
Cyperus nanus,,,FACU,,,,,,,,Indian Flat Sedge
Cyperus niger,FACW,FACW,,,FACW,,,,FACW,,Black Flat Sedge
Cyperus ochraceus,FACW,,FACW,FACW,FACW,,,,,,Pond Flat Sedge
Cyperus odoratus,FACW,FACW,FACW,FACW,FACW,FACW,FACW,OBL,FACW,,Rusty Flat Sedge
Cyperus onerosus,,FACW,,,FACW,,,,,,Plains Flat Sedge
Cyperus owanii,,FAC,,,,,,,,,Owan's Flat Sedge
Cyperus oxylepis,FACW,,,,FACW,,,,,,Sharp-Scale Flat Sedge
Cyperus papyrus,OBL,OBL,OBL,,,OBL,,,,,Papyrus Flat Sedge
Cyperus parishii,,FACW,,,FACW,,,,FACW,,Parish's Flat Sedge
Cyperus phleoides,,,,,,FACU,,,,,Molokai Flat Sedge
Cyperus pilosus,FACW,,,FACW,,FACW,,,,,Fuzzy Flat Sedge
Cyperus planifolius,FAC,,FACU,,,,,,,,Flat-Leaf Flat Sedge
Cyperus polystachyos,FACW,,FACW,FACW,FACW,FACW,FACW,FACW,,,Many-Spike Flat Sedge
Cyperus prolifer,FACW,,,FACW,,OBL,,,,,Miniature Flat Sedge
Cyperus prolixus,FAC,,,,,,,,,,Mosquito Flat Sedge
Cyperus pseudovegetus,FACW,,,FACW,FACW,,FACW,FACW,,,Marsh Flat Sedge
Cyperus pumilus,FACW,,,,,,,,,,Low Flat Sedge
Cyperus reflexus,FAC,,,,FAC,,,,,,Bent-Awn Flat Sedge
Cyperus refractus,FAC,,,FACU,,,FACU,,,,Reflexed Flat Sedge
Cyperus retrofractus,FACU,,,UPL,UPL,,UPL,UPL,,,Rough Flat Sedge
Cyperus retrorsus,FACU,FAC,,FAC,FAC,,FAC,FACU,,,Pine-Barren Flat Sedge
Cyperus rockii,,,,,,FAC,,,,,Kauai Flat Sedge
Cyperus rotundus,FAC,FAC,FAC,FAC,FAC,FACU,FAC,FACU,FAC,,Purple Flat Sedge
Cyperus sandwicensis,,,,,,FACU,,,,,Cliffs Flat Sedge
Cyperus sanguinolentus,FACW,,,,,FACW,,,,,Blood-Scale Flat Sedge
Cyperus schweinitzii,UPL,FAC,,FACU,FACU,,FACU,FACU,FAC,,Sand Flat Sedge
Cyperus serotinus,OBL,,,OBL,,,,OBL,,,Tidal-Marsh Flat Sedge
Cyperus seslerioides,,FAC,,,FAC,,,,,,Texas Flat Sedge
Cyperus setigerus,FAC,,,FAC,FAC,,FAC,,,,Lean Flat Sedge
Cyperus sphacelatus,FAC,,FAC,,,FAC,,,,,Roadside Flat Sedge
Cyperus squarrosus,OBL,OBL,OBL,FACW,OBL,,OBL,OBL,OBL,,Awned Flat Sedge
Cyperus strigosus,FACW,FACW,,FACW,FACW,,FACW,FACW,FACW,,Straw-Color Flat Sedge
Cyperus subtenuis,,,FACU,,,,,,,,_?_
Cyperus surinamensis,FACW,,FACW,FACW,FACW,,FACW,,,,Tropical Flat Sedge
Cyperus tetragonus,FAC,FACU,,FAC,FAC,,,,FACU,,Four-Angle Flat Sedge
Cyperus thyrsiflorus,FAC,,,,FAC,,,,,,Southern Flat Sedge
Cyperus trachysanthos,,,,,,FACW,,,,,Sticky Flat Sedge
Cyperus trinervis,,,,,,FACW,,,,,Australian Flat Sedge
Cyperus unioloides,FACW,,OBL,,,,,,,,Uniola-Like Flat Sedge
Cyperus virens,FACW,FACW,FACW,FACW,FACW,FACW,,,FACW,,Green Flat Sedge
Cypripedium X andrewsii,,,,FACW,FACW,,FACW,FACW,,,_?_
Cypripedium acaule,FACU,,,FACU,FACW,,FACW,FACW,,,Pink Lady's-Slipper
Cypripedium arietinum,,,,,FACW,,FACW,FACW,,,Ram-Head Lady's-Slipper
Cypripedium californicum,,OBL,,,,,,,OBL,,California Lady's-Slipper
Cypripedium candidum,OBL,,,OBL,OBL,,OBL,OBL,,,Small White Lady's-Slipper
Cypripedium fasciculatum,,FACU,,,,,,,FACU,,Clustered Lady's-Slipper
Cypripedium montanum,,FACU,,,,,,,FACU,FACU,Mountain Lady's-Slipper
Cypripedium parviflorum,FAC,FACW,,FACW,FACW,,FACW,FAC,FACW,FACW,Yellow Lady's-Slipper
Cypripedium passerinum,,,,,,,,,FACW,FAC,Sparrow-Egg Lady's-Slipper
Cypripedium reginae,,,,FACW,FACW,,FACW,FACW,,,Showy Lady's-Slipper
Cypselea humifusa,FACW,FACW,OBL,,,,,,FACW,,Panal
Cyrilla racemiflora,FACW,,FACW,FACW,FACW,,,,,,Little-Leaf Titi
Cyrtandra confertiflora,,,,,,FACW,,,,,Lava Cyrtandra
Cyrtandra cyaneoides,,,,,,FACW,,,,,Mapele
Cyrtandra ferripilosa,,,,,,FACU,,,,,Red-Hair Cyrtandra
Cyrtandra filipes,,,,,,FACU,,,,,Gulch Cyrtandra
Cyrtandra gracilis,,,,,,FACU,,,,,Palolo Valley Cyrtandra
Cyrtandra grayana,,,,,,FAC,,,,,Pacific Cyrtandra
Cyrtandra grayi,,,,,,FAC,,,,,Gray's Cyrtandra
Cyrtandra hashimotoi,,,,,,FAC,,,,,Maui Cyrtandra
Cyrtandra hawaiensis,,,,,,FAC,,,,,Hawaii Cyrtandra
Cyrtandra heinrichii,,,,,,FACW,,,,,Heinrich's Cyrtandra
Cyrtandra kaulantha,,,,,,FACU,,,,,Waikane Valley Cyrtandra
Cyrtandra laxiflora,,,,,,FACU,,,,,Oahu Cyrtandra
Cyrtandra lessoniana,,,,,,FAC,,,,,Lesson's Cyrtandra
Cyrtandra longifolia,,,,,,FAC,,,,,Long-Leaf Cyrtandra
Cyrtandra lysiosepala,,,,,,FACU,,,,,Opposite-Leaf Cyrtandra
Cyrtandra macraei,,,,,,FACU,,,,,Upland Cyrtandra
Cyrtandra oenobarba,,,,,,FACW,,,,,Shaggy-Stem Cyrtandra
Cyrtandra paliku,,,,,,FACW,,,,,Cliffside Cyrtandra
Cyrtandra paludosa,,,,,,FAC,,,,,Kanawao-Ke'oke'o
Cyrtandra platyphylla,,,,,,FACU,,,,,Ilihia
Cyrtandra procera,,,,,,FACW,,,,,Bog Cyrtandra
Cyrtandra propinqua,,,,,,FACU,,,,,Arrow-Leaf Cyrtandra
Cyrtandra sessilis,,,,,,FACU,,,,,Windy-Ridge Cyrtandra
Cyrtandra spathulata,,,,,,FAC,,,,,Spoon-Leaf Cyrtandra
Cyrtandra viridiflora,,,,,,FACW,,,,,Green-Leaf Cyrtandra
Cyrtococcum oxyphyllum,,,,,,FAC,,,,,_?_
Cyrtorhyncha cymbalaria,OBL,OBL,,,OBL,,OBL,OBL,OBL,OBL,Alkali Buttercup
Cyrtorhyncha ranunculina,,FACU,,,FAC,,,,FACU,,Tadpole Alkali Buttercup
Cyrtosperma merkusii,,,,,,OBL,,,,,_?_
Cystopteris bulbifera,FAC,FAC,,FAC,FACW,,FACW,FACW,FAC,,Bulblet Bladder Fern
Cystopteris fragilis,FACU,FACU,,FACU,FACU,,FACU,FACU,FACU,FACU,Brittle Bladder Fern
Cystopteris montana,,FAC,,,,,,,FAC,FAC,Mountain Bladder Fern
Cystopteris protrusa,FAC,,,FAC,FACW,,FACW,FACU,,,Lowland Bladder Fern
Dactylis glomerata,FACU,FACU,UPL,FACU,FACU,UPL,FACU,FACU,FACU,FACU,Orchard Grass
Dactylorhiza aristata,,,,,,,,,,FAC,Keyflower
Dalbergia brownei,FACW,,,,,,,,,,Browne's Indian-Rosewood
Dalbergia candenatensis,,,,,,FACW,,,,,_?_
Dalbergia ecastaphyllum,FACW,,FACW,,,,,,,,Coinvine
Dalbergia monetaria,,,FAC,,,,,,,,Moneybush
Dalea carnea,FACW,,,,,,,,,,Whitetassels
Dalea foliosa,,,,FAC,,,FAC,FAC,,,Leafy Prairie Clover
Dalea gracilis,FAC,,,,,,,,,,Needle Prairie-Clover
Dalea leporina,UPL,UPL,,UPL,UPL,,FACU,UPL,UPL,,Fox-Tail Prairie-Clover
Damasonium californicum,,OBL,,,,,,,OBL,,Fringed-Water-Plantain
Danaea elliptica,,,FACW,,,,,,,,Caribbean Dana Fern
Danaea jenmanii,,,FACW,,,,,,,,Puerto Rico Dana Fern
Danaea nodosa,,,FACW,,,,,,,,Nodeless Dana Fern
Danaea urbanii,,,OBL,,,,,,,,Forest Dana Fern
Danthonia californica,,FAC,,,FACU,,,FACU,FAC,,California Wild Oat Grass
Danthonia compressa,FACU,,,FACU,,,FACU,FACU,,UPL,Flattened Wild Oat Grass
Danthonia decumbens,,FAC,,,,,,,FAC,,Common Heath Grass
Danthonia epilis,OBL,,,OBL,,,,,,,Bog Wild Oat Grass
Danthonia intermedia,,FACU,,,FAC,,,FAC,FACU,FAC,Timber Wild Oat Grass
Danthonia sericea,FACU,,,FACU,,,,FACU,,,Silky Wild Oat Grass
Daphne mezereum,,,,,,,,FACU,FACU,FACU,Paradise-Plant
Daphnopsis philippiana,,,FAC,,,,,,,,Emajagua-de-Sierra
Darlingtonia californica,,OBL,,,,,,,OBL,,Cobraplant
Darmera peltata,,OBL,,,,,,,OBL,,Indian-Rhubarb
Dasiphora fruticosa,,FAC,,FACW,FACW,,FACW,FACW,FAC,FAC,Golden-Hardhack
Dasistoma macrophylla,FAC,,,FACU,FAC,,FACU,FACU,,,Mullein-Foxglove
Datisca glomerata,,FACW,,,,,,,FACW,,Durango-Root
Datura wrightii,UPL,UPL,UPL,FACU,UPL,UPL,FACU,FACU,UPL,,Sacred Thorn-Apple
Daucus carota,UPL,UPL,UPL,UPL,UPL,,UPL,UPL,FACU,,Queen Anne's-Lace
Decaspermum fruticosum,,,,,,FAC,,,,,_?_
Decodon verticillatus,OBL,,,OBL,OBL,,OBL,OBL,,,Swamp-Loosestrife
Decumaria barbara,FACW,,,OBL,,,,OBL,,,Woodvamp
Deeringothamnus pulchellus,FAC,,,,,,,,,,Royal False Pawpaw
Deeringothamnus rugelii,FACW,,,,,,,,,,Rugel's False Pawpaw
Deinandra fasciculata,,FACU,,,,,,FACU,FACU,,Clustered Moonshine-Daisy
Deinandra paniculata,,FACU,,,,,,,,,San Diego Moonshine-Daisy
Delairea odorata,,FAC,,,,,,,FAC,,Cape Ivy
Delonix regia,UPL,,UPL,,,FACU,,,,,Royal Poinciana
Delosperma litorale,,FACU,,,,,,,,,Delosperma
Delphinium X burkei,,FACU,,,FACU,,,,FACU,,_?_
Delphinium X occidentale,,FACU,,,UPL,,,,FACU,,_?_
Delphinium andesicola,,FACU,,,,,,,FACU,,Chiricahua Mountain Larkspur
Delphinium barbeyi,,FAC,,,FAC,,,,FAC,,Subalpine Larkspur
Delphinium californicum,,FACU,,,,,,,FACU,,California Coast Larkspur
Delphinium geraniifolium,,FAC,,,FAC,,,,FAC,,Clark Valley Larkspur
Delphinium glaucescens,,FACU,,,FACU,,,,FACU,,Electric Peak Larkspur
Delphinium glaucum,,FACW,,,FACW,,,,FACW,FACW,Tower Larkspur
Delphinium hesperium,,FAC,,,,,,,FAC,,Foothill Larkspur
Delphinium multiplex,,FAC,,,,,,,FAC,,Kittitas Larkspur
Delphinium nuttallianum,,FAC,,,FACU,,,,FAC,,Two-Lobe Larkspur
Delphinium nuttallii,,FACU,,,,,,,FACU,,Upland Larkspur
Delphinium polycladon,,FACW,,,,,,,FACW,,Mountain-Marsh Larkspur
Delphinium recurvatum,,FACU,,,,,,,FACU,,Byron Larkspur
Delphinium sapellonis,,FAC,,,FAC,,,,FAC,,Sapello Canyon Larkspur
Delphinium scopulorum,,FAC,,,FAC,,,,FAC,,Rocky Mountain Larkspur
Delphinium uliginosum,,OBL,,,,,,,OBL,,Swamp Larkspur
Dendrolobium umbellatum,,,,,,FACU,,,,,_?_
Dendrolycopodium dendroideum,FACU,,,FACU,FAC,,FAC,FACU,FACU,FACU,Prickley Tree-Club-Moss
Dendrolycopodium obscurum,FACU,,,FACU,FACU,,FACU,FACU,,,Princess-Pine
Dendropanax arboreus,,,FACU,,,,,,,,Angelica-Tree
Dendropanax laurifolius,,,FAC,,,,,,,,Palo-de-Vaca
Dennstaedtia bipinnata,OBL,,FAC,,,,,,,,Cuplet Fern
Dennstaedtia punctilobula,UPL,,,FACU,,,UPL,UPL,,,Hay-Scented Fern
Dentella repens,FACW,,,FACW,,FAC,,,,,Lickstoop
Deparia acrostichoides,FAC,,,FAC,,,FAC,FAC,,,Silvery-Spleenwort
Deparia cataracticola,,,,,,FACW,,,,,_?_
Deparia petersenii,FACW,,,FACW,,FAC,,,,,Petersen's-Spleenwort
Deparia prolifera,,,,,,FAC,,,,,_?_
Derris trifoliata,,,,,,FAC,,,,,_?_
Deschampsia brevifolia,,FACW,,,FACW,,,,FACW,OBL,Short-Leaf Hair Grass
Deschampsia caespitosa,FACW,FACW,,FACW,FACW,,FACW,FACW,FACW,FAC,Tufted Hair Grass
Deschampsia danthonioides,,FACW,,,FACW,,FACW,FACW,FACW,FAC,Annual Hair Grass
Deschampsia elongata,FACW,FACW,,,FAC,,,FACW,FACW,FAC,Slender Hair Grass
Deschampsia flexuosa,UPL,,,FACU,UPL,,FACU,FACU,FACU,UPL,Wavy Hair Grass
Deschampsia nubigena,,,,,,FAC,,,,,Hawaii Alpine Hair Grass
Descurainia adenophora,,FACU,,,FACU,,,,FACU,,_?_
Descurainia incana,,FACU,,,UPL,,UPL,UPL,FACU,UPL,Mountain Tansy-Mustard
Desmanthus illinoensis,FAC,FACU,,FAC,FACU,,FACU,FACU,FACU,,Prairie Bundle-Flower
Desmanthus pernambucanus,,,FACU,,,FACU,,,,,Pigeon Bundle-Flower
Desmanthus virgatus,FACU,FACU,FACU,,FACU,FACU,,,,,Wild Tantan
Desmodium adscendens,,,FAC,,,,,,,,Zarzabacoa-Galana
Desmodium barbatum,,,FACW,,,FACU,,,,,Zarzabacoa-Peluda
Desmodium canadense,FAC,,,FAC,FAC,,FACU,FAC,FACU,,Showy Tick-Trefoil
Desmodium heterocarpon,,,,,,FACU,,,,,Asian Tick-Trefoil
Desmodium heterophyllum,,,,,,FACU,,,,,Variable-Leaf Tick-Trefoil
Desmodium incanum,FAC,,FACU,,FAC,FACU,,,,,Zarzabacoa-Comun
Desmodium paniculatum,FACU,,,FACU,UPL,,FACU,FACU,,,Panicled-Leaf Tick-Trefoil
Desmodium sandwicense,,,,,,FACU,,,,,Hawaii Tick-Trefoil
Desmodium scorpiurus,FACU,,FAC,,FACU,,,,,,Scorpion Tick-Trefoil
Desmodium tenuifolium,FACU,,,FAC,,,,,,,Slim-Leaf Tick-Trefoil
Desmodium tortuosum,FAC,,FACU,FACU,FACU,FACU,,,,,Dixie Tick-Trefoil
Desmodium triflorum,FACU,,FACU,,,FAC,,,,,Three-Flower Tick-Trefoil
Diamorpha smallii,FACW,,,FACW,,,,,,,Elf Orpine
Dianella saffordiana,,,,,,FACU,,,,,_?_
Dianella sandwicensis,,,,,,FACU,,,,,Uki'uki
Dianthus armeria,UPL,UPL,,UPL,UPL,UPL,UPL,UPL,FACU,,Deptford Pink
Dianthus deltoides,UPL,FAC,,UPL,UPL,,FACU,UPL,FAC,,Maiden Pink
Diarrhena obovata,FAC,,,FACU,FAC,,FAC,FACU,,,Hairy Beakgrain
Dicentra formosa,,FACU,,,,,,FACU,FACU,,Pacific Bleedinghearts
Dichanthelium aciculare,FACU,,FACU,FACU,FACU,,FACU,FACU,,,Needle-Leaf Rosette Grass
Dichanthelium acuminatum,FAC,FAC,FACU,FAC,FAC,,FAC,FAC,FAC,,Tapered Rosette Grass
Dichanthelium boreale,FACU,,,FACU,FACU,,FAC,FAC,,,Northern Rosette Grass
Dichanthelium clandestinum,FACW,,,FAC,FAC,,FACW,FACW,,,Deer-Tongue Rosette Grass
Dichanthelium commutatum,FAC,,,FACU,FAC,,FAC,FAC,,,Variable Rosette Grass
Dichanthelium consanguineum,FACU,,,FACU,FACU,,,,,,Blood Rosette Grass
Dichanthelium cynodon,,,,,,OBL,,,,,Tussock Rosette Grass
Dichanthelium dichotomum,FAC,,FAC,FAC,FAC,,FAC,FAC,,,Cypress Rosette Grass
Dichanthelium erectifolium,OBL,,,OBL,,,,,,,Erect-Leaf Rosette Grass
Dichanthelium hillebrandianum,,,,,,FACW,,,,,Bog Rosette Grass
Dichanthelium hirstii,OBL,,,,,,,,,,Hirsts' Rosette Grass
Dichanthelium isachnoides,,,,,,OBL,,,,,Maui Rosette Grass
Dichanthelium koolauense,,,,,,OBL,,,,,Koolau Rosette Grass
Dichanthelium latifolium,FACU,,FACU,FACU,FACU,,FACU,FACU,,,Broad-Leaf Rosette Grass
Dichanthelium laxiflorum,FAC,,,FACU,FAC,,FACU,FACU,,,Open-Flower Rosette Grass
Dichanthelium leibergii,,,,FACU,FACU,,FACU,FACU,FACU,,Leiberg's Rosette Grass
Dichanthelium leucothrix,FACW,FACW,FACW,FACW,FACW,,FACW,FACW,FACW,,Rough Rosette Grass
Dichanthelium oligosanthes,FACU,FACU,,FACU,FACU,,FACU,FACU,FACU,,Heller's Rosette Grass
Dichanthelium ovale,FACU,,FACU,FACU,FACU,,FACU,FACU,,,Egg-Leaf Rosette Grass
Dichanthelium portoricense,FACU,,FAC,FACU,FAC,,FACU,FACU,,,Hemlock Rosette Grass
Dichanthelium ravenelii,FACU,,,FACU,FAC,,FAC,,,,Ravenel's Rosette Grass
Dichanthelium scabriusculum,OBL,,,OBL,OBL,,,OBL,,,Woolly Rosette Grass
Dichanthelium scoparium,FACW,,FAC,FACW,FACW,,FACW,FACW,,,Broom Rosette Grass
Dichanthelium sphaerocarpon,FACU,FACU,,FACU,FACU,,FACU,FACU,,,Round-Seed Rosette Grass
Dichanthelium strigosum,FAC,,FACU,FAC,FACW,,,,,,Rough-Hair Rosette Grass
Dichanthelium wrightianum,FACW,,,,,,,,,,Rosette Grass
Dichanthium aristatum,FACU,,UPL,,FACU,FACU,,,,,Angleton's Bluestem
Dichanthium caricosum,,,,,,FAC,,,,,_?_
Dichelostemma capitatum,,FACU,,,,,,,FACU,,Bluedicks
Dichondra carolinensis,FAC,,,FACW,FAC,,FAC,FACW,,,Carolina Pony's-Foot
Dichondra micrantha,FAC,FACW,FACW,FAC,FACW,FACU,,,FACW,,Asian Pony's-Foot
Dichondra recurvata,FAC,,,,FAC,,,,,,Oakwoods Pony's-Foot
Dichondra sericea,,FACU,,,,,,,,,Silver-Leaf Pony's-Foot
Dicliptera brachiata,FACW,,,FACW,FACW,,FACW,,,,Branched Foldwing
Dicliptera chinensis,,,,,,FAC,,,,,Chinese Foldwing
Dicliptera sexangularis,FAC,,UPL,,FAC,,,,,,Six-Angle Foldwing
Dicranopteris flexuosa,FAC,,FAC,,,,,,,,Drooping Forked Fern
Dicranopteris linearis,,,,,,FACU,,,,,False Stag-Horn Fern
Dicranopteris pectinata,,,FAC,,,,,,,,Comb Forked Fern
Dicranopteris rubiginosa,,,FAC,,,,,,,,Tropical Forked Fern
Didiplis diandra,OBL,OBL,,OBL,OBL,,OBL,OBL,OBL,,Water-Purslane
Didymoglossum petersii,FAC,,,FAC,,,,,,,Dwarf Filmy Fern
Didymoplexis fimbriata,,,,,,FAC,,,,,_?_
Dieffenbachia seguine,FACU,,FAC,,,FACU,,,,,Dumb-Cane
Dieteria bigelovii,,FACW,,,FACW,,,,FACW,,Bigelow's False Tansy-Aster
Dieteria canescens,,UPL,,,UPL,,FAC,FAC,FAC,,Hoar False Tansy-Aster
Digitalis purpurea,UPL,FACU,,UPL,UPL,,,FACU,FACU,FACU,Purple Foxglove
Digitaria bicornis,UPL,,UPL,UPL,FACU,FACU,FACU,,,,Asian Crab Grass
Digitaria ciliaris,FACU,FACU,UPL,FAC,FACU,FAC,FACU,FACU,FAC,,Southern Crab Grass
Digitaria eriantha,FACU,FACU,FACU,,FACU,FAC,,,FACU,,Pangola Grass
Digitaria horizontalis,FACU,,UPL,FACU,,FAC,,,,,Jamaican Crab Grass
Digitaria insularis,FAC,UPL,FACU,FAC,FAC,FACU,FACU,,,,Sour Grass
Digitaria ischaemum,UPL,FACU,UPL,UPL,UPL,,FACU,FACU,FACU,,Smooth Crab Grass
Digitaria pauciflora,FACW,,,,,,,,,,Two-Spike Crab Grass
Digitaria radicosa,,,,,,FAC,,,,,Trailing Crab Grass
Digitaria sanguinalis,FACU,FACU,UPL,FACU,FACU,,FACU,FACU,FACU,,Hairy Crab Grass
Digitaria serotina,FAC,,,FAC,,,,,,,Dwarf Crab Grass
Digitaria setigera,FAC,,UPL,,,FAC,,,,,East Indian Crab Grass
Digitaria violascens,FAC,,UPL,FAC,FAC,FAC,FAC,FACU,,,Violet Crab Grass
Dilomilis montana,,,FACW,,,,,,,,Parrot-Beak Orchid
Dinebra nealleyi,OBL,FACW,FACW,,FACW,,,,,,Nealley's Viper Grass
Dinebra panicea,FACW,FACW,FACW,FACW,FACW,,FACW,FACW,FACW,,Needle Viper Grass
Dinebra panicoides,FACW,,FACW,FACW,FACW,,FACW,,,,Amazon Viper Grass
Dinebra scabra,FACW,,OBL,,,,,,,,Rough Viper Grass
Dinebra viscida,,FACU,,,FACU,,,,FACW,,Sonoran Viper Grass
Diodia serrulata,,,FACU,,,,,,,,Seaside Buttonweed
Diodia teres,FACU,FACU,,UPL,FACU,,FACU,FACU,FACU,,Poorjoe
Diodia virginiana,FACW,FACW,,FACW,OBL,,FACW,FACW,FACW,,Virginia Buttonweed
Dionaea muscipula,FACW,,,FACW,,,,,,,Venus' Flytrap
Dioscorea pentaphylla,,,,,,FACU,,,,,Five-Leaf Yam
Dioscorea villosa,FACW,,FAC,FAC,FAC,,FAC,FAC,,,Wild Yam
Diospyros blancoi,,,,,,UPL,,,,,Velvet-Apple
Diospyros virginiana,FAC,FAC,,FAC,FAC,,FAC,FAC,FACU,,Common Persimmon
Diphasiastrum alpinum,,FAC,,,,,,FACU,FAC,FACU,Alpine Creeping-Cedar
Diphasiastrum complanatum,,FAC,,,,,FACU,FACU,FAC,FACU,Trailing Creeping-Cedar
Diphylleia cymosa,,,,FACU,,,,,,,American Umbrella-Leaf
Diplachne fusca,FACW,FACW,FACW,FACW,FACW,FACW,OBL,OBL,FACW,,Bearded Sprangletop
Diplacus aurantiacus,,FACU,,,,,,,FACU,,Orange Bush-Monkey-Flower
Diplacus parviflorus,,FACU,,,,,,,,,Island Bush-Monkey-Flower
Diplazium arnottii,,,,,,FACU,,,,,Arnott's Twin-Sorus Fern
Diplazium centripetale,,,OBL,,,,,,,,Royal Twin-Sorus Fern
Diplazium cristatum,,,FACW,,,,,,,,Crested Twin-Sorus Fern
Diplazium esculentum,FACW,,,,,FACW,,,,,Vegetable Fern
Diplazium expansum,,,OBL,,,,,,,,Great Fern
Diplazium grandifolium,,,FACW,,,,,,,,Large-Leaf Twin-Sorus Fern
Diplazium hymenodes,,,FACW,,,,,,,,Peacock Fern
Diplazium lherminieri,,,OBL,,,,,,,,L'herminier's Twin-Sorus Fern
Diplazium plantaginifolium,,,FAC,,,,,,,,Plantain-Leaf Twin-Sorus Fern
Diplazium pycnocarpon,FAC,,,FAC,,,FACU,FAC,,,Glade Fern
Diplazium riedelianum,,,FAC,,,,,,,,Riedel's Twin-Sorus Fern
Diplazium sandwichianum,,,,,,FAC,,,,,Hawaii Twin-Sorus Fern
Diplazium striatum,,,OBL,,,,,,,,Striped Twin-Sorus Fern
Diplazium unilobum,,,FACU,,,,,,,,Single-Lobe Twin-Sorus Fern
Diplazium woodwardioides,,,,,,FACU,,,,,_?_
Diplopterygium pinnatum,,,,,,FACU,,,,,Scrambling Fern
Dipsacus fullonum,FACU,FAC,,FACU,FACU,,FACU,FACU,FAC,,Fuller's Teasel
Dipsacus laciniatus,FACU,FACU,,FACU,UPL,,UPL,FACU,FACU,,Cut-Leaf Teasel
Dirca occidentalis,,FAC,,,,,,,FAC,,Western Leatherwood
Dirca palustris,FACU,,,FAC,FAC,,FAC,FAC,,,Eastern Leatherwood
Distichlis littoralis,OBL,OBL,,,OBL,,,,,,Shore Grass
Distichlis spicata,OBL,FAC,,FACW,FACW,FACW,FACW,FACW,FACW,,Coastal Salt Grass
Ditrysinia fruticosa,FAC,,,FACW,FAC,,,,,,Gulf Sebastian-Bush
Ditta myricoides,,,FACW,,,,,,,,Gale Jaboncillo
Dodecatheon alpinum,,FACW,,,,,,,FACW,,Alpine Shootingstar
Dodecatheon conjugens,,FACU,,,FACU,,,,FACU,,Bonneville Shootingstar
Dodecatheon dentatum,,FACW,,,,,,,FACW,,White Shootingstar
Dodecatheon frigidum,,,,,,,,,,FACW,Western Arctic Shootingstar
Dodecatheon jeffreyi,,FACW,,,,,,,FACW,FACW,Tall Mountain Shootingstar
Dodecatheon meadia,FACU,,,FACU,FAC,,FACU,FACU,,,Pride-of-Ohio
Dodecatheon poeticum,,FAC,,,,,,,FAC,,Poet's Shootingstar
Dodecatheon pulchellum,,FACW,,,FACW,,,,FACW,FACW,Dark-Throat Shootingstar
Dodecatheon redolens,,OBL,,,,,,,OBL,,Scented Shootingstar
Dodecatheon subalpinum,,FACU,,,,,,,FACU,,Sierran Shootingstar
Dodonaea viscosa,UPL,FACU,UPL,,,FACU,,,UPL,,Florida Hopbush
Doellingeria sericocarpoides,FACW,,,FACW,FACW,,,FACW,,,Southern White-Top
Doellingeria umbellata,FACW,,,FACW,OBL,,FACW,FACW,,,Parasol White-Top
Dopatrium junceum,OBL,OBL,,,,OBL,,,OBL,,Horsefly's-Eye
Dovyalis hebecarpa,,,UPL,,,FACU,,,,,Ceylon-Gooseberry
Downingia bacigalupii,,OBL,,,,,,,OBL,,Bach's Calico-Flower
Downingia bella,,OBL,,,,,,,OBL,,Hoover's Calico-Flower
Downingia bicornuta,,OBL,,,,,,,OBL,,Double-Horn Calico-Flower
Downingia concolor,,OBL,,,,,,,OBL,,Maroon-Spot Calico-Flower
Downingia cuspidata,,OBL,,,,,,,OBL,,Toothed Calico-Flower
Downingia elegans,,OBL,,,,,,,OBL,,Elegant Calico-Flower
Downingia insignis,,OBL,,,,,,,OBL,,Harlequin Calico-Flower
Downingia laeta,,OBL,,,,,,,OBL,,Great Basin Calico-Flower
Downingia montana,,OBL,,,,,,,OBL,,Sierran Calico-Flower
Downingia ornatissima,,OBL,,,,,,,OBL,,Folded Calico-Flower
Downingia pulchella,,OBL,,,,,,,OBL,,Flat-Face Calico-Flower
Downingia pulcherrima,,FACW,,,,,,,FACW,,_?_
Downingia pusilla,,OBL,,,,,,,OBL,,Dwarf Calico-Flower
Downingia willamettensis,,OBL,,,,,,,OBL,,Willamette Calico-Flower
Downingia yina,,OBL,,,,,,,OBL,,Cascade Calico-Flower
Draba albertina,,FAC,,,FAC,,,,FAC,FAC,Slender Whitlow-Grass
Draba aurea,,FACU,,,FAC,,,,FACU,UPL,Golden Whitlow-Grass
Draba helleriana,,FAC,,,FACU,,,,FAC,,Heller's Whitlow-Grass
Draba lonchocarpa,,FACU,,,,,,,UPL,UPL,Lance-Pod Whitlow-Grass
Draba paucifructa,,FAC,,,,,,,,,Charleston Mountain Whitlow-Grass
Draba praealta,,FACU,,,,,,,FAC,UPL,Tall Whitlow-Grass
Draba spectabilis,,FACU,,,FACU,,,,FACU,,Showy Whitlow-Grass
Draba stenoloba,,FACU,,,UPL,,,,FAC,FACU,Alaska Whitlow-Grass
Dracocephalum parviflorum,FACU,FACU,,FACU,FACU,,FACU,FACU,FACU,FACU,American Dragonhead
Dracontium asperum,,,FACW,,,,,,,,Guapa
Dracopis amplexicaulis,FAC,FACW,,FAC,FAC,,FACU,FACU,FAC,,Clasping-Coneflower
Drosera X belezeana,,,,,,,,OBL,,,_?_
Drosera X californica,OBL,,,,,,,,,,_?_
Drosera X hybrida,OBL,OBL,,,,,,,OBL,,_?_
Drosera X obovata,,OBL,,,OBL,,,OBL,OBL,OBL,_?_
Drosera aliciae,,OBL,,,,,,,OBL,,Australian Sundew
Drosera anglica,,OBL,,,,OBL,OBL,OBL,OBL,OBL,English Sundew
Drosera brevifolia,OBL,,,OBL,OBL,,OBL,,,,Dwarf Sundew
Drosera capensis,,OBL,,,,,,,OBL,,Cape Sundew
Drosera capillaris,OBL,,OBL,OBL,OBL,,,,,,Pink Sundew
Drosera filiformis,OBL,,,OBL,,,,OBL,,,Thread-Leaf Sundew
Drosera intermedia,OBL,OBL,,OBL,OBL,,OBL,OBL,OBL,,Spoon-Leaf Sundew
Drosera linearis,,,,,,,OBL,OBL,OBL,,Slender-Leaf Sundew
Drosera rotundifolia,OBL,OBL,,OBL,OBL,,OBL,OBL,OBL,OBL,Round-Leaf Sundew
Drosera tracyi,OBL,OBL,,,,,,,OBL,,Tracy's Sundew
Dryas ajanensis,,UPL,,,UPL,,,,FAC,,Eight-Petal Mountain-Avens
Dryas chamissonis,,,,,,,,,,FACU,White Mountain-Avens
Dryas drummondii,,FACU,,,,,,,FACU,FACU,Yellow Mountain-Avens
Dryas incisa,,,,,,,,,,FACU,Panarctic Mountain-Avens
Dryas integrifolia,,,,,FACU,,,FACU,FACU,FACU,White Mountain-Avens
Drymaria cordata,FAC,,FAC,FAC,,FAC,,,,,Whitesnow
Drymaria pachyphylla,,FACU,,,FACU,,,,FACU,,Thick-Leaf Drymary
Drymocallis arguta,FACU,FACU,,UPL,FACU,,FACU,FACU,FACU,,Tall Woodbeauty
Drymocallis arizonica,,FAC,,,,,,,FAC,,Arizona Woodbeauty
Drymocallis campanulata,,FAC,,,,,,,FAC,,John Day Valley Woodbeauty
Drymocallis convallaria,,FACU,,,FACU,,,,FACU,FACU,Cream Woodbeauty
Drymocallis cuneifolia,,FAC,,,,,,,,,Wedge-Leaf Woodbeauty
Drymocallis glabrata,,FAC,,,,,,,FAC,,Idaho Woodbeauty
Drymocallis glandulosa,,FAC,,,FAC,,,,FAC,,Sticky Woodbeauty
Drymocallis hansenii,,FAC,,,,,,,FAC,,Yosemite Woodbeauty
Drymocallis lactea,,FAC,,,,,,,FAC,,Sierran Woodbeauty
Drymocallis micropetala,,FAC,,,FAC,,,,FAC,,Little-Petal Woodbeauty
Drymocallis pseudorupestris,,FAC,,,FAC,,,,FAC,,_?_
Drymocallis rhomboidea,,FAC,,,,,,,FAC,,Sticky Woodbeauty
Dryopteris X australis,FACW,,,FACW,,,,,,,_?_
Dryopteris X boottii,FACW,,,FACW,,,FACW,FACW,,,_?_
Dryopteris X correllii,FACW,,,FACW,,,,FACW,,,_?_
Dryopteris X mickelii,FAC,,,FAC,,,FAC,FAC,,,_?_
Dryopteris X triploidea,FAC,,,FAC,FAC,,FAC,FAC,,,_?_
Dryopteris X uliginosa,FAC,,,FAC,FAC,,FAC,FAC,,,_?_
Dryopteris campyloptera,UPL,,,UPL,,,,FACU,,,Mountain Wood Fern
Dryopteris carthusiana,FACW,FAC,,FAC,FACW,,FACW,FACW,FAC,,Spinulose Wood Fern
Dryopteris celsa,FAC,,,OBL,OBL,,OBL,OBL,,,Log Fern
Dryopteris clintoniana,FACW,,,FACW,,,FACW,FACW,,,Clinton's Wood Fern
Dryopteris crinalis,,,,,,OBL,,,,,Serpent Wood Fern
Dryopteris cristata,OBL,FACW,,FACW,OBL,,OBL,OBL,FACW,,Crested Wood Fern
Dryopteris expansa,,FACW,,,,,FAC,FAC,FACW,FACU,Spreading Wood Fern
Dryopteris fuscoatra,,,,,,FAC,,,,,Crowned Wood Fern
Dryopteris glabra,,,,,,FAC,,,,,Kilaw
Dryopteris goldiana,FAC,,,FAC,,,FAC,FAC,,,Goldie's Wood Fern
Dryopteris hawaiiensis,,,,,,FACU,,,,,Hawaii Wood Fern
Dryopteris intermedia,FACU,,,FACU,,,FAC,FAC,,,Evergreen Wood Fern
Dryopteris ludoviciana,FACW,,,FACW,,,,,,,Southern Wood Fern
Dryopteris marginalis,FACU,,,FACU,FACU,,FACU,FACU,,,Marginal Wood Fern
Dryopteris mauiensis,,,,,,FACU,,,,,Maui Wood Fern
Dryopteris sandwicensis,,,,,,FACU,,,,,Pacific Wood Fern
Dryopteris subbipinnata,,,,,,FACU,,,,,Ainahou Valley Wood Fern
Dryopteris unidentata,,,,,,FACU,,,,,One-Tooth Wood Fern
Dryopteris wallichiana,,,,,,FACU,,,,,Alpine Wood Fern
Drypetes alba,,,FACU,,,,,,,,Cafeillo
Drypetes glauca,,,FACW,,,,,,,,Varital
Dubautia dolosa,,,,,,FAC,,,,,Maui Dubautia
Dubautia imbricata,,,,,,FACW,,,,,Bog Dubautia
Dubautia knudsenii,,,,,,FACU,,,,,Forest Dubautia
Dubautia laxa,,,,,,FAC,,,,,Na'ena'e Pua Melemele
Dubautia paleata,,,,,,FACW,,,,,Na'ena'e Pua Kea
Dubautia pauciflorula,,,,,,FAC,,,,,Wahiawa Bog Dubautia
Dubautia plantaginea,,,,,,FAC,,,,,Plantain-Leaf Dubautia
Dubautia raillardioides,,,,,,FAC,,,,,Na'ena'e 'Ula
Dubautia reticulata,,,,,,FACU,,,,,Net-Vein Dubautia
Dubautia scabra,,,,,,FACU,,,,,Rough Dubautia
Dubautia waialealae,,,,,,OBL,,,,,Waialeale Dubautia
Dudleya variegata,,FACU,,,,,,,,,Variegated Live-Forever
Dulichium arundinaceum,OBL,OBL,,OBL,OBL,,OBL,OBL,OBL,OBL,Three-Way Sedge
Dupontia fisheri,,,,,,,,,,FACW,Fisher's Tundra Grass
Dypsis lutescens,FAC,,UPL,,,,,,,,Golden Butterfly Palm
Dyschoriste angusta,FAC,,,,,,,,,,Pineland Snakeherb
Dyschoriste humistrata,FACW,,,,,,,,,,Swamp Snakeherb
Dysphania ambrosioides,FACU,FAC,FAC,FACU,FAC,UPL,FAC,FACU,FAC,,Mexican-Tea
Dysphania aristata,,,,,,,,FACU,,UPL,Aristata Wormseed
Dysphania botrys,FACU,FACU,,UPL,FACU,,FACU,FACU,FACU,,Jerusalem-Oak
Echinacea laevigata,FACU,,,FACU,,,,,,,Smooth Purple Coneflower
Echinochloa colona,FACW,FAC,FACW,FACW,FACW,FACW,FACW,FACW,FAC,,Jungle-Rice
Echinochloa crus-galli,FACW,FACW,OBL,FAC,FAC,FACW,FACW,FAC,FAC,,Large Barnyard Grass
Echinochloa crus-pavonis,OBL,FACW,OBL,FACW,OBL,,FACW,,FACW,,Gulf Cock's-Spur Grass
Echinochloa esculenta,FAC,FACU,,FACU,FACU,FACW,FACW,FACU,FACU,,Japanese Water Grass
Echinochloa frumentacea,UPL,UPL,,UPL,UPL,,FACU,FAC,FACU,,Japanese-Millet
Echinochloa holciformis,,FACW,,,,,,,,,Decorative-Millet
Echinochloa muricata,FACW,FACW,FACW,FACW,FACW,,OBL,OBL,FACW,,Rough Barnyard Grass
Echinochloa oryzicola,,FACW,,,,,,,OBL,,Rice-Field Grass
Echinochloa oryzoides,,OBL,,,,FAC,,,OBL,,Early Water Grass
Echinochloa paludigena,OBL,,,,,,,,,,Florida Cock's-Spur Grass
Echinochloa picta,,,,,,FAC,,,,,Showy Cock's-Spur Grass
Echinochloa polystachya,OBL,,OBL,,FACW,,,,,,Creeping River Grass
Echinochloa walteri,OBL,OBL,,FACW,OBL,FACW,OBL,OBL,FACW,,Long-Awn Cock's-Spur Grass
Echinocystis lobata,FACW,FACU,,FAC,FAC,,FACW,FACW,FACU,,Wild Cucumber
Echinodorus berteroi,OBL,OBL,OBL,OBL,OBL,OBL,OBL,OBL,OBL,,Upright Burrhead
Echinodorus bolivianus,,,OBL,,,,,,,,Bolivian Burrhead
Echinodorus cordifolius,OBL,,,OBL,OBL,,OBL,,,,Creeping Burrhead
Echinodorus floridanus,OBL,,,,,,,,,,Florida Burrhead
Echinopepon wrightii,,FAC,,,FAC,,,,FAC,,Wild Balsam-Apple
Eclipta prostrata,FACW,FAC,OBL,FAC,FACW,FACW,FACW,FACW,FAC,,False Daisy
Egeria densa,OBL,OBL,OBL,OBL,OBL,OBL,OBL,OBL,OBL,,Brazilian-Waterweed
Egletes viscosa,FACW,,,,FACW,,,,,,Erect Tropical Daisy
Eichhornia azurea,OBL,,OBL,,OBL,,,,,,Anchored Water-Hyacinth
Eichhornia crassipes,OBL,OBL,OBL,OBL,OBL,OBL,OBL,OBL,OBL,,Common Water-Hyacinth
Eichhornia diversifolia,,,OBL,,,,,,,,Variable-Leaf Water-Hyacinth
Eichhornia paniculata,OBL,,OBL,,,,,,,,Brazilian Water-Hyacinth
Elaeagnus angustifolia,FACU,FAC,,FACU,FACU,,FACU,FACU,FAC,,Russian-Olive
Elaeagnus commutata,UPL,FAC,,UPL,UPL,,UPL,UPL,FAC,FAC,American Silver-Berry
Elaeocarpus bifidus,,,,,,FACU,,,,,Kalia
Elaphoglossum aemulum,,,,,,FAC,,,,,Creeping Tongue Fern
Elaphoglossum alatum,,,,,,FAC,,,,,Tall Tongue Fern
Elaphoglossum crassicaule,,,,,,FACU,,,,,_?_
Elaphoglossum crassifolium,,,,,,FACU,,,,,Royal Tongue Fern
Elaphoglossum fauriei,,,,,,FACU,,,,,_?_
Elaphoglossum paleaceum,,,,,,FACU,,,,,Ekaha
Elaphoglossum parvisquamaeum,,,,,,FACU,,,,,_?_
Elaphoglossum pellucidum,,,,,,FACU,,,,,Jeweled Tongue Fern
Elaphoglossum wawrae,,,,,,FAC,,,,,Island Tongue Fern
Elatine ambigua,,OBL,,,,,,,OBL,,Asian Waterwort
Elatine americana,OBL,,,OBL,OBL,,OBL,OBL,,,American Waterwort
Elatine brachysperma,OBL,OBL,,OBL,FACW,,FACW,,OBL,,Short-Seed Waterwort
Elatine californica,,OBL,,,OBL,,,,OBL,,California Waterwort
Elatine chilensis,,OBL,,,,,,,OBL,,Chilean Waterwort
Elatine heterandra,,OBL,,,,,,,OBL,,Mosquito Waterwort
Elatine minima,OBL,,,OBL,,,OBL,OBL,,,Small Waterwort
Elatine rubella,,OBL,,,OBL,,OBL,OBL,OBL,,Red-Stem Waterwort
Elatine triandra,,,,,,,,OBL,,,Eurasian Waterwort
Eleocharis acicularis,OBL,OBL,,OBL,OBL,,OBL,OBL,OBL,OBL,Needle Spike-Rush
Eleocharis acutangula,FAC,,,,,,,,,,Hollow-Stem Spike-Rush
Eleocharis aestuum,OBL,,,OBL,,,,OBL,,,Tidal Spike-Rush
Eleocharis albida,OBL,OBL,,OBL,OBL,,,,OBL,,White Spike-Rush
Eleocharis atropurpurea,FACW,FACW,,FACW,FACW,,FACW,FACW,FACW,,Purple Spike-Rush
Eleocharis baldwinii,OBL,,,OBL,FACW,,,,,,Baldwin's Spike-Rush
Eleocharis bella,,FACW,,,FACW,,,,FACW,,Delicate Spike-Rush
Eleocharis bifida,FACW,,,FACW,,,FACW,,,,Glades Spike-Rush
Eleocharis bolanderi,,FACW,,,,,,,FACW,,Bolander's Spike-Rush
Eleocharis cellulosa,OBL,,OBL,,OBL,,,,,,Gulf Coast Spike-Rush
Eleocharis compressa,FACW,FACW,,OBL,FACW,,FACW,FACW,FACW,,Flat-Stem Spike-Rush
Eleocharis confervoides,OBL,,,,,,,,,,Algal-Bulrush
Eleocharis cylindrica,OBL,OBL,,,OBL,,,,,,Cylinder Spike-Rush
Eleocharis debilis,,,OBL,,,,,,,,Sintenis' Spike-Rush
Eleocharis diandra,FACW,,,FACW,,,,OBL,,,Wright's Spike-Rush
Eleocharis dulcis,,,,OBL,,OBL,,,,,Chinese Water-Chestnut
Eleocharis elegans,,,OBL,,,,,,,,Elegant Spike-Rush
Eleocharis elliptica,OBL,OBL,,FACW,OBL,,OBL,OBL,OBL,,Elliptic Spike-Rush
Eleocharis elongata,OBL,,,,,,,,,,Slim Spike-Rush
Eleocharis engelmannii,FACW,OBL,,FACW,FACW,,FACW,FACW,OBL,,Engelmann's Spike-Rush
Eleocharis equisetoides,OBL,,,OBL,OBL,,OBL,OBL,,,Horsetail-Spike-Rush
Eleocharis fallax,OBL,,OBL,OBL,OBL,,,OBL,,,Creeping Spike-Rush
Eleocharis flavescens,OBL,OBL,OBL,OBL,OBL,,,,OBL,,Yellow Spike-Rush
Eleocharis geniculata,FACW,OBL,OBL,FACW,FACW,OBL,FACW,OBL,OBL,,Capitate Spike-Rush
Eleocharis halophila,OBL,,,OBL,,,,OBL,,,Saltmarsh Spike-Rush
Eleocharis intermedia,FACW,,,FACW,OBL,,OBL,OBL,,,Intermediate Spike-Rush
Eleocharis interstincta,OBL,,OBL,,OBL,,,,,,Knotted Spike-Rush
Eleocharis kamtschatica,,,,,,,,,,FACW,Kamchatka Spike-Rush
Eleocharis lanceolata,FACW,,,FACW,FACW,,FACW,,,,Dagger-Leaf Spike-Rush
Eleocharis mamillata,,OBL,,,OBL,,OBL,OBL,OBL,OBL,Soft-Stem Spike-Rush
Eleocharis melanocarpa,FACW,,,FACW,FACW,,FACW,FACW,,,Black-Fruit Spike-Rush
Eleocharis microcarpa,OBL,,,OBL,OBL,,OBL,OBL,,,Small-Fruit Spike-Rush
Eleocharis minima,OBL,,,,OBL,,,,,,Small Spike-Rush
Eleocharis minutiflora,,,FACU,,,,,,,,Pygmy-Flower Spike-Rush
Eleocharis montana,OBL,OBL,OBL,,OBL,,,,OBL,,Mountain Spike-Rush
Eleocharis montevidensis,FACW,FACW,,FACW,FACW,,FACW,,FACW,,Sand Spike-Rush
Eleocharis mutata,OBL,,OBL,,OBL,,,,,,Scallion-Grass
Eleocharis nana,OBL,,,,,,,,,,Hair-Like Spike-Rush
Eleocharis nigrescens,FACW,,,,,,,,,,Black Spike-Rush
Eleocharis nitida,,,,,,,,OBL,,OBL,Quill Spike-Rush
Eleocharis obtusa,OBL,OBL,,OBL,OBL,OBL,OBL,OBL,OBL,,Blunt Spike-Rush
Eleocharis occulta,FACW,,,FACW,FACW,,,,,,Limestone Spike-Rush
Eleocharis ochrostachys,,,,,,OBL,,,,,_?_
Eleocharis olivacea,OBL,,OBL,OBL,OBL,OBL,OBL,OBL,,,Bright-Green Spike-Rush
Eleocharis pachycarpa,,OBL,,,,,,,OBL,,Black-Sand Spike-Rush
Eleocharis pachystyla,,,OBL,,,,,,,,False Junco
Eleocharis palustris,OBL,OBL,,OBL,OBL,OBL,OBL,OBL,OBL,OBL,Common Spike-Rush
Eleocharis parishii,,FACW,,,FACW,,,,FACW,,Parish's Spike-Rush
Eleocharis parvula,OBL,OBL,,OBL,OBL,,OBL,OBL,OBL,,Little-Head Spike-Rush
Eleocharis quadrangulata,OBL,OBL,,OBL,OBL,,OBL,OBL,OBL,,Square-Stem Spike-Rush
Eleocharis quinqueflora,,OBL,,OBL,OBL,,OBL,OBL,OBL,OBL,Few-Flower Spike-Rush
Eleocharis radicans,OBL,OBL,OBL,OBL,OBL,OBL,OBL,OBL,OBL,,Rooted Spike-Rush
Eleocharis ravenelii,OBL,,,,OBL,,,,,,Rio Grande Spike-Rush
Eleocharis retroflexa,OBL,,OBL,,,,,,,,Coastal-Plain Spike-Rush
Eleocharis reverchonii,OBL,,,,OBL,,,,,,Reverchon's Spike-Rush
Eleocharis robbinsii,OBL,,,OBL,,,OBL,OBL,,,Robbins' Spike-Rush
Eleocharis rostellata,OBL,OBL,OBL,OBL,OBL,,OBL,OBL,OBL,,Beaked Spike-Rush
Eleocharis schaffneri,,,,,,OBL,,,,,Schaffner's Spike-Rush
Eleocharis suksdorfiana,,OBL,,,OBL,,,,OBL,,Suksdorf's Spike-Rush
Eleocharis tenuis,FACW,,,FACW,FACW,,FACW,FACW,,,Slender Spike-Rush
Eleocharis torticulmis,,OBL,,,,,,,OBL,,Twist-Stem Spike-Rush
Eleocharis tortilis,FACW,,,FACW,FACW,,,FACW,,,Twisted Spike-Rush
Eleocharis tricostata,OBL,,,OBL,,,,OBL,,,Three-Angle Spike-Rush
Eleocharis tuberculosa,OBL,,,OBL,OBL,,,OBL,,,Cone-Cup Spike-Rush
Eleocharis vivipara,OBL,,,OBL,OBL,,,,,,Viviparous Spike-Rush
Eleocharis wolfii,OBL,,,OBL,OBL,,OBL,OBL,OBL,,Wolf's Spike-Rush
Elephantopus carolinianus,FACU,,,FACU,FAC,,FAC,,,,Carolina Elephant's-Foot
Elephantopus elatus,FACU,,,FACU,,,,,,,Tall Elephant's-Foot
Elephantopus mollis,,,FAC,,,FACU,,,,,Soft Elephant's-Foot
Elephantopus nudatus,FAC,,,FAC,,,,,,,Smooth Elephant's-Foot
Eleusine indica,FACU,UPL,FACU,FACU,FACU,FACU,FACU,FACU,UPL,,Indian Goose Grass
Eleutheranthera ruderalis,,,FAC,,,,,,,,Ogiera
Elionurus tripsacoides,FAC,FAC,,FAC,FACU,,,,,,Pan-American Balsamscale
Elliottia pyroliflora,,,,,,,,,FAC,FAC,Copperbush
Ellisia nyctelea,FAC,FACU,,FACU,FACU,,FAC,FAC,FACU,,Aunt Lucy
Elodea bifoliata,,OBL,,,OBL,,OBL,OBL,OBL,,Two-Leaf Waterweed
Elodea callitrichoides,,OBL,,,,,,,OBL,,South American Waterweed
Elodea canadensis,OBL,OBL,OBL,OBL,OBL,,OBL,OBL,OBL,OBL,Canadian Waterweed
Elodea nuttallii,OBL,OBL,,OBL,OBL,,OBL,OBL,OBL,,Western Waterweed
Elodea schweinitzii,OBL,,,OBL,,,,OBL,,,Schweinitz's Waterweed
Eltroplectris calcarata,FAC,,FACU,,,,,,,,Long-Claw Orchid
Elymus alaskanus,,UPL,,,UPL,,,UPL,FACU,FACU,Alaska Wild Rye
Elymus canadensis,FAC,FAC,,FACU,FACU,,FACU,FACU,FAC,,Nodding Wild Rye
Elymus caninus,,,,,,,,,FAC,,Bearded Wild Rye
Elymus curvatus,FAC,FAC,,FAC,FAC,,FAC,FAC,FAC,,Awnless Wild Rye
Elymus elymoides,,FACU,,FACU,UPL,,FACU,,FACU,,Western Bottle-Brush Grass
Elymus glaucus,,FACU,,FACU,FACU,,FACU,FACU,FACU,FACU,Blue Wild Rye
Elymus hystrix,UPL,,,UPL,FACU,,FACU,FACU,FACU,,Eastern Bottle-Brush Grass
Elymus lanceolatus,,UPL,,,FACU,,FACU,FACU,FACU,UPL,Streamside Wild Rye
Elymus macrourus,,,,,,,,,,FAC,Thick-Spike Wild Rye
Elymus repens,FACU,FAC,,FACU,FACU,,FACU,FACU,FAC,FACU,Creeping Wild Rye
Elymus riparius,FACW,,,FACW,FAC,,FACW,FACW,,,River-Bank Wild Rye
Elymus sibiricus,,,,,,,,,,FAC,Siberian Wild Rye
Elymus trachycaulus,FAC,FACU,,FACU,FACU,,FACU,FACU,FAC,FACU,Slender Wild Rye
Elymus villosus,FACU,FACU,,FACU,FACU,,FACU,FACU,FACU,,Hairy Wild Rye
Elymus virginicus,FAC,FACW,,FACW,FAC,,FACW,FACW,FACW,,Virginia Wild Rye
Elymus wawawaiensis,,FACU,,,FACU,,,,FACU,,Wawawai Wild Rye
Elymus wiegandii,FAC,,,FAC,FAC,,FAC,FAC,FAC,FAC,Wiegand's Wild Rye
Elytraria caroliniensis,FACW,,,,,,,,,,Carolina Scalystem
Emilia fosbergii,UPL,UPL,FACU,,UPL,FACU,,,,,Florida Tassel-Flower
Emilia sonchifolia,UPL,UPL,FACU,UPL,,FAC,UPL,,UPL,,Lilac Tassel-Flower
Empetrum nigrum,,FAC,,,,,,FAC,FAC,FAC,Black Crowberry
Enchylaena tomentosa,,UPL,,,,FAC,,,UPL,,Ruby-Saltbush
Endodeca serpentaria,FACU,,,UPL,FACU,,UPL,UPL,,,Virginia-Snakeroot
Enemion biternatum,FACW,,,FACU,FAC,,FAC,FAC,FAC,,Eastern False Rue-Anemone
Enhalus acoroides,,,,,,OBL,,,,,_?_
Entada phaseoloides,,,,,,FACU,,,,,St. Thomas-Bean
Entolasia marginata,,,,,,FACU,,,,,Bordered Panic
Enydra fluctuans,OBL,,,,,,,,,,Buffalo-Spinach
Enydra sessilis,,,OBL,,,,,,,,Small-Ray Swampwort
Epidendrum X obrienianum,,,,,,FACU,,,,,_?_
Epilobium X treleaseanum,,,,,,,,,,OBL,_?_
Epilobium anagallidifolium,,FACU,,FAC,FAC,,,FACW,FACU,FAC,Pimpernel Willowherb
Epilobium arcticum,,,,,,,,,,FACW,Arctic Willowherb
Epilobium billardierianum,,,,,,FACU,,,,,Aboriginal Willowherb
Epilobium brachycarpum,,FAC,,,,,,,FAC,,Willowherb
Epilobium campestre,,OBL,,,FACW,,,,OBL,,Smooth Willowherb
Epilobium ciliatum,FACW,FACW,,FAC,FACW,FAC,FACW,FACW,FACW,FAC,Fringed Willowherb
Epilobium clavatum,,FACU,,,FACU,,,,FACU,FAC,Talus Willowherb
Epilobium cleistogamum,,OBL,,,,,,,OBL,,Selfing Willowherb
Epilobium coloratum,OBL,,,FACW,OBL,,OBL,OBL,,,Purple-Leaf Willowherb
Epilobium davuricum,,,,,,,,,,FACW,Dahurian Willowherb
Epilobium densiflorum,,FACW,,,,,,,FACW,,Dense-Flower Willowherb
Epilobium glaberrimum,,FACW,,,FACW,,,,FACW,,Glaucous Willowherb
Epilobium hallianum,,FACW,,,FACW,,,,FACW,,Glandular Willowherb
Epilobium hirsutum,FACW,FACW,,FACW,FACW,,FACW,FACW,FACW,,Codlins-and-Cream
Epilobium hornemannii,,FACW,,,FACW,,,FACW,FACW,FACW,Hornemann's Willowherb
Epilobium howellii,,FACW,,,,,,,FACW,,Yuba Pass Willowherb
Epilobium lactiflorum,,FACW,,,FACW,,,FACW,FACW,FACW,White-Flower Willowherb
Epilobium leptocarpum,,FACW,,,FACW,,,,FACW,FACW,Slender-Fruit Willowherb
Epilobium leptophyllum,OBL,FACW,,OBL,OBL,,OBL,OBL,FACW,FACW,Bog Willowherb
Epilobium luteum,,FACW,,,,,,,FACW,FACW,Yellow Willowherb
Epilobium minutum,,FACU,,,FACU,,,,FACU,,Chaparral Willowherb
Epilobium obcordatum,,FACU,,,,,,,FACU,,Rockfringe
Epilobium oreganum,,OBL,,,,,,,OBL,,Grants Pass Willowherb
Epilobium oregonense,,OBL,,,FACW,,,,FACW,,Oregon Willowherb
Epilobium pallidum,,FAC,,,,,,,FAC,,Large-Flower Willowherb
Epilobium palustre,,OBL,,OBL,OBL,,OBL,OBL,OBL,OBL,Marsh Willowherb
Epilobium parviflorum,,,,OBL,,,FACW,FACW,,,Small-Flower Hairy Willowherb
Epilobium saximontanum,,FACW,,,FACW,,,,FACW,,Rocky Mountain Willowherb
Epilobium siskiyouense,,FACW,,,,,,,FACW,,Siskiyou Willowherb
Epilobium strictum,OBL,,,OBL,OBL,,OBL,OBL,,,Downy Willowherb
Epilobium suffruticosum,,FACU,,,FACU,,,,FACU,,Shrubby Willowherb
Epilobium torreyi,,FACW,,,,,,,FACW,,Brook Willowherb
Epipactis gigantea,OBL,OBL,,OBL,OBL,,,,OBL,,Giant Helleborine
Epipactis helleborine,UPL,FACU,,UPL,FACU,,FACU,UPL,FACU,,Helleborine
Epipactis palustris,,,,,,,,FACW,,,Marsh-Orchid
Epipremnum pinnatum,UPL,,FAC,,,FAC,,,,,Devil's Ivy
Equisetum X ferrissii,FACW,FACW,,FACW,FACW,,FACW,FACW,FACW,,_?_
Equisetum X litorale,OBL,OBL,,OBL,OBL,,OBL,OBL,OBL,OBL,_?_
Equisetum X mackaii,,FACW,,FACW,OBL,,FACW,FACW,FACW,FACW,_?_
Equisetum X nelsonii,FACW,FACW,,FAC,OBL,,FAC,FAC,OBL,,_?_
Equisetum arvense,FAC,FAC,,FAC,FAC,,FAC,FAC,FAC,FAC,Field Horsetail
Equisetum fluviatile,OBL,OBL,,OBL,OBL,,OBL,OBL,OBL,OBL,Water Horsetail
Equisetum hyemale,FACW,FACW,,FACW,FACW,,FACW,FAC,FACW,FACW,Tall Scouring-Rush
Equisetum laevigatum,FAC,FACW,,FACW,FAC,,FACW,FACW,FACW,,Smooth Scouring-Rush
Equisetum myriochaetum,,OBL,,,,,,,,,Mexican Giant Horsetail
Equisetum palustre,,FACW,,,FACW,,FACW,FACW,FACW,FACW,Marsh Horsetail
Equisetum pratense,,,,FACW,FACW,,FACW,FACW,FACW,FACW,Meadow Horsetail
Equisetum scirpoides,,FAC,,FAC,FAC,,FAC,FAC,FAC,FACU,Dwarf Scouring-Rush
Equisetum sylvaticum,FACW,FAC,,FACW,FACW,,FACW,FACW,FAC,FAC,Woodland Horsetail
Equisetum telmateia,,FACW,,,,,,OBL,FACW,,Giant Horsetail
Equisetum variegatum,,FACW,,FACW,FACW,,FACW,FACW,FACW,FACW,Variegated Scouring-Rush
Eragrostis amabilis,FAC,FAC,FACU,FACU,,FAC,,,,,Feather Love Grass
Eragrostis atrovirens,FAC,,,FAC,,FAC,,,,,Thalia Love Grass
Eragrostis bahiensis,FAC,,,FAC,,,,FAC,,,Bahia Love Grass
Eragrostis cilianensis,FACU,FACU,,FACU,FACU,FACU,FACU,FACU,FACU,,Stink Grass
Eragrostis ciliaris,FACU,FACU,FACU,FACU,FACU,UPL,,FACU,FACU,,Gopher-Tail Love Grass
Eragrostis cumingii,FACU,,,FACU,,FAC,,,,,Cuming's Love Grass
Eragrostis elliottii,FACW,,FACW,FACW,FACW,,FACW,,,,Elliot's Love Grass
Eragrostis frankii,FACW,FACW,,FACW,FACW,,FACW,FACW,FAC,,Sandbar Love Grass
Eragrostis grandis,,,,,,FAC,,,,,Large Hawaii Love Grass
Eragrostis hirsuta,FACU,,,UPL,FACU,,FACU,FACU,,,Big-Top Love Grass
Eragrostis hypnoides,OBL,OBL,OBL,OBL,OBL,,OBL,OBL,OBL,,Teal Love Grass
Eragrostis japonica,FAC,,,OBL,OBL,,,,,,Japanese Love Grass
Eragrostis lugens,FAC,FACU,,FAC,FACU,,FAC,,,,Mourning Love Grass
Eragrostis lutescens,,FACU,,,FACU,,,,FACU,,Six-Weeks Love Grass
Eragrostis mexicana,FACU,FACU,FACU,UPL,FACU,,FAC,FAC,FAC,,Mexican Love Grass
Eragrostis paupera,,,,,,FACU,,,,,Oahu Love Grass
Eragrostis pectinacea,FAC,FAC,FACU,FAC,FAC,FACU,FAC,FAC,FAC,,Purple Love Grass
Eragrostis pilosa,FACU,FACU,FACU,FACU,FACU,FAC,FACU,FACU,FACU,,Indian Love Grass
Eragrostis prolifera,FAC,,,,,,,,,,Dominican Love Grass
Eragrostis refracta,FACW,,,FACW,FACW,,,FACW,,,Meadow Love Grass
Eragrostis reptans,FAC,OBL,,FACW,OBL,,OBL,OBL,,,Creeping Love Grass
Eragrostis secundiflora,UPL,UPL,,UPL,FACU,,FACU,,UPL,,Red Love Grass
Eragrostis spectabilis,FACU,UPL,,UPL,UPL,,UPL,UPL,UPL,,Petticoat-Climber
Eragrostis unioloides,FAC,,,FAC,,FACU,,,,,Chinese Love Grass
Eragrostis variabilis,,,,,,FACU,,,,,Kawelu
Eremochloa ciliaris,,FACU,,,,,,,,,Fringed Centipede Grass
Eremogone capillaris,,FACU,,,,,,,FACU,UPL,Slender Mountain Matted Sandwort
Erica tetralix,FACU,,,FACU,,,,FACU,,,Cross-Leaf Heath
Erigeron acris,,FACU,,,FAC,,,FAC,FACU,FAC,Bitter Fleabane
Erigeron annuus,FACU,FACU,,FACU,FACU,,FACU,FACU,FACU,,Eastern Daisy Fleabane
Erigeron bellioides,FACU,,UPL,,,FAC,,,,,Bellorita
Erigeron bonariensis,FACU,FACU,UPL,FACU,FACU,FAC,,,FACU,,Asthmaweed
Erigeron canadensis,FACU,FACU,FACU,FACU,FACU,UPL,FACU,FACU,FACU,UPL,Canadian Horseweed
Erigeron coulteri,,FACW,,,FACW,,,,FACW,,Large Mountain Fleabane
Erigeron elatior,,FAC,,,FACW,,,,FAC,,Tall Fleabane
Erigeron flagellaris,,FACU,,,FAC,,,FAC,FACU,,Trailing Fleabane
Erigeron formosissimus,,UPL,,,FAC,,,,UPL,,Beautiful Fleabane
Erigeron glabellus,,FAC,,,FACW,,FACW,FACW,FAC,FACU,Streamside Fleabane
Erigeron glacialis,,FAC,,,,,,,FACW,FACW,Glacier Fleabane
Erigeron glaucus,,FACU,,,,,,,FACU,,Seaside Fleabane
Erigeron howellii,,,,,,,,,FACW,,Howell's Fleabane
Erigeron humilis,,FACW,,,,,,,FACW,FACW,Arctic Alpine Fleabane
Erigeron hyssopifolius,,,,,,,,FACW,,,Hyssop-Leaf Fleabane
Erigeron jamaicensis,,,OBL,,,,,,,,Jamaican Fleabane
Erigeron kachinensis,,OBL,,,,,,,OBL,,Kachina Fleabane
Erigeron karvinskianus,,FAC,,,,FACU,,,FAC,,Latin American Fleabane
Erigeron lanatus,,FACU,,,,,,,FACU,,Woolly Fleabane
Erigeron lonchophyllus,,FACW,,,FACW,,FACW,FACW,FACW,FACW,Short-Ray Fleabane
Erigeron melanocephalus,,FAC,,,FAC,,,,FAC,,Black-Head Fleabane
Erigeron nivalis,,FAC,,,,,,,FAC,FACU,Scotter's Fleabane
Erigeron peregrinus,,,,,,,,,FACW,FACW,Subalpine Fleabane
Erigeron philadelphicus,FAC,FACU,,FACU,FAC,,FACW,FAC,FACU,,Philadelphia Fleabane
Erigeron procumbens,FAC,,,,FACW,,,,,,Corpus Christi Fleabane
Erigeron pulchellus,FACU,,,FACU,FACU,,FACU,FACU,,,Robin's-Plantain
Erigeron quercifolius,FAC,,,FACW,,,,,,,Oak-Leaf Fleabane
Erigeron strigosus,FAC,FACU,,FACU,FACU,,FACU,FACU,FACU,,Prairie Fleabane
Erigeron vernus,OBL,,,OBL,,,,,,,Early White-Top Fleabane
Eriobotrya japonica,UPL,UPL,UPL,,UPL,FACU,,,,,Loquat
Eriocaulon aquaticum,OBL,,,OBL,OBL,,OBL,OBL,,,Seven-Angle Pipewort
Eriocaulon benthamii,FACW,,,,,,,,,,Bentham's Pipewort
Eriocaulon cinereum,OBL,OBL,,OBL,,OBL,,,,,Ashy Pipewort
Eriocaulon compressum,OBL,,,OBL,OBL,,,,,,Flattened Pipewort
Eriocaulon decangulare,OBL,,,OBL,OBL,,,OBL,,,Ten-Angle Pipewort
Eriocaulon koernickianum,OBL,,,OBL,OBL,,OBL,,,,Gulf Pipewort
Eriocaulon lineare,OBL,,,OBL,,,,,,,Narrow Pipewort
Eriocaulon microcephalum,,OBL,,,,,,,OBL,,Small-Head Pipewort
Eriocaulon nigrobracteatum,OBL,,,,,,,,,,Black-Bract Pipewort
Eriocaulon parkeri,OBL,,,OBL,,,,OBL,,,Estuary Pipewort
Eriocaulon ravenelii,OBL,,,OBL,,,,,,,Ravenel's Pipewort
Eriocaulon scariosum,,,,,,OBL,,,,,Rough Pipewort
Eriocaulon texense,OBL,,,OBL,OBL,,,,,,Texas Pipewort
Eriochloa acuminata,FAC,FACW,,FAC,FAC,,FACW,FACW,FAC,,Taper-Tip Cup Grass
Eriochloa aristata,FACW,FACW,,,,,,,FACW,,Bearded Cup Grass
Eriochloa contracta,FAC,FAC,,FACU,FAC,,FAC,FAC,FAC,,Prairie Cup Grass
Eriochloa fatmensis,FAC,FAC,,,,,,,,,Tropical Cup Grass
Eriochloa michauxii,FACW,,,,,,,,,,Long-Leaf Cup Grass
Eriochloa polystachya,FACW,,FACW,,,,,,,,Carib Grass
Eriochloa punctata,FACW,,FACW,FACW,FACW,FACW,,,,,Louisiana Cup Grass
Eriogonum ampullaceum,,FACU,,,,,,,FACU,,Mono Wild Buckwheat
Eriogonum argophyllum,,FACW,,,,,,,,,Sulphur Hot Springs Wild Buckwheat
Eriogonum ovalifolium,,FACU,,,UPL,,,,FACU,,Cushion Wild Buckwheat
Eriophorum angustifolium,,OBL,,OBL,OBL,,OBL,OBL,OBL,OBL,Tall Cotton-Grass
Eriophorum brachyantherum,,,,,,,,,,OBL,Closed-Sheath Cotton-Grass
Eriophorum callitrix,,FACW,,,,,,,OBL,FACW,Arctic Cotton-Grass
Eriophorum chamissonis,,OBL,,,OBL,,OBL,OBL,OBL,OBL,Chamisso's Cotton-Grass
Eriophorum crinigerum,,OBL,,,,,,,OBL,,Meadow's Cotton-Grass
Eriophorum gracile,OBL,OBL,,OBL,OBL,,OBL,OBL,OBL,OBL,Slender Cotton-Grass
Eriophorum komarovii,,,,,,,,,,OBL,_?_
Eriophorum russeolum,,,,,OBL,,OBL,OBL,,FACW,Russet-Bristle Cotton-Grass
Eriophorum scheuchzeri,,OBL,,,,,,,OBL,OBL,White Cotton-Grass
Eriophorum tenellum,OBL,,,OBL,OBL,,OBL,OBL,,,Few-Nerve Cotton-Grass
Eriophorum vaginatum,,,,OBL,OBL,,OBL,OBL,,FACW,Tussock Cotton-Grass
Eriophorum virginicum,OBL,,,OBL,OBL,,OBL,OBL,,,Tawny Cotton-Grass
Eriophorum viridicarinatum,OBL,OBL,,OBL,OBL,,OBL,OBL,OBL,OBL,Tassel Cotton-Grass
Ernodea littoralis,FAC,,UPL,,,,,,,,Coughbush
Erodium botrys,,FACU,,,FACU,,,FACU,FACU,,Long-Beak Stork's-Bill
Eryngium alismifolium,,FACW,,,,,,,FACW,,Modoc Eryngo
Eryngium aquaticum,OBL,,,OBL,,,,OBL,,,Rattlesnake-Master
Eryngium aristulatum,,OBL,,,,,,,OBL,,California Eryngo
Eryngium armatum,,FACW,,,,,,,FACW,,Coastal Eryngo
Eryngium aromaticum,FACW,,,,,,,,,,Fragrant Eryngo
Eryngium articulatum,,OBL,,,,,,,OBL,,Bee-Thistle
Eryngium baldwinii,FACW,,,,,,,,,,Baldwin's Eryngo
Eryngium campestre,FAC,,,FAC,,,,,,,Field Eryngo
Eryngium castrense,,OBL,,,,,,,OBL,,Great Valley Eryngo
Eryngium constancei,,OBL,,,,,,,OBL,,Loch Lomond Eryngo
Eryngium foetidum,FAC,,FAC,FAC,,UPL,,,,,Spiritweed
Eryngium heterophyllum,,FACW,,,FAC,,,,FACW,,Wright's Eryngo
Eryngium hookeri,FACW,,,FACW,FACW,,,,,,Hooker's Eryngo
Eryngium integrifolium,FACW,,,FACW,FACW,,,,,,Blue-Flower Eryngo
Eryngium jepsonii,,OBL,,,,,,,,,Jepson's Eryngo
Eryngium lemmonii,,FAC,,,,,,,,,Chiricahua Mountain Eryngo
Eryngium mathiasiae,,OBL,,,,,,,OBL,,Mathias' Eryngo
Eryngium nasturtiifolium,FACW,FACW,,,FACW,,,,,,Hierba-Del-Sapo
Eryngium petiolatum,,OBL,,,,,,,OBL,,Rush-Leaf Eryngo
Eryngium phyteumae,,OBL,,,,,,,,,Huachuca Mountain Eryngo
Eryngium pinnatisectum,,OBL,,,,,,,OBL,,Tuolumne Eryngo
Eryngium prostratum,FACW,,,OBL,FACW,,OBL,,,,Creeping Eryngo
Eryngium racemosum,,OBL,,,,,,,OBL,,Delta Eryngo
Eryngium sparganophyllum,,OBL,,,,,,,OBL,,Arizona Eryngo
Eryngium spinosepalum,,FACW,,,,,,,FACW,,Spiny-Sepal Eryngo
Eryngium vaseyi,,FACW,,,,,,,FACW,,Coyote-Thistle
Eryngium yuccifolium,FAC,,,FAC,FACW,,FAC,FAC,,,Button Eryngo
Erysimum cheiranthoides,UPL,FACU,,FAC,FACU,,FACU,FACU,FACU,UPL,Worm-Seed Wallflower
Erythrina fusca,,,FACW,,,,,,,,Bucayo
Erythrina poeppigiana,,,FACU,,,FACU,,,,,Mountain-Immortelle
Erythronium albidum,UPL,,,FACU,FACU,,FACU,FACU,,,Small White Fawn-Lily
Erythronium grandiflorum,,FACU,,,,,,,FACU,,Yellow Avalanche-Lily
Erythronium revolutum,,FAC,,,,,,,FAC,,Mahogany Fawn-Lily
Erythronium rostratum,FACU,,,UPL,FAC,,FACU,,,,Yellow Trout-Lily
Erythronium umbilicatum,FAC,,,FAC,,,,,,,Dimpled Trout-Lily
Eubotrys racemosa,FACW,,,FACW,,,,FACW,,,Swamp Deciduous-Doghobble
Eubotrys recurva,,,,FACU,,,,FACU,,,Red-Twig Deciduous-Doghobble
Eucalyptus camaldulensis,,FAC,UPL,,,FAC,,,FAC,,River Red Gum
Eucalyptus deglupta,,,UPL,,,FACU,,,,,Rainbow Gum
Eucalyptus robusta,UPL,,FACU,,,FACU,,,,,Swamp-Mahogany
Eucalyptus rudis,,,,,,FACU,,,,,Western Australian Flooded Gum
Euchiton involucratus,,,,,,,,FACW,FACW,,Star-Cudweed
Eugenia borinquensis,,,FAC,,,,,,,,Guayabota-de-Sierra
Eugenia eggersii,,,FACW,,,,,,,,Guasabara
Eugenia haematocarpa,,,FAC,,,,,,,,Luquillo Mountain Stopper
Eugenia reinwardtiana,,,,,,FACU,,,,,Mountain Stopper
Eugenia stahlii,,,FAC,,,,,,,,Stahl's Stopper
Eugenia stewardsonii,,,FACU,,,,,,,,Stewardson's Stopper
Eugenia uniflora,UPL,,UPL,,,FACU,,,,,Surinam-Cherry
Eulophia alta,FACW,,FACW,,,,,,,,Wild Coco
Eulophia graminea,FACU,,,,,FACU,,,,,Grass-Leaf Wild Coco
Euonymus americanus,FAC,,,FAC,FACW,,FAC,FAC,,,American Strawberry-Bush
Euonymus atropurpureus,FAC,,,FACU,FACU,,FAC,FACU,FAC,,Eastern Wahoo
Euonymus obovatus,FACU,,,FAC,,,FAC,FACU,,,Running Strawberry-Bush
Euonymus occidentalis,,FACW,,,,,,,FAC,,Western Wahoo
Eupatorium X cordigerum,FAC,,,FAC,,,,,,,_?_
Eupatorium anomalum,FACU,,,FACU,,,,,,,Florida Thoroughwort
Eupatorium capillifolium,FACU,,,FACU,FACU,FAC,FACU,FACU,,,Dog-Fennel
Eupatorium compositifolium,FAC,,,FAC,FACU,,FAC,,,,Yankeeweed
Eupatorium leptophyllum,FACW,,,FACW,,,,,,,False Fennel
Eupatorium leucolepis,FACW,,,FACW,,,,FACW,,,Justiceweed
Eupatorium mikanioides,FACW,,,,,,,,,,Semaphore Thoroughwort
Eupatorium mohrii,FACW,,,FAC,FAC,,,,,,Mohr's Thoroughwort
Eupatorium novae-angliae,,,,,,,,FACW,,,New England Thoroughwort
Eupatorium perfoliatum,FACW,,,FACW,FACW,,OBL,FACW,,,Common Boneset
Eupatorium pilosum,FACW,,,FACW,,,,FACW,,,Rough Boneset
Eupatorium resinosum,OBL,,,OBL,,,,OBL,,,Pine-Barren Thoroughwort
Eupatorium rotundifolium,FAC,,,FAC,FAC,,FAC,FAC,,,Round-Leaf Thoroughwort
Eupatorium semiserratum,FACW,,,FACW,FAC,,FACW,,,,Small-Flower Thoroughwort
Eupatorium serotinum,FAC,,,FAC,FAC,,FAC,FAC,,,Late-Flowering Thoroughwort
Euphorbia celastroides,,,,,,FACU,,,,,Ekoko
Euphorbia clusiifolia,,,,,,FACU,,,,,Forest Sandmat
Euphorbia commutata,FACU,,,FACU,FACU,,UPL,UPL,,,Tinted Woodland Spurge
Euphorbia curtisii,FAC,,,FAC,,,,,,,Curtis' Spurge
Euphorbia cyathophora,FACU,UPL,FACU,UPL,UPL,FACU,FACU,FACU,UPL,,Fire-on-the-Mountain
Euphorbia heterophylla,FAC,UPL,FACU,FACU,FACU,FACU,,,UPL,,Mexican-Fireplant
Euphorbia hirta,UPL,FACU,UPL,UPL,UPL,FACU,UPL,UPL,UPL,,Pill-Pod Sandmat
Euphorbia hooveri,,OBL,,,,,,,OBL,,Hoover's Sandmat
Euphorbia humistrata,FACW,,,FAC,FAC,,FACW,FACW,,,Spreading Sandmat
Euphorbia hypericifolia,FACU,FACU,FACU,UPL,FACU,FACU,,,FACU,,Graceful Sandmat
Euphorbia hyssopifolia,FAC,FACU,FAC,FAC,FACU,FACU,,,FACU,,Hyssop-Leaf Sandmat
Euphorbia inundata,FACW,,,,,,,,,,Florida Pineland Spurge
Euphorbia maculata,FACU,UPL,,FACU,FACU,UPL,FACU,FACU,UPL,,Spotted Sandmat
Euphorbia marginata,UPL,UPL,,UPL,FACU,,FACU,FACU,UPL,,Snow-on-the-Mountain
Euphorbia mesembrianthemifolia,FAC,,FAC,,,,,,,,Coastal-Beach Sandmat
Euphorbia nutans,FACU,FACU,FAC,FACU,FACU,,FACU,FACU,FACU,,Eyebane
Euphorbia polygonifolia,FACU,,,FACU,,,UPL,UPL,,,Seaside Sandmat
Euphorbia polyphylla,FACU,,,,,,,,,,Lesser Florida Spurge
Euphorbia porteriana,FACW,,,,,,,,,,Porter's Sandmat
Euphorbia prostrata,FACU,FACU,FAC,FACU,UPL,FACU,FACU,FACU,FACU,,Prostrate Sandmat
Euphorbia pulcherrima,,UPL,UPL,,,FACU,,,,,Poinsettia
Euphorbia purpurea,FACW,,,FAC,,,FAC,,,,Darlington's Glade Spurge
Euphorbia remyi,,,,,,FACU,,,,,Remy's Sandmat
Euphorbia rockii,,,,,,FACU,,,,,Koolau Range Sandmat
Euphorbia serpens,FAC,FACU,FAC,FACW,FACU,FACU,FACW,FACW,FAC,,Matted Sandmat
Euphorbia sparsiflora,,,,,,FACW,,,,,Wahiawa Bog Sandmat
Euphorbia spathulata,FACU,FAC,,FACU,FACU,,FACU,FACU,FACU,,Warty Spurge
Euphorbia thymifolia,FAC,,UPL,,,FAC,,,,,Gulf Sandmat
Euphorbia tirucalli,FACU,FACU,UPL,,,FACU,,,,,False Caper
Euphrasia randii,,,,,,,,FACW,,,Small Eyebright
Euphrasia stricta,,,,,,,,FACU,,,Drug Eyebright
Euphrosyne acerosa,,FACU,,,UPL,,,,FACU,,Copperweed
Eurya sandwicensis,,,,,,FACU,,,,,Anini
Eurybia compacta,FACU,,,FACU,,,,,,,Savannah Wood-Aster
Eurybia eryngiifolia,FACW,,,,,,,,,,Prickly Grass-Leaf-Aster
Eurybia hemispherica,FACU,,,FACU,FAC,,FACU,,,,Prairie Wood-Aster
Eurybia macrophylla,UPL,,,UPL,FACU,,FACU,UPL,,,Large-Leaf Wood-Aster
Eurybia merita,,FACU,,,,,,,FACU,FACU,Behring Wood-Aster
Eurybia paludosa,FACW,,,FACW,,,,,,,Southern Swamp Grass-Leaf-Aster
Eurybia radula,OBL,,,OBL,,,,OBL,,,Rough Wood-Aster
Eurybia sibirica,,FAC,,,FAC,,,,UPL,FAC,Siberian Wood-Aster
Eurybia spinulosa,FACW,,,,,,,,,,Apalachicola Grass-Leaf-Aster
Eustachys glauca,FACW,,,,,,,,,,Saltmarsh Finger Grass
Eustachys neglecta,FACU,,,,FACU,,,,,,Four-Spike Finger Grass
Eustachys petraea,FACU,,FACU,FACU,FACU,UPL,,FACU,,,Pinewoods Finger Grass
Eustoma exaltatum,FACW,OBL,FACW,FACW,FACW,,FACW,,OBL,,Catchfly Prairie-Gentian
Euthamia caroliniana,FAC,,,FAC,,,FACW,FAC,,,Slender Goldentop
Euthamia graminifolia,FAC,FAC,,FAC,FACW,,FACW,FAC,FAC,,Flat-Top Goldentop
Euthamia gymnospermoides,FAC,,,FAC,FAC,,FACW,FACW,FACW,,Texas Goldentop
Euthamia leptocephala,FACW,,,FACW,FAC,,FACW,,,,Bushy Goldentop
Euthamia occidentalis,,FACW,,,OBL,,,,FACW,,Western Goldentop
Eutrema edwardsii,,,,,,,,,OBL,FAC,Edwards' Mock Wallflower
Eutrochium dubium,FACW,,,FACW,,,,FACW,,,Coastal-Plain Trumpetweed
Eutrochium fistulosum,FACW,,,FACW,FACW,,OBL,FACW,,,Trumpetweed
Eutrochium maculatum,FACW,OBL,,FACW,OBL,,OBL,OBL,OBL,,Spotted Trumpetweed
Eutrochium purpureum,FAC,,,FAC,FAC,,FAC,FAC,,,Sweet-Scented Joe-Pye-Weed
Evolvulus grisebachii,FAC,,UPL,,,,,,,,Grisebach's Dwarf-Morning-Glory
Evolvulus sericeus,FACU,UPL,UPL,,UPL,,,,UPL,,Silver Dwarf-Morning-Glory
Excoecaria agallocha,,,,,,FACU,,,,,_?_
Exocarpos luteolus,,,,,,FACU,,,,,Leafy Ballart
Exothea paniculata,FACU,,UPL,,,,,,,,Butterbough
Extriplex californica,,FAC,,,,,,,FAC,,California Mock Saltbush
Extriplex joaquiniana,,FACU,,,,,,,FACU,,San Joaquin Mock Saltbush
Fadyenia hookeri,,,OBL,,,,,,,,Dotted Fern
Fagus grandifolia,FACU,,,FACU,FACU,,FACU,FACU,,,American Beech
Falcataria moluccana,,,,,,FACU,,,,,Peacock's-Plume
Fallopia convolvulus,FACU,FACU,,FACU,FACU,UPL,FACU,FACU,FACU,FACU,Black-Bindweed
Fallopia dumetorum,FACU,FACU,,FACU,FACU,,FAC,FAC,,,Corpse Black-Bindweed
Fallopia scandens,FAC,,,FAC,FACU,,FAC,FAC,FACU,,Climbing Black-Bindweed
Fatoua villosa,FACU,FAC,UPL,FAC,FAC,FAC,FAC,FAC,FAC,,Hairy Crabweed
Festuca altaica,,,,,,,,FACU,,FAC,Rough Fescue
Festuca californica,,FACU,,,,,,,FACU,,California Fescue
Festuca idahoensis,,FACU,,,UPL,,,,FACU,,Bluebunch Fescue
Festuca ovina,UPL,FACU,,UPL,,,FACU,UPL,UPL,,Sheep Fescue
Festuca paradoxa,FAC,,,FAC,FAC,,FAC,FAC,,,Clustered Fescue
Festuca rubra,FACU,FAC,,FACU,FAC,FACU,FACU,FACU,FAC,FAC,Red Fescue
Festuca subulata,,FACU,,,UPL,,,,FACU,FACU,Bearded Fescue
Festuca subverticillata,FACU,,,FACU,FACU,,FACU,FACU,,,Nodding Fescue
Festuca trachyphylla,UPL,UPL,,UPL,UPL,,FACU,UPL,FACU,,Hard Fescue
Ficaria verna,FAC,,,FAC,FACW,,FAC,FACW,FACW,,Eurasian-Buttercup
Ficus aurea,FAC,,,,,,,,,,Florida Strangler Fig
Ficus carica,UPL,FACU,UPL,FACU,FACU,,FACU,UPL,FACU,,Common Fig
Ficus citrifolia,FACU,,FACU,,,,,,,,Wild Banyantree
Ficus microcarpa,UPL,,UPL,,,FACU,,,,,Chinese Banyan
Ficus trigonata,,,FACU,,,,,,,,Jaguey-Blanco
Filipendula occidentalis,,,,,,,,,FACW,,Queen-of-the-Forest
Filipendula rubra,OBL,,,FACW,,,OBL,FACW,,,Queen-of-the-Prairie
Filipendula ulmaria,FAC,,,FACW,FAC,,FACW,FAC,FAC,,Queen-of-the-Meadow
Fimbristylis aestivalis,,,,,,FACW,,,,,Summer Fimbry
Fimbristylis annua,FACW,FAC,,FACW,FACW,,FACW,FACW,,,Annual Fimbry
Fimbristylis autumnalis,OBL,OBL,,FACW,OBL,FAC,OBL,FACW,OBL,,Slender Fimbry
Fimbristylis caroliniana,OBL,,FACW,,FACW,,,FACW,,,Carolina Fimbry
Fimbristylis castanea,OBL,,,OBL,OBL,,,OBL,,,Marsh Fimbry
Fimbristylis complanata,,,FACW,,,,,,,,Puerto Rico Fimbry
Fimbristylis cymosa,FAC,,FACW,,,FACU,,,,,Cymose Fimbry
Fimbristylis decipiens,FACW,,,FACW,FAC,,,,,,Southern Fimbry
Fimbristylis dichotoma,OBL,,FACW,OBL,FACW,FAC,FACW,,,,Forked Fimbry
Fimbristylis ferruginea,,,OBL,,,OBL,,,,,West Indian Fimbry
Fimbristylis littoralis,OBL,,FACW,OBL,OBL,OBL,,,,,Grass-Like Fimbry
Fimbristylis perpusilla,OBL,,,OBL,,,,,,,Harper's Fimbry
Fimbristylis puberula,OBL,FACW,,OBL,OBL,,OBL,OBL,FACW,,Hairy Fimbry
Fimbristylis quinquangularis,,,FACW,,,,,,,,Five-Angle Fimbry
Fimbristylis schoenoides,FACW,,,,,FACW,,,,,Ditch Fimbry
Fimbristylis thermalis,,OBL,,,,,,,OBL,,Hot Springs Fimbry
Fimbristylis tomentosa,FACW,,,FACW,FACW,,,,,,Woolly Fimbry
Fimbristylis tristachya,,,,,,FAC,,,,,_?_
Fimbristylis umbellaris,,,,,,OBL,,,,,_?_
Fimbristylis vahlii,OBL,FACW,,OBL,FACW,,OBL,,FACW,,Vahl's Fimbry
Flagellaria indica,,,,,,OBL,,,,,_?_
Flaveria brownii,FACW,,,,FACW,,,,,,Brown's Yellowtops
Flaveria campestris,FAC,FACW,,FAC,FAC,,FAC,,FACW,,Alkali Yellowtops
Flaveria chlorifolia,,FACW,,,FACW,,,,FACW,,Clasping Yellowtops
Flaveria floridana,FACW,,,,,,,,,,Florida Yellowtops
Flaveria linearis,FACW,,,,,,,,,,Narrow-Leaf Yellowtops
Flaveria trinervia,FAC,FAC,FAC,FAC,FAC,FACU,FAC,FACW,FAC,,Clustered Yellowtops
Fleischmannia incarnata,FACU,,,FAC,FAC,,FAC,,,,Pink Slender-Thoroughwort
Fleischmannia sonorae,,FAC,,,,,,,FAC,,Sonoran Slender-Thoroughwort
Flemingia strobilifera,,,UPL,,,FACU,,,,,Wild Hops
Floerkea proserpinacoides,FACW,FACW,,FAC,FACW,,FACW,FAC,FACW,,False Mermaidweed
Forestiera acuminata,OBL,,,OBL,OBL,,OBL,,,,Eastern Swamp-Privet
Forestiera ligustrina,FAC,,,FAC,FAC,,,,,,Upland Swamp-Privet
Forestiera pubescens,FACU,FACU,,FACU,FACU,,FACU,,FACU,,Stretchberry
Forsteronia portoricensis,,,FACU,,,,,,,,Leche-de-Perra
Fothergilla gardenii,FACW,,,FACW,,,,,,,Dwarf Witch-Alder
Fragaria chiloensis,FACU,FACU,,,FACU,FACU,,FACU,FACU,FACU,Beach Strawberry
Fragaria vesca,UPL,UPL,,FACU,UPL,UPL,UPL,UPL,FACU,,Woodland Strawberry
Fragaria virginiana,FACU,FACU,,FACU,FACU,,FACU,FACU,FACU,UPL,Virginia Strawberry
Frangula alnus,FAC,FAC,,FAC,FAC,,FACW,FAC,FAC,,Glossy False Buckthorn
Frangula betulifolia,,FAC,,,FACU,,,,FAC,,Birch-Leaf False Buckthorn
Frangula caroliniana,FACU,,,FAC,FACU,,FAC,FAC,,,Carolina False Buckthorn
Frangula obovata,,FAC,,,,,,,FAC,,_?_
Frangula purshiana,,FACU,,,,,,FACU,FAC,,Cascara False Buckthorn
Frangula sphaerosperma,,,FAC,,,,,,,,West Indian False Buckthorn
Frankenia palmeri,,FACW,,,,,,,,,Palmer's Sea-Heath
Frankenia salina,,FACW,,,,FAC,,,FACW,,Alkali Sea-Heath
Fraxinus americana,FACU,FACU,,FACU,FACU,FACU,FACU,FACU,FACU,,White Ash
Fraxinus berlandieriana,FAC,,,,FAC,,,,,,Mexican Ash
Fraxinus caroliniana,OBL,,,OBL,,,,,,,Carolina Ash
Fraxinus latifolia,,FACW,,,,,,,FACW,,Oregon Ash
Fraxinus nigra,FACW,,,FACW,FACW,,FACW,FACW,,,Black Ash
Fraxinus pennsylvanica,FACW,FACW,,FACW,FAC,,FACW,FACW,FAC,,Green Ash
Fraxinus profunda,OBL,,,OBL,,,OBL,OBL,,,Pumpkin Ash
Fraxinus velutina,,FAC,,,FAC,,,,FAC,,Velvet Ash
Freycinetia arborea,,,,,,FACU,,,,,Ie'ie
Freycinetia reineckei,,,,,,FACU,,,,,_?_
Fritillaria agrestis,,FAC,,,,,,,FAC,,Stinkbells
Fritillaria camschatcensis,,,,,,,,,FACW,FAC,Kamchatka Missionbells
Fuchsia magellanica,,FACU,,,,FACU,,,FACU,,Hardy Fuchsia
Fuirena breviseta,OBL,,,OBL,OBL,,,,,,Saltmarsh Umbrella Sedge
Fuirena longa,OBL,,,,OBL,,,,,,Coastal-Plain Umbrella Sedge
Fuirena pumila,OBL,,,OBL,OBL,,OBL,OBL,,,Dwarf Umbrella Sedge
Fuirena scirpoidea,OBL,,,,OBL,,,,,,Southern Umbrella Sedge
Fuirena simplex,OBL,OBL,,OBL,OBL,,OBL,,OBL,,Western Umbrella Sedge
Fuirena squarrosa,OBL,OBL,,OBL,OBL,,OBL,OBL,,,Hairy Umbrella Sedge
Fuirena umbellata,,,OBL,,,OBL,,,,,Yefen
Funastrum angustifolium,FACW,,,,OBL,,,,,,Gulf Coast Twinevine
Funastrum clausum,FACW,,FACW,,FACW,,,,,,White Twinevine
Funastrum cynanchoides,FACU,FACU,,FACU,FACU,,,,FAC,,Fringed Twinevine
Funkiella confusa,,FAC,,,FAC,,,,,,Rimrock Ladies'-Braids
Gahnia beecheyi,,,,,,FACU,,,,,Forest Saw Sedge
Gahnia vitiensis,,,,,,FACW,,,,,Fijian Saw Sedge
Gaillardia flava,,FACU,,,,,,,FACU,,Yellow Blanket-Flower
Gaillardia pulchella,UPL,FACU,,UPL,UPL,FACU,FACU,UPL,UPL,UPL,Firewheel
Galactia elliottii,FACU,,,,,,,,,,Elliott's Milk-Pea
Galactia mollis,FAC,,,FAC,,,,,,,Soft Milk-Pea
Galactia volubilis,FACU,,,FACU,FACU,,FAC,FAC,,,Downy Milk-Pea
Galax urceolata,FACU,,,FACU,,,,FACU,,,Beetleweed
Galeopsis tetrahit,FACU,FACU,,FACU,FACU,,FACU,FACU,FACU,,Brittle-Stem Hemp-Nettle
Galinsoga parviflora,UPL,UPL,FACU,UPL,UPL,UPL,FACU,UPL,UPL,,Gallant-Soldier
Galinsoga quadriradiata,FACU,UPL,UPL,FACU,FACU,UPL,FACU,FACU,UPL,,Shaggy-Soldier
Galium aparine,FACU,FACU,,FACU,FACU,,FACU,FACU,FACU,FACU,Sticky-Willy
Galium asprellum,OBL,,,OBL,OBL,,OBL,OBL,,,Rough Bedstraw
Galium boreale,FAC,FACU,,FACU,FACU,,FAC,FAC,FACU,FACU,Northern Bedstraw
Galium brevipes,,,,,OBL,,OBL,OBL,,,Limestone-Swamp Bedstraw
Galium circaezans,FACU,FACU,,UPL,FACU,,FACU,FACU,FACU,,Licorice Bedstraw
Galium concinnum,UPL,,,UPL,FACU,,FACU,FACU,,,Shining Bedstraw
Galium divaricatum,FAC,FACU,,FAC,FAC,FAC,FAC,FACU,FACU,,Lamarck's Bedstraw
Galium labradoricum,,,,OBL,OBL,,OBL,OBL,,,Northern Bog Bedstraw
Galium mexicanum,,FAC,,,FAC,,,,FAC,,Mexican Bedstraw
Galium microphyllum,,FACU,,,FAC,,,,FAC,,Bracted Bedstraw
Galium mollugo,FACU,FACU,,FACU,,,FACU,FACU,FACU,,White Bedstraw
Galium obtusum,FACW,,,FACW,FACW,,FACW,FACW,,,Blunt-Leaf Bedstraw
Galium palustre,OBL,,,OBL,,,OBL,OBL,OBL,,Common Marsh Bedstraw
Galium parisiense,FACU,UPL,,FACU,,,,,FACU,,Wall Bedstraw
Galium tinctorium,FACW,,,OBL,OBL,,OBL,OBL,,,Stiff Marsh Bedstraw
Galium trifidum,OBL,FACW,,FACW,OBL,,FACW,FACW,FACW,FACW,Three-Petal Bedstraw
Galium triflorum,FACU,FACU,,FACU,FACU,,FACU,FACU,FACU,FAC,Fragrant Bedstraw
Galium uncinulatum,,FAC,,,FAC,,,,FAC,,Bristly Bedstraw
Galium uniflorum,FACU,,,FACU,FACU,,,,,,One-Flower Bedstraw
Gamochaeta pensylvanica,FACU,UPL,,UPL,UPL,UPL,UPL,FACU,UPL,,Pennsylvania Everlasting
Gamochaeta purpurea,UPL,FACU,,UPL,FACU,UPL,FACU,FACU,FACU,,Spoon-Leaf Purple Everlasting
Garcinia portoricensis,,,FAC,,,,,,,,Palo-de-Cruz
Gardenia taitensis,,,,,,UPL,,,,,Tahitian Gardenia
Garnotia stricta,,,,,,FAC,,,,,Blue Lawn Grass
Gastridium phleoides,FACU,FACU,,,,FACU,,FACU,FACU,,Nit Grass
Gaultheria hispidula,,,,FACW,FACW,,FACW,FACW,FACW,,Creeping-Snowberry
Gaultheria humifusa,,FACW,,,FACU,,,,FACW,,Alpine Spicy-Wintergreen
Gaultheria ovatifolia,,FAC,,,FAC,,,,FAC,,Western Teaberry
Gaultheria procumbens,FACU,,,FACU,FACU,,FACU,FACU,,,Eastern Teaberry
Gaultheria shallon,,FACU,,,,,,,FACU,FAC,Salal
Gaylussacia baccata,FACU,,,FACU,,,FACU,FACU,,,Black Huckleberry
Gaylussacia bigeloviana,OBL,,,OBL,,,,OBL,,,Northern Dwarf Huckleberry
Gaylussacia dumosa,FAC,,,FAC,,,,FAC,,,Southern Dwarf Huckleberry
Gaylussacia frondosa,FAC,,,FAC,,,,FAC,,,Blue Huckleberry
Gaylussacia mosieri,FACW,,,,,,,,,,Woolly Huckleberry
Gaylussacia nana,UPL,,,FACU,,,,,,,Confederate Huckleberry
Gaylussacia orocola,,,,OBL,,,,,,,Blue Ridge Huckleberry
Gaylussacia tomentosa,FACU,,,FACU,,,,,,,Hairy-Twig Huckleberry
Gayophytum humile,,FAC,,,,,,,FAC,,Dwarf Groundsmoke
Gayophytum racemosum,,FAC,,,,,,,FAC,,Black-Foot Groundsmoke
Gelsemium rankinii,FACW,,,FAC,,,,,,,Rankin's Trumpet-Flower
Gelsemium sempervirens,FAC,,,FAC,FACU,,,,,,Evening Trumpet-Flower
Gentiana affinis,,FACU,,,FACU,,FACU,FACU,FACU,,Pleated Gentian
Gentiana alba,FACU,,,FACU,FAC,,FACU,FACU,,,Yellow Gentian
Gentiana algida,,FACW,,,FACW,,,,FACW,FAC,Whitish Gentian
Gentiana andrewsii,FACW,,,FACW,FAC,,FACW,FACW,FAC,,Closed Bottle Gentian
Gentiana autumnalis,FACW,,,FACW,,,,,,,Pine-Barren Gentian
Gentiana calycosa,,FACW,,,,,,,FACW,,Rainier Pleated Gentian
Gentiana catesbaei,OBL,,,OBL,,,,,,,Elliott's Gentian
Gentiana clausa,FAC,,,FACW,,,FACW,FACW,,,Bottle Gentian
Gentiana douglasiana,,OBL,,,,,,,OBL,FACW,Swamp Gentian
Gentiana fremontii,,FACW,,,OBL,,,,FACW,,Moss Gentian
Gentiana glauca,,FAC,,,,,,,FAC,FAC,Pale Gentian
Gentiana latidens,,,,FACW,,,,,,,Balsam Mountain Gentian
Gentiana linearis,OBL,,,OBL,,,,FACW,,,Narrow-Leaf Gentian
Gentiana newberryi,,FACW,,,,,,,FACW,,Alpine Gentian
Gentiana parryi,,FAC,,,FACW,,,,FAC,,Parry's Gentian
Gentiana pennelliana,FACW,,,,,,,,,,Wiregrass Gentian
Gentiana prostrata,,FACW,,,,,,,FACW,FACW,Pygmy Gentian
Gentiana rubricaulis,,,,,OBL,,OBL,OBL,,,Closed Gentian
Gentiana saponaria,FACW,,,FACW,,,FACW,FACW,,,Harvestbells
Gentiana sceptrum,,OBL,,,,,,,OBL,,King's-Scepter Gentian
Gentiana setigera,,OBL,,,,,,,OBL,,Mendocino Gentian
Gentianella amarella,,FACW,,,FACW,,OBL,OBL,FACW,FACW,Autumn Dwarf-Gentian
Gentianella propinqua,,FACW,,,,,,,FACW,FACU,Four-Part Dwarf-Gentian
Gentianella quinquefolia,FACW,,,FAC,,,FAC,FAC,,,Agueweed
Gentianella wrightii,,OBL,,,FACW,,,,FAC,,Wright's Dwarf-Gentian
Gentianopsis barbellata,,FACW,,,FAC,,,,FACW,,Perennial Fringed-Gentian
Gentianopsis crinita,FACW,,,OBL,OBL,,OBL,FACW,,,Greater Fringed-Gentian
Gentianopsis detonsa,,,,,,,,,,FACW,Windmill Fringed-Gentian
Gentianopsis holopetala,,OBL,,,,,,,OBL,,Sierran Fringed-Gentian
Gentianopsis simplex,,FACW,,,,,,,FACW,,One-Flower Fringed-Gentian
Gentianopsis thermalis,,FACW,,,OBL,,,,FACW,,Rocky Mountain Fringed-Gentian
Gentianopsis virgata,,,,FACW,OBL,,OBL,OBL,OBL,,Lesser Fringed-Gentian
Geocaulon lividum,,FAC,,,,,,FAC,FAC,FACU,False Toadflax
Geodorum densiflorum,,,,,,FAC,,,,,_?_
Geophila repens,,,FAC,,,,,,,,Corrida-Yerba-de-Guava
Geranium caespitosum,,FAC,,,FAC,,,,FAC,,Purple Cluster Crane's-Bill
Geranium californicum,,FAC,,,,,,,FAC,,California Crane's-Bill
Geranium erianthum,,,,,,,,,,FACU,Woolly Crane's-Bill
Geranium hanaense,,,,,,OBL,,,,,Maui Crane's-Bill
Geranium hillebrandii,,,,,,OBL,,,,,Nohoanu
Geranium kauaiense,,,,,,OBL,,,,,Kauai Crane's-Bill
Geranium maculatum,FACU,,,FACU,FACU,,FACU,FACU,,,Spotted Crane's-Bill
Geranium multiflorum,,,,,,FAC,,,,,Many-Flower Crane's-Bill
Geranium richardsonii,,FACU,,,FAC,,,,FAC,,White Crane's-Bill
Geranium robertianum,FACU,FACU,,FACU,,,FACU,FACU,FACU,FACU,Lesser Herbrobert
Geranium viscosissimum,,FAC,,,FACU,,,,FACU,,Sticky Purple Crane's-Bill
Gesneria cuneifolia,,,FAC,,,,,,,,Yerba-Parrera
Gesneria pauciflora,,,FACW,,,,,,,,Yerba-Maricao-de-Cueva
Gesneria reticulata,,,FACW,,,,,,,,Yerba-Neto-Hoja-de-Cueva
Gesneria viridiflora,,,FACU,,,,,,,,Grassflower
Geum aleppicum,FACW,FAC,,FAC,FACU,,FACW,FAC,FACW,FACU,Yellow Avens
Geum calthifolium,,,,,,,,,,FACW,Caltha-Leaf Avens
Geum canadense,FAC,,,FACU,FAC,,FAC,FAC,FACU,,White Avens
Geum laciniatum,FACW,,,FAC,FACW,,FACW,FACW,,,Rough Avens
Geum macrophyllum,,FACW,,,FACW,,FACW,FACW,FAC,FAC,Large-Leaf Avens
Geum peckii,,,,,,,,OBL,,,Mountain Avens
Geum pentapetalum,,,,,,,,,,FACW,Aleutian Avens
Geum rivale,,FACW,,OBL,FACW,,OBL,OBL,FACW,,Purple Avens
Geum rossii,,FACU,,,FACU,,,,FACU,FACU,Ross' Avens
Geum triflorum,,FACU,,,FACU,,FACU,FACU,FACU,,Old-Man's-Whiskers
Geum vernum,FAC,,,FACU,FACU,,FACU,FACU,,,Spring Avens
Geum virginianum,FACW,,,FAC,,,FACU,FACU,,,Cream Avens
Gibasis geniculata,,,FAC,,FAC,,,,,,Tahitian Bridalveil
Ginoria rohrii,,,FACW,,,,,,,,Bastard-Gregre
Githopsis diffusa,,FAC,,,,,,,FACW,,San Gabriel Bluecup
Githopsis specularioides,,FACU,,,,,,,FACU,,Common Bluecup
Glandularia tampensis,FACW,,,,,,,,,,Tampa Mock Vervain
Glechoma hederacea,FACU,FACU,,FACU,FACU,,FACU,FACU,FACU,UPL,Groundivy
Gleditsia aquatica,OBL,,,OBL,OBL,,OBL,OBL,,,Water-Locust
Gleditsia triacanthos,FAC,FAC,,FAC,FACU,,FACU,FAC,FAC,,Honey-Locust
Glehnia littoralis,,UPL,,,,,,,FACU,UPL,American Silvertop
Gleichenia linearis,,,,,,FACU,,,,,_?_
Glinus lotoides,FACW,OBL,,FACW,FACW,,OBL,,OBL,,Lotus Sweetjuice
Glinus radiatus,FACW,FACW,,FACW,FACW,,FACW,,FACW,,Spreading Sweetjuice
Gliricidia sepium,FACU,,UPL,,,,,,,,Quickstick
Glossostigma cleistanthum,OBL,,,OBL,,,,OBL,,,Mudmats
Glyceria X occidentalis,,OBL,,,,,,,OBL,,_?_
Glyceria acutiflora,OBL,,,OBL,,,OBL,OBL,,,Creeping Manna Grass
Glyceria arkansana,FACW,,,OBL,OBL,,OBL,,,,Arkansas Manna Grass
Glyceria borealis,,OBL,,OBL,OBL,,OBL,OBL,OBL,OBL,Small Floating Manna Grass
Glyceria canadensis,OBL,,,OBL,OBL,,OBL,OBL,OBL,,Rattlesnake Manna Grass
Glyceria declinata,FACW,FACW,,FACW,,,,OBL,FACW,,Waxy Manna Grass
Glyceria elata,,OBL,,,OBL,,,,FACW,,Tall Manna Grass
Glyceria fluitans,OBL,OBL,,OBL,OBL,,,OBL,OBL,,Water Manna Grass
Glyceria grandis,OBL,OBL,,OBL,OBL,,OBL,OBL,OBL,OBL,American Manna Grass
Glyceria laxa,OBL,,,FACW,,,,OBL,,,Limp Manna Grass
Glyceria leptostachya,,OBL,,,,,,,OBL,OBL,Slender-Spike Manna Grass
Glyceria maxima,,,,,,,OBL,OBL,OBL,,Reed Manna Grass
Glyceria melicaria,OBL,,,OBL,,,OBL,OBL,,,Melic Manna Grass
Glyceria nubigena,,,,OBL,,,,,,,Great Smoky Mountain Manna Grass
Glyceria obtusa,OBL,,,OBL,,,,OBL,,,Atlantic Manna Grass
Glyceria pulchella,,,,,,,,,,OBL,Mackenzie Valley Manna Grass
Glyceria septentrionalis,OBL,,,OBL,OBL,OBL,OBL,OBL,,,Floating Manna Grass
Glyceria striata,OBL,OBL,,OBL,OBL,,OBL,OBL,OBL,OBL,Fowl Manna Grass
Glycyrrhiza lepidota,FACU,FAC,,UPL,FACU,,FACU,FACU,FAC,,American Licorice
Gnaphalium exilifolium,,FACW,,,FAC,,,,FACW,,Slender Cudweed
Gnaphalium palustre,,FACW,,,OBL,,OBL,,FACW,,Western Marsh Cudweed
Gnaphalium polycaulon,,,FAC,,,,,,,,Many-Stem Cudweed
Gnaphalium uliginosum,FAC,FAC,,FAC,FAC,,FAC,FAC,FAC,UPL,Marsh Cudweed
Gomidesia lindeniana,,,FACW,,,,,,,,Grand-Merisier
Gomphrena globosa,UPL,,UPL,UPL,UPL,FACU,UPL,UPL,,,Common Globe-Amaranth
Gomphrena serrata,,,,,,FAC,,,,,Arrasa Con Todo
Gonocalyx concolor,,,FACU,,,,,,,,Island Brittleleaf
Gonocalyx portoricensis,,,OBL,,,,,,,,Puerto Rico Brittleleaf
Gonocarpus chinensis,,,,,,FAC,,,,,Chinese Raspwort
Gonolobus stephanotrichus,,,FACW,,,,,,,,Anglepod
Gonolobus suberosus,FACW,,,FACW,FACW,,FACW,,,,Angular-Fruit Anglepod
Gonzalagunia hirsuta,,,FACU,,,,,,,,Mata-de-Mariposa
Goodmania luteola,,FACW,,,,,,,FACW,,Yellow Spinecape
Goodyera oblongifolia,,FACU,,,FACU,,,FACU,FACU,UPL,Green-Leaf Rattlesnake-Plantain
Goodyera pubescens,UPL,,,FACU,,,FAC,FACU,,,Downy Rattlesnake-Plantain
Goodyera repens,UPL,FACU,,FACU,,,FACU,FACU,FACU,FAC,Dwarf Rattlesnake-Plantain
Goodyera tesselata,FACU,,,FACU,FACU,,FACU,FACU,,,Checkered Rattlesnake-Plantain
Gordonia lasianthus,FACW,,,FACW,,,,,,,Loblolly-Bay
Gossypium barbadense,,,FACU,,,FACU,,,,,Creole Cotton
Gossypium hirsutum,FACU,UPL,UPL,FACU,UPL,UPL,UPL,UPL,UPL,,Upland Cotton
Gouania lupuloides,FAC,,UPL,,,,,,,,Whiteroot
Graphephorum melicoides,,,,,,,FACW,FACW,,,_?_
Graphephorum wolfii,,FACU,,,FACW,,,,FACU,,_?_
Gratiola amphiantha,OBL,,,OBL,,,,,,,Little Hedge-Hyssop
Gratiola aurea,OBL,,,OBL,OBL,,OBL,OBL,,,Golden Hedge-Hyssop
Gratiola brevifolia,FACW,,,FACW,FACW,,,,,,Sticky Hedge-Hyssop
Gratiola ebracteata,,OBL,,,OBL,,,,OBL,,Bractless Hedge-Hyssop
Gratiola flava,FACW,,,,FAC,,,,,,Yellow Hedge-Hyssop
Gratiola floridana,OBL,,,OBL,,,,,,,Florida Hedge-Hyssop
Gratiola heterosepala,,OBL,,,,,,,OBL,,Boggs Lake Hedge-Hyssop
Gratiola neglecta,OBL,OBL,,OBL,OBL,,OBL,OBL,OBL,,Clammy Hedge-Hyssop
Gratiola quartermaniae,FAC,,,FAC,FAC,,FAC,,,,Quarterman's Hedge-Hyssop
Gratiola ramosa,FACW,,,FACW,,,,,,,Branched Hedge-Hyssop
Gratiola virginiana,OBL,,,OBL,OBL,,OBL,OBL,,,Round-Fruit Hedge-Hyssop
Gratiola viscidula,OBL,,,OBL,,,OBL,,,,Short's Hedge-Hyssop
Grevillea robusta,UPL,UPL,UPL,,,FACU,,,,,Silk-Oak
Grindelia camporum,FACU,FACW,,FACU,,,,FACU,FACW,,Great Valley Gumweed
Grindelia ciliata,FACU,FACU,,FACU,UPL,,UPL,UPL,FACU,,Spanishgold
Grindelia fraxinipratensis,,FACW,,,,,,,FACW,,Ash Meadows Gumweed
Grindelia hirsutula,,FACW,,,,,,,FACW,,Hairy Gumweed
Grindelia integrifolia,,FACW,,,,,,,FACW,,Puget Sound Gumweed
Grindelia nana,,FACW,,,,,,,FACW,,Idaho Gumweed
Grindelia squarrosa,FACU,FACU,,FACU,UPL,,FACU,FACU,FACU,,Curly-Cup Gumweed
Grindelia stricta,,FACW,,,,,,,FACW,FACW,Oregon Gumweed
Guapira discolor,FAC,,UPL,,,,,,,,Beeftree
Guatteria blainii,,,FACU,,,,,,,,Haya-Minga
Guatteria caribaea,,,FAC,,,,,,,,Haya-Blanca
Guettarda elliptica,FACU,,UPL,,,,,,,,Hammock Velvetseed
Guettarda scabra,FAC,,UPL,,,,,,,,Wild Guave
Guettarda valenzuelana,,,FACU,,,,,,,,Cucubano-de-Monte
Gundlachia corymbosa,,,FAC,,,,,,,,Yambush
Gunnera kauaiensis,,,,,,FACW,,,,,Ape'ape
Gunnera petaloidea,,,,,,FACW,,,,,Haha
Gymnocarpium dryopteris,UPL,FAC,,UPL,FACU,,FAC,FACU,FAC,FACU,Northern Oak Fern
Gymnocarpium robertianum,,,,,FACU,,FACU,FACU,,,Limestone Oak Fern
Gymnopogon brevifolius,FACU,,,FACU,,,,,,,Short-Leaf Skeleton Grass
Gymnopogon chapmanianus,FACU,,,,,,,,,,Chapman's Skeleton Grass
Gymnosiphon niveus,,,FAC,,,,,,,,Puerto Rico Yellowseed
Gymnosiphon sphaerocarpus,,,FAC,,,,,,,,Mountain Yellowseed
Gymnosteris parvula,,FAC,,,,,,,FAC,,Small-Flower Starlet
Gynandropsis gynandra,FAC,,FAC,FAC,FAC,UPL,FAC,FACU,,,Spiderwisp
Gynerium sagittatum,,,FACW,,,,,,,,Wild Cane
Habenaria amalfitana,,,FAC,,,,,,,,Slender False Rein Orchid
Habenaria distans,FACW,,FAC,,,,,,,,Hammock False Rein Orchid
Habenaria eustachya,,,FAC,,,,,,,,Woodland False Rein Orchid
Habenaria floribunda,FACW,,,,,,,,,,Long-Spur False Rein Orchid
Habenaria monorrhiza,,,FACW,,,,,,,,Tropical False Rein Orchid
Habenaria quinqueseta,FACW,FACW,,FACW,FACW,,,,,,Long-Horn False Rein Orchid
Habenaria repens,OBL,,FACW,OBL,OBL,,,,,,Water-Spider False Rein Orchid
Habranthus tubispathus,FACW,,,,FACW,,,,,,Rio Grande Copper-Lily
Hackelia floribunda,,FACU,,FACU,FACU,,,,FACU,,Many-Flower Stickseed
Hackelia micrantha,,FACU,,,,,,,FACU,FACU,Blue Stickseed
Hackelia virginiana,FAC,,,FACU,FACU,,FACU,FACU,FACU,,Beggar's-Lice
Hackelochloa granularis,FAC,UPL,FAC,FACU,,UPL,FACU,,FAC,,Pit-Scale Grass
Haenianthus salicifolius,,,FACW,,,,,,,,Palo-de-Hueso
Hainardia cylindrica,FACW,FACW,,,,,,,FACW,,Barb Grass
Halenia deflexa,,,,,FAC,,FAC,FAC,FACW,,American Spurred-Gentian
Halenia rothrockii,,FAC,,,FAC,,,,FAC,,Mt. Graham Spurred-Gentian
Halesia carolina,FACU,,,FAC,,,FACU,FACU,,,Carolina Silverbell
Halesia diptera,FAC,,,FAC,FAC,,,,,,Two-Wing Silverbell
Halodule wrightii,OBL,,OBL,,OBL,,,,,,Shoalweed
Halophila baillonis,,,OBL,,,,,,,,Florida Keys Sea-Grass
Halophila decipiens,OBL,,OBL,,,OBL,,,,,Caribbean Sea-Grass
Halophila engelmannii,OBL,,OBL,,OBL,,,,,,Engelmann's Sea-Grass
Halophila hawaiiana,,,,,,OBL,,,,,Hawaii Sea-Grass
Halophila johnsonii,OBL,,,,,,,,,,Johnson's Sea-Grass
Halophila minor,,,,,,OBL,,,,,_?_
Haloragis erecta,,FAC,,,,,,,,,Erect Seaberry
Hamamelis ovalis,FACU,,,,,,,,,,Mississippi Witch-Hazel
Hamamelis vernalis,FACU,,,FACU,FAC,,FACW,,,,Ozark Witch-Hazel
Hamamelis virginiana,FACU,FACU,,FACU,FAC,,FACU,FACU,FACU,,American Witch-Hazel
Hamelia axillaris,,,FAC,,,,,,,,Balsamillo
Hamelia patens,FACU,,FAC,,,,,,,,Scarletbush
Hammarbya paludosa,,,,,OBL,,OBL,OBL,,OBL,_?_
Hapalorchis lineatus,,,FACW,,,,,,,,Damsel Orchid
Harperella fluviatilis,OBL,,,OBL,,,,,,,Gulf River Harperella
Harperella nodosa,OBL,,,OBL,,,,,,,Pond Harperella
Harperella vivipara,OBL,,,OBL,,,,,,,Atlantic River Harperella
Harrimanella stelleriana,,FACU,,,,,,,FACU,FACW,Alaska Bell-Heather
Harrisia aboriginum,FACU,,,,,,,,,,Prickly Apple Cactus
Harrisia simpsonii,FACU,,,,,,,,,,Simpson's Apple Cactus
Hartwrightia floridana,OBL,,,,,,,,,,Florida Hartwrightia
Hastingsia alba,,OBL,,,,,,,OBL,,White Rush-Lily
Hastingsia bracteosa,,,,,,,,,OBL,,Large-Flower Rush-Lily
Hebeclinium macrophyllum,,,FACW,,,,,,,,Turma-de-Toro
Hedera helix,FACU,FACU,,FACU,UPL,UPL,UPL,FACU,FACU,,English Ivy
Hedychium coronarium,OBL,,OBL,FAC,,FAC,,,,,White Ginger-Lily
Hedychium flavescens,,FAC,,,,FAC,,,FAC,,Cream Ginger-Lily
Hedychium gardnerianum,,,,,,FACW,,,,,Kahila Ginger-Lily
Hedyosmum arborescens,,,FACW,,,,,,,,Cigarbush
Hedysarum alpinum,,FACU,,,FACU,,FAC,FAC,FACU,FACU,Alpine Sweet-Vetch
Heimia salicifolia,,FACW,,,,,,,,,Shrubby-Yellowcrest
Helanthium tenellum,OBL,,,OBL,OBL,,OBL,OBL,,,Dwarf Burhead Pygmy Swordplant
Helenium amarum,FACU,FACU,,FACU,FACU,,FACU,FACU,FACU,,Yellowdicks
Helenium arizonicum,,FACW,,,,,,,FACW,,Arizona Sneezeweed
Helenium autumnale,FACW,FACW,,FACW,FACW,,FACW,FACW,FACW,,Fall Sneezeweed
Helenium bigelovii,,FACW,,,,,,,FACW,,Bigelow's Sneezeweed
Helenium bolanderi,,FACW,,,,,,,FACW,,Coastal Sneezeweed
Helenium brevifolium,OBL,,,OBL,,,,,,,Short-Leaf Sneezeweed
Helenium campestre,FAC,,,FAC,,,,,,,Oldfield Sneezeweed
Helenium drummondii,OBL,,,,FACW,,,,,,Fringed Sneezeweed
Helenium flexuosum,FACW,,,FAC,FACW,,FAC,FAC,,,Purple-Head Sneezeweed
Helenium microcephalum,FACW,FACW,,FACW,FACW,,,,FACW,,Small-Head Sneezeweed
Helenium pinnatifidum,OBL,,,OBL,,,,,,,Southeastern Sneezeweed
Helenium puberulum,,FACW,,,,,,,FACW,,Rosilla
Helenium thurberi,,OBL,,,,,,,OBL,,Thurber's Sneezeweed
Helenium vernale,FACW,,,FACW,,,,,,,Savannah Sneezeweed
Helenium virginicum,OBL,,,OBL,,,OBL,,,,Virginia Sneezeweed
Helianthella quinquenervis,,FACU,,,FACW,,,,FACU,,Nodding Dwarf-Sunflower
Helianthus agrestis,FACW,,,,,,,,,,Southeastern Sunflower
Helianthus angustifolius,FACW,,,FACW,FAC,,FACW,FACW,,,Swamp Sunflower
Helianthus annuus,FAC,FACU,UPL,FAC,FACU,UPL,FACU,FACU,FACU,FAC,Common Sunflower
Helianthus bolanderi,,FAC,,,,,,,FAC,,Bolander's Sunflower
Helianthus californicus,,OBL,,,,,,,OBL,,California Sunflower
Helianthus carnosus,FACW,,,,,,,,,,Lakeside Sunflower
Helianthus ciliaris,FAC,FAC,,,FAC,,FAC,,UPL,,Texas-Blueweed
Helianthus debilis,FAC,,,UPL,FAC,,UPL,UPL,,,Cucumber-Leaf Sunflower
Helianthus decapetalus,UPL,,,FACU,,,UPL,FACU,,,Thin-Leaf Sunflower
Helianthus exilis,,FACU,,,,,,,FACU,,Serpentine Sunflower
Helianthus floridanus,FACW,,,FACW,,,,,,,Florida Sunflower
Helianthus giganteus,FACW,,,FACW,FAC,,FACW,FACW,,,Giant Sunflower
Helianthus grosseserratus,FAC,FAC,,FACW,FACW,,FACW,FACW,FAC,,Saw-Tooth Sunflower
Helianthus heterophyllus,OBL,OBL,,OBL,OBL,,,,,,Variable-Leaf Sunflower
Helianthus longifolius,FAC,,,FAC,,,,,,,Long-Leaf Sunflower
Helianthus maximiliani,UPL,UPL,,UPL,FACU,,UPL,UPL,UPL,,Maximilian Sunflower
Helianthus microcephalus,UPL,,,UPL,UPL,,FACU,FACU,,,Small Woodland Sunflower
Helianthus nuttallii,FACW,FACW,,FACW,FACW,,FACW,FACW,FACW,,Nuttall's Sunflower
Helianthus occidentalis,FACU,,,UPL,FACU,,FACU,FACU,,,Few-Leaf Sunflower
Helianthus paradoxus,,FACW,,,FACW,,,,FACW,,Trans-Pecos Sunflower
Helianthus radula,FAC,,,,,,,,,,Rayless Sunflower
Helianthus simulans,FACW,,,FACW,FACW,,,,,,Muck Sunflower
Helianthus strumosus,UPL,,,FACU,FACU,,FACU,FACU,,,Pale-Leaf Woodland Sunflower
Helianthus tuberosus,FACU,FACU,,FACU,FACU,,FACU,FACU,FACU,,Jerusalem-Artichoke
Helianthus verticillatus,OBL,,,OBL,,,,,,,Whorled Sunflower
Heliconia bihai,,,FAC,,,FACU,,,,,Macaw-Flower
Heliconia caribaea,,,FACW,,,,,,,,Lobsterclaw
Heliconia latispatha,FACU,,,,,FACU,,,,,Expanded Lobsterclaw
Heliconia metallica,,,,,,FACU,,,,,Shining False-Bird-of-Paradise
Heliconia psittacorum,,,FAC,,,,,,,,Parakeet-Flower
Heliconia stricta,,,FAC,,,,,,,,Dwarf Jamaican Heliconia
Heliopsis helianthoides,UPL,FACU,,FACU,FACU,,FACU,FACU,FACU,,Smooth Oxeye
Heliotropium angiospermum,FACU,,UPL,,UPL,,,,,,Scorpion's-Tail
Heliotropium anomalum,,,,,,FACU,,,,,Polynesian Heliotrope
Heliotropium curassavicum,OBL,FACU,FACW,OBL,OBL,FAC,OBL,OBL,OBL,,Seaside Heliotrope
Heliotropium glabriusculum,,FACW,,,FACW,,,,,,Green-Eye Heliotrope
Heliotropium greggii,,FAC,,,FACW,,,,FAC,,Fragrant Heliotrope
Heliotropium indicum,FAC,,FAC,FAC,FACW,,FACW,FACW,,,Indian Heliotrope
Heliotropium lagoense,,,FACW,,,,,,,,Antilles Heliotrope
Heliotropium molle,,FACW,,,FACW,,,,,,Soft Heliotrope
Heliotropium polyphyllum,FAC,,,,,,,,,,Pineland Heliotrope
Heliotropium procumbens,FACW,FACW,FAC,FACW,FACW,FACW,,,FACW,,Four-Spike Heliotrope
Heliotropium supinum,FACU,,,FACU,,,,,,,Dwarf Heliotrope
Helminthotheca echioides,UPL,FAC,,UPL,UPL,,UPL,UPL,FAC,,Akan Asante
Helonias bullata,OBL,,,OBL,,,,OBL,,,Swamp-Pink
Helosciadium nodiflorum,OBL,OBL,,OBL,,,,OBL,,,Fool's-Watercress
Hemarthria altissima,FACW,FACW,,FACW,FACW,FAC,,,,,Limpo Grass
Hemerocallis fulva,UPL,FACU,,FACU,FACU,,UPL,UPL,FACU,,Orange Day-Lily
Hemidictyum marginatum,,,OBL,,,,,,,,Half-Net Fern
Hemieva ranunculifolia,,FAC,,,FACW,,,,FAC,,Buttercup Hemieva
Hemigraphis reptans,UPL,,UPL,,,FACU,,,,,Redflame
Hemiscola aculeata,FAC,,FAC,,FAC,,,,,,_?_
Henriettea fascicularis,,,FAC,,,,,,,,Camasey-Peludo
Henriettea macfadyenii,,,FACW,,,,,,,,Macfadyen's Camasey
Henriettea membranifolia,,,FACW,,,,,,,,Thin-Leaf Camasey
Henriettea squamulosum,,,FACW,,,,,,,,Jusillo
Heracleum mantegazzianum,FAC,,,FAC,,,FAC,FAC,FAC,,Giant Hogweed
Heracleum maximum,FAC,FACW,,FAC,FAC,,FACW,FACW,FAC,FACU,American Cow-Parsnip
Heracleum sphondylium,UPL,,,UPL,,,,UPL,FAC,,Eltrot
Heritiera littoralis,,,,,,FACW,,,,,Looking-Glass Tree
Hernandia sonora,,,FAC,,,FACU,,,,,Mago
Hesperevax caulescens,,OBL,,,,,,,OBL,,Dwarf Pygmy-Cudweed
Hesperevax sparsiflora,,FACU,,,,,,,FACU,,Erect Pygmy-Cudweed
Hesperis matronalis,FACU,FACU,,FACU,FACU,,FACU,FACU,FACU,UPL,Mother-of-the-Evening
Hesperochiron californicus,,FACU,,,,,,,FACU,,California Monkey-Fiddle
Hesperochiron pumilus,,FAC,,,,,,,FAC,,Dwarf Monkey-Fiddle
Hesperomannia lydgatei,,,,,,FACU,,,,,Kauai Island-Aster
Heteranthera dubia,OBL,OBL,,OBL,OBL,,OBL,OBL,OBL,,Grass-Leaf Mud-Plantain
Heteranthera limosa,OBL,OBL,OBL,OBL,OBL,,OBL,OBL,OBL,,Blue Mud-Plantain
Heteranthera mexicana,OBL,,,,OBL,,,,,,Mexican Mud-Plantain
Heteranthera reniformis,OBL,OBL,OBL,OBL,OBL,,OBL,OBL,,,Kidney-Leaf Mud-Plantain
Heterocodon rariflorum,,FACW,,,,,,,FAC,,Western Pearlflower
Heterogonium pinnatum,,,,,,FACW,,,,,_?_
Heteropogon contortus,UPL,FACU,UPL,,UPL,FACU,,,UPL,,Twisted Tanglehead
Heteropterys laurifolia,,,FAC,,,,,,,,Dragon Withe
Heterospathe elata,,,,,,FAC,,,,,_?_
Heterotheca oregona,,FACU,,,,,,,FACU,,Oregon False Golden-Aster
Heterotheca shevockii,,FACU,,,,,,,FACU,,Shevock's False Golden-Aster
Heuchera americana,FACU,,,FACU,FACU,,FACU,FACU,,,American Alumroot
Heuchera chlorantha,,FACU,,,,,,,FACU,,Tall Alumroot
Heuchera richardsonii,FACU,,,FAC,FACU,,FACU,FACU,FACU,,Richardson's Alumroot
Heuchera rubescens,,UPL,,,FACU,,,,UPL,,Pink Alumroot
Hexalectris spicata,FACU,UPL,,UPL,UPL,,UPL,,UPL,,Spiked Crested-Coralroot
Hexastylis arifolia,FAC,,,FAC,,,,,,,Little-Brown-Jug
Hexastylis shuttleworthii,FACU,,,FACU,,,,FACU,,,Large-Flower Heartleaf
Hexastylis sorriei,FACW,,,FACW,,,,,,,Sandhills Heartleaf
Hexastylis speciosa,FACW,,,FACW,,,,,,,Harper's Heartleaf
Hexastylis virginica,UPL,,,FACU,,,FACU,,,,Virginia Heartleaf
Hibiscus aculeatus,FACW,,,FACW,,,,,,,Comfortroot
Hibiscus arnottianus,,,,,,FACU,,,,,Native White Rose-Mallow
Hibiscus bifurcatus,,,FACW,,,,,,,,Fork-Leaf Rose-Mallow
Hibiscus coccineus,OBL,,,OBL,,,,,,,Scarlet Rose-Mallow
Hibiscus dasycalyx,OBL,,,,OBL,,,,,,Neches River Rose-Mallow
Hibiscus furcellatus,FAC,,FACW,,,FACW,,,,,Linden-Leaf Rose-Mallow
Hibiscus grandiflorus,OBL,,,,,,,,,,Swamp Rose-Mallow
Hibiscus kokio,,,,,,FACU,,,,,Native Red Rose-Mallow
Hibiscus laevis,OBL,,,OBL,OBL,,OBL,OBL,,,Halberd-Leaf Rose-Mallow
Hibiscus moscheutos,OBL,OBL,,OBL,OBL,,OBL,OBL,OBL,,Crimson-Eyed Rose-Mallow
Hibiscus mutabilis,FAC,,,,,FACU,,,,,Confederate-Rose
Hibiscus schizopetalus,FACU,,UPL,,,,,,,,Fringed Rose-Mallow
Hibiscus striatus,OBL,,,,OBL,,,,,,Striped Rose-Mallow
Hibiscus trilobus,,,OBL,,,,,,,,Three-Lobe Rose-Mallow
Hieracium greenii,FACU,,,FACU,,,FACU,FACU,,,Green's Hawkweed
Hieracium gronovii,UPL,,,UPL,FACU,,UPL,UPL,,,Queendevil
Hieracium triste,,FACU,,,,,,,FACU,UPL,Woolly Hawkweed
Hillebrandia sandwicensis,,,,,,FAC,,,,,Aka'aka'aka
Hippeastrum striatum,,,,,,FACU,,,,,Striped Barbados-Lily
Hippobroma longiflora,UPL,,FACU,,,FACU,,,,,Madamfate
Hippocratea volubilis,FACW,,FACW,,,,,,,,Medicine-Vine
Hippomane mancinella,FAC,,FACU,,,,,,,,Manchineel
Hippuris lanceolata,,,,,,,,,,OBL,Panarctic Mare's-Tail
Hippuris montana,,FACW,,,,,,,FACW,OBL,Mountain Mare's-Tail
Hippuris tetraphylla,,,,,,,,,,OBL,Four-Leaf Mare's-Tail
Hippuris vulgaris,,OBL,,,OBL,,OBL,OBL,OBL,OBL,Common Mare's-Tail
Hirtella rugosa,,,OBL,,,,,,,,Teta-de-Burra-Cinarron
Hirtella triandra,,,FACU,,,,,,,,Pigeon-Berry
Histiopteris incisa,,,,,,FAC,,,,,Batwing Fern
Hoffmannseggia glauca,FAC,FACU,,,FAC,,FACU,,FACU,,Waxy Rush-Pea
Hohenbergia antillana,,,FAC,,,,,,,,Antilles Lacebark
Hoita macrostachya,,OBL,,,,,,,OBL,,Large Leather-Root
Hoita orbicularis,,OBL,,,,,,,OBL,,Round-Leaf Leather-Root
Holcus lanatus,FACU,FAC,UPL,FAC,FAC,FAC,FACU,FACU,FAC,FAC,Common Velvet Grass
Holcus mollis,FACU,FAC,,FACU,,,,FACU,FACW,,Creeping Velvet Grass
Holodiscus discolor,,FACU,,,,,,,FACU,,Creambush
Holozonia filipes,,FACU,,,,,,,FACU,,Whitecrown
Homalium racemosum,,,FACU,,,,,,,,White Cogwood
Homalomena rubescens,,,,,,FAC,,,,,_?_
Homolepis glutinosa,,,FACW,,,,,,,,Sticky-Panic Grass
Honckenya peploides,FACU,,,,,,,FACU,FACU,FACU,Seaside Sandplant
Hopia obtusa,FACW,FACU,,FACW,FAC,,FACW,,FACU,,Vine-Mesquite
Hordeum arizonicum,,FAC,,,,,,,FAC,,Arizona Barley
Hordeum brachyantherum,FACW,FACW,,FAC,FAC,FAC,FACW,FACW,FACW,FACW,Meadow Barley
Hordeum depressum,FACW,FACW,,,,,,,FACW,,Dwarf Barley
Hordeum intercedens,,FAC,,,,,,,FAC,,Bob-Tail Barley
Hordeum jubatum,FAC,FAC,,FAC,FACW,,FAC,FAC,FAC,FACU,Fox-Tail Barley
Hordeum marinum,FACU,FAC,,FACU,FACU,,FACU,FACU,FAC,,Seaside Barley
Hordeum murinum,UPL,FACU,,UPL,FACU,UPL,,FACU,FAC,,Wall Barley
Hordeum pusillum,FACU,FACU,,FAC,FACU,,FAC,FAC,FACU,,Little Barley
Horkelia bolanderi,,FAC,,,,,,,FAC,,Border Honeydew
Horkelia congesta,,FACU,,,,,,,FACU,,Sierran Honeydew
Horkelia yadonii,,FACU,,,,,,,,,Santa Lucia Honeydew
Hornungia procumbens,,FAC,,,,,,,FAC,,Ovalpurse
Hosackia alamosana,,OBL,,,,,,,,,Sonoran Deer-Vetch
Hosackia gracilis,,FACW,,,,,,,FACW,,Harlequin Deer-Vetch
Hosackia oblongifolia,,OBL,,,,,,,OBL,,Streambank Deer-Vetch
Hosackia pinnata,,FACW,,,,,,,FACW,,Meadow Deer-Vetch
Hosackia rosea,,UPL,,,,,,,FACU,,Rosy Deer-Vetch
Hottonia inflata,OBL,,,OBL,OBL,,OBL,OBL,,,American Featherfoil
Houstonia caerulea,FAC,,,FACU,FACU,,FAC,FACU,,,Quaker-Ladies
Houstonia pusilla,FACU,UPL,,FAC,UPL,,FACU,FACU,,,Tiny Bluet
Houstonia serpyllifolia,FACW,,,FAC,,,,,,,Thyme-Leaf Bluet
Houstonia wrightii,,FACU,,,FACU,,,,FACU,,Pygmy Bluet
Houttuynia cordata,FAC,,,FAC,FAC,,,,,,Chameleon
Howellia aquatilis,,OBL,,,,,,,OBL,,Water Howellwort
Humulus japonicus,FAC,,,FACU,FACU,,FACU,FACU,,,Japanese Hop
Humulus lupulus,FACU,FACU,,FACU,FACU,,FACU,FACU,FACU,,Common Hop
Huperzia X carlquistii,,,,,,FAC,,,,,_?_
Huperzia X gillettii,,,,,,FAC,,,,,_?_
Huperzia X koolauensis,,,,,,FAC,,,,,_?_
Huperzia X medeirosii,,,,,,OBL,,,,,_?_
Huperzia X sulcinervia,,,,,,FAC,,,,,_?_
Huperzia erosa,,,,,,FAC,,,,,Hawaii Fir-Moss
Huperzia erubescens,,,,,,FACW,,,,,Oriental Fir-Moss
Huperzia haleakalae,,FACU,,,,FAC,,,FACU,FACU,Pacific Fir-Moss
Huperzia lucidula,FACW,FACW,FAC,FACW,FACW,,FACW,FAC,FACW,,Shining Fir-Moss
Huperzia nutans,,,,,,FACU,,,,,Nodding Fir-Moss
Huperzia porophila,UPL,,,FACU,,,FACU,FACU,,,Rock Fir-Moss
Huperzia reflexa,,,FAC,,,,,,,,Antilles Fir-Moss
Huperzia selago,,,,,,,FACU,FACU,,,Fir-Moss
Huperzia serrata,,,,,,FACW,,,,,Toothed Fir-Moss
Huperzia subintegra,,,,,,FAC,,,,,Kauai Fir-Moss
Hura crepitans,FAC,,FAC,,,,,,,,Sandboxtree
Hybanthus concolor,FACU,,,FACU,,,FACU,FACU,,,Eastern Green-Violet
Hydrangea arborescens,UPL,,,FACU,FACU,,FACU,FACU,,,Wild Hydrangea
Hydrangea paniculata,FAC,,,FAC,,,FAC,FAC,,,Panicled Hydrangea
Hydrilla verticillata,OBL,OBL,OBL,OBL,OBL,OBL,OBL,OBL,OBL,,Water-Thyme
Hydrocharis morsus-ranae,OBL,,,OBL,,,OBL,OBL,OBL,,Common Frogbit
Hydrocleys nymphoides,OBL,,OBL,,,,,,,,Water-Poppy
Hydrocotyle americana,OBL,,,OBL,,,OBL,OBL,,,American Marsh-Pennywort
Hydrocotyle bonariensis,FACW,,OBL,FACW,FACW,,,,,,Coastal Marsh-Pennywort
Hydrocotyle bowlesioides,FAC,,,,,FAC,,,,,Large-Leaf Marsh-Pennywort
Hydrocotyle hirsuta,,,FACU,,,,,,,,Yerba-de-Clavo
Hydrocotyle prolifera,OBL,OBL,FAC,OBL,OBL,,,OBL,OBL,,Proliferous Marsh-Pennywort
Hydrocotyle pusilla,,,OBL,,,,,,,,Tropical Marsh-Pennywort
Hydrocotyle ranunculoides,OBL,OBL,,OBL,OBL,,OBL,OBL,OBL,,Floating Marsh-Pennywort
Hydrocotyle sibthorpioides,FACW,FACW,,FACW,FACW,FAC,FAC,FACW,FACW,,Lawn Marsh-Pennywort
Hydrocotyle umbellata,OBL,OBL,OBL,OBL,OBL,,OBL,OBL,OBL,,Many-Flower Marsh-Pennywort
Hydrocotyle verticillata,OBL,OBL,FAC,OBL,OBL,OBL,OBL,OBL,OBL,,Whorled Marsh-Pennywort
Hydrolea capsularis,OBL,,,,,,,,,,Prickly False Fiddleleaf
Hydrolea corymbosa,OBL,,,,,,,,,,Skyflower
Hydrolea ovata,OBL,,,OBL,OBL,,OBL,,,,Ovate False Fiddleleaf
Hydrolea quadrivalvis,OBL,,,OBL,,,,,,,Waterpod
Hydrolea spinosa,OBL,,,,OBL,,,,,,Spiny False Fiddleleaf
Hydrolea uniflora,OBL,,,OBL,OBL,,OBL,,,,One-Flower False Fiddleleaf
Hydrophyllum canadense,FACW,,,FACU,,,FACW,FAC,,,Blunt-Leaf Waterleaf
Hydrophyllum fendleri,,FAC,,,FACW,,,,FAC,,Fendler's Waterleaf
Hydrophyllum occidentale,,FACW,,,,,,,FACW,,Squaw-Lettuce
Hydrophyllum tenuipes,,FACW,,,,,,,FAC,,Pacific Waterleaf
Hydrophyllum virginianum,FACW,,,FAC,FAC,,FAC,FAC,,,Shawnee-Salad
Hyeronima clusioides,,,FACU,,,,,,,,Cedro-Macho
Hygrophila corymbosa,OBL,,,,,,,,,,Starhorn
Hygrophila difformis,OBL,,,,,OBL,,,,,Water-Wisteria
Hygrophila lacustris,OBL,,FACW,,OBL,,,,,,Gulf Swampweed
Hygrophila polysperma,OBL,,,,OBL,,,,,,Miramar-Weed
Hymenachne amplexicaulis,OBL,,OBL,,,,,,,,West Indian Marsh Grass
Hymenaea courbaril,,,FACU,,,,,,,,Stinkingtoe
Hymenocallis choctawensis,OBL,,,,,,,,,,Choctaw Spider-Lily
Hymenocallis coronaria,OBL,,,OBL,,,,,,,Shoals Spider-Lily
Hymenocallis crassifolia,OBL,,,OBL,,,,,,,Coastal Carolina Spider-Lily
Hymenocallis latifolia,FACU,,FACU,,,,,,,,Perfumed Spider-Lily
Hymenocallis liriosme,OBL,,,OBL,OBL,,,,,,Spring Spider-Lily
Hymenocallis littoralis,OBL,,,,,FAC,,,,,Tropical Spider-Lily
Hymenocallis occidentalis,FACW,,,FAC,FACW,,FAC,,,,Carolina Spider-Lily
Hymenocallis palmeri,OBL,,,,,,,,,,Alligator-Lily
Hymenocallis puntagordensis,OBL,,,,,,,,,,Punta Gorden Spider-Lily
Hymenocallis rotata,OBL,,,,,,,,,,Streambank Spider-Lily
Hymenophyllum wrightii,,,,,,,,,,FAC,Wright's Filmy Fern
Hymenoxys hoopesii,,FAC,,,FAC,,,,FAC,,Owl's-Claws
Hymenoxys texana,FACW,,,,FACW,,,,,,Prairiedawn
Hyparrhenia rufa,UPL,,UPL,,FACU,FAC,,,,,Jaragua
Hypericum X dissimulatum,FACW,,,FACW,,,FACW,FACW,,,_?_
Hypericum adpressum,OBL,,,OBL,,,OBL,OBL,,,Creeping St. John's-Wort
Hypericum anagalloides,,OBL,,,,,,,OBL,,Tinker's-Penny
Hypericum ascyron,FAC,,,FAC,,,FAC,FAC,,,Great St. John's-Wort
Hypericum boreale,OBL,OBL,,OBL,,,OBL,OBL,OBL,,Northern St. John's-Wort
Hypericum brachyphyllum,FACW,,,FACW,,,,,,,Coastal-Plain St. John's-Wort
Hypericum buckleyi,,,,FAC,,,,,,,Blueridge St. John's-Wort
Hypericum calycinum,,FACU,,,,,,,FACU,,Aaron's Beard
Hypericum canadense,FACW,,,FACW,FACW,,FACW,FACW,FACW,,Lesser Canadian St. John's-Wort
Hypericum chapmanii,OBL,,,,,,,,,,Apalachicola St. John's-Wort
Hypericum cistifolium,FACW,,,FACW,FACW,,,,,,Round-Pod St. John's-Wort
Hypericum crux-andreae,FACW,,,FACU,FAC,,,FACU,,,St. Peter's-Wort
Hypericum densiflorum,FACW,,,FACW,,,,FACW,,,Bushy St. John's-Wort
Hypericum denticulatum,FACW,,,FACW,,,,FACW,,,Coppery St. John's-Wort
Hypericum diosmoides,,,FACW,,,,,,,,Puerto Rico St. John's-Wort
Hypericum drummondii,FACU,,,UPL,FACU,,FACU,FACU,,,Nits-and-Lice
Hypericum edisonianum,OBL,,,,,,,,,,Arcadian St. John's-Wort
Hypericum ellipticum,OBL,,,OBL,,,OBL,OBL,OBL,,Pale St. John's-Wort
Hypericum erythraeae,OBL,,,,,,,,,,Georgia St. John's-Wort
Hypericum exile,FACW,,,,,,,,,,Florida Sands St. John's-Wort
Hypericum fasciculatum,FACW,,,FACW,FACW,,,,,,Peel-Bark St. John's-Wort
Hypericum fraseri,OBL,,,OBL,OBL,,OBL,OBL,OBL,,Fraser's St. John's-Wort
Hypericum galioides,OBL,,,OBL,OBL,,,,,,Bedstraw St. John's-Wort
Hypericum gentianoides,FACU,,,UPL,FACU,,FACU,FACU,,,Orange-Grass
Hypericum graveolens,,,,FAC,,,,,,,Mountain St. John's-Wort
Hypericum gymnanthum,FACW,,,OBL,FACW,,OBL,OBL,,,Clasping-Leaf St. John's-Wort
Hypericum hypericoides,FAC,,FAC,FACU,FACU,,FACU,FACU,,,St. Andrew's-Cross
Hypericum kalmianum,,,,,,,FACW,FACW,,,Kalm's St. John's-Wort
Hypericum lissophloeus,OBL,,,,,,,,,,Smooth-Bark St. John's-Wort
Hypericum majus,FACW,FACW,,FACW,FACW,,FACW,FACW,FACW,,Greater Canadian St. John's-Wort
Hypericum microsepalum,FAC,,,,,,,,,,Flatwoods St. John's-Wort
Hypericum mitchellianum,,,,FACU,,,,,,,Blue Ridge St. John's-Wort
Hypericum mutilum,FACW,FACW,,FACW,FACW,FACW,FACW,FACW,FACW,,Dwarf St. John's-Wort
Hypericum myrtifolium,FACW,,,,,,,,,,Myrtle-Leaf St. John's-Wort
Hypericum nitidum,OBL,,,OBL,,,,,,,Carolina St. John's-Wort
Hypericum nudiflorum,FACW,,,FACW,FACW,,FACW,,,,Early St. John's-Wort
Hypericum parvulum,,,,,,FAC,,,,,Sierra Madre St. John's-Wort
Hypericum perforatum,FACU,FACU,UPL,FAC,UPL,UPL,FACU,UPL,FACU,FACU,Common St. John's-Wort
Hypericum prolificum,FAC,,,FACU,FACU,,FACU,FACU,,,Shrubby St. John's-Wort
Hypericum punctatum,FAC,,,FAC,FAC,,FAC,FAC,,,Spotted St. John's-Wort
Hypericum scouleri,,FACW,,,,,,,FACW,,Scouler's St. John's-Wort
Hypericum setosum,FACW,,,OBL,,,,,,,Hairy St. John's-Wort
Hypericum sphaerocarpum,FACU,,,FAC,FACU,,FACU,FACU,,,Round-Seed St. John's-Wort
Hypericum tenuifolium,FACU,,,FACU,,,,,,,Atlantic St. John's-Wort
Hypericum tetrapetalum,OBL,,,,,,,,,,Four-Petal St. John's-Wort
Hypericum tubulosum,OBL,,,OBL,OBL,,OBL,OBL,,,Lesser St. John's-Wort
Hypericum virgatum,FAC,,,FACU,,,FAC,,,,Sharp-Leaf St. John's-Wort
Hypericum virginicum,OBL,,,OBL,OBL,,OBL,OBL,,,Virginia St. John's-Wort
Hypericum walteri,OBL,,,OBL,OBL,,OBL,OBL,,,Greater St. John's-Wort
Hypochaeris radicata,UPL,FACU,,UPL,UPL,FACU,FACU,FACU,FACU,UPL,Hairy Cat's-Ear
Hypoderris brownii,,,OBL,,,,,,,,Hair-Vein Fern
Hypogynium virgatum,,,FACW,,,,,,,,West Indian-Bluestem
Hypolepis hawaiiensis,,,,,,FACU,,,,,Dotted Bead Fern
Hypolepis nigrescens,,,FACW,,,,,,,,Black Bead Fern
Hypolepis repens,FACW,,FACW,,,,,,,,Bramble Fern
Hypoxis curtissii,FACW,,,FACW,FACW,,,,,,Curtiss' Yellow Star-Grass
Hypoxis hirsuta,FACW,FACW,,FAC,FACW,,FAC,FAC,FACW,,Eastern Yellow Star-Grass
Hypoxis juncea,FACW,,,FACW,,,,,,,Fringed Yellow Star-Grass
Hypoxis rigida,FACW,,,FACW,FACW,,,,,,Chapman's Yellow Star-Grass
Hypoxis sessilis,FAC,,,FACU,FAC,,,,,,Glossy-Seed Yellow Star-Grass
Hypoxis wrightii,FACW,,FAC,FAC,FACW,,,,,,Bristle-Seed Yellow Star-Grass
Hyptis alata,OBL,,,OBL,OBL,,,,,,Clustered Bush-Mint
Hyptis atrorubens,,,FACW,,,,,,,,Marubio-Oscuro
Hyptis capitata,,,FAC,,,FAC,,,,,False Ironwort
Hyptis lantanifolia,,,FAC,,,,,,,,Island Bush-Mint
Ichnanthus nemorosus,,,FAC,,,,,,,,Creeping Bed Grass
Ichnanthus pallens,,,FAC,,,,,,,,Caruzo
Ilex amelanchier,OBL,,,OBL,,,,,,,Sarvis Holly
Ilex anomala,,,,,,FACU,,,,,Hawaii Holly
Ilex aquifolium,FACU,FACU,,,,FACU,,FACU,FACU,,English Holly
Ilex cassine,FACW,,FACW,FACW,,FAC,,FACW,,,Dahoon
Ilex collina,,,,FACW,,,,,,,Long-Stalk Holly
Ilex cookii,,,FACW,,,,,,,,Te
Ilex coriacea,FACW,,,FACW,FACW,,,,,,Large Gallberry
Ilex cuthbertii,FACW,,,FACW,,,,,,,Cuthbert's Holly
Ilex decidua,FACW,,,FACW,FAC,,FACW,,,,Deciduous Holly
Ilex glabra,FACW,,,FAC,,,,FACW,,,Inkberry
Ilex laevigata,FACW,,,OBL,,,,OBL,,,Smooth Winterberry
Ilex longipes,FAC,,,FAC,FACW,,,,,,Georgia Holly
Ilex macfadyenii,,,FACW,,,,,,,,Caribbean Holly
Ilex montana,FAC,,,FACU,,,,FACU,,,Mountain Holly
Ilex myrtifolia,FACW,,,FACW,,,,,,,Myrtle Dahoon
Ilex opaca,FAC,,,FACU,FACU,,FACU,FACU,,,American Holly
Ilex sideroxyloides,,,FAC,,,,,,,,Gongolin
Ilex sintenisii,,,OBL,,,,,,,,Sintenis' Holly
Ilex urbaniana,,,FAC,,,,,,,,Urban's Holly
Ilex verticillata,FACW,,,FACW,,,FACW,FACW,,,Common Winterberry
Ilex vomitoria,FAC,,,FAC,FAC,,,,,,Yaupon
Iliamna corei,,,,FAC,,,,,,,Core's Wild Hollyhock
Iliamna grandiflora,,FACW,,,FACW,,,,FACW,,Large-Flower Wild Hollyhock
Iliamna remota,,,,,,,FAC,FAC,,,Kankakee-Mallow
Iliamna rivularis,,FACW,,,,,,,FAC,,Streambank Wild Hollyhock
Illicium floridanum,FACW,,,FACW,,,,,,,Florida Anisetree
Illicium parviflorum,OBL,,,FACW,,,,,,,Yellow Anisetree
Impatiens aurella,,FACW,,,FACW,,,,FACW,,Pale-Yellow Touch-Me-Not
Impatiens balsamina,UPL,,FACU,UPL,UPL,,FACU,UPL,,,Garden-Balsam
Impatiens capensis,FACW,FACW,,FACW,FACW,,FACW,FACW,FACW,,Spotted Touch-Me-Not
Impatiens ecalcarata,,FACW,,,,,,,FACW,,Spurless Touch-Me-Not
Impatiens glandulifera,,FACW,,FACW,,,FAC,FAC,FACW,,Policeman's-Helmet
Impatiens noli-tangere,,,,,,,,,FACW,FACW,Western Touch-Me-Not
Impatiens pallida,FACW,,,FACW,FACW,,FACW,FACW,,,Pale Touch-Me-Not
Impatiens sodenii,,,,,,FACU,,,,,Oliver's Touch-Me-Not
Impatiens walleriana,FACW,,FACU,FACW,,FACU,FACW,FACW,,,Buzzy-Lizzy
Imperata brevifolia,FAC,FAC,,,FAC,,,,FAC,,California Satintail
Imperata cylindrica,UPL,,,FACU,FACU,UPL,,,FACU,,Cogon Grass
Indigofera hendecaphylla,FACU,,,,,FAC,,,,,Trailing Indigo
Indigofera lindheimeriana,,FAC,,,FAC,,,,,,Lindheimer's Indigo
Indigofera spicata,FACU,,,,,,,,,,Creeping Indigo
Indigofera suffruticosa,FACU,,FACU,UPL,FAC,UPL,,,,,Anil-de-Pasto
Inula helenium,UPL,FAC,,FACU,,,FACU,FACU,FAC,,Elecampane
Iodanthus pinnatifidus,FACW,,,FACW,FACW,,FACW,FACW,,,Purple-Rocket
Ipomoea alba,FAC,,FACW,FAC,FAC,FAC,FAC,,,,Tropical White Morning-Glory
Ipomoea amnicola,FACW,,,,FACW,,FACW,,,,Red-Center Morning-Glory
Ipomoea aquatica,OBL,OBL,OBL,,,OBL,,,OBL,,Swamp-Cabbage
Ipomoea asarifolia,OBL,,,,,,,,,,Ginger-Leaf Morning-Glory
Ipomoea cairica,FACU,FACU,,FACU,FACU,UPL,FACU,,FACU,,Mile-a-Minute-Vine
Ipomoea carnea,FACU,,UPL,,FACU,,,,,,Gloria-de-la-Manana
Ipomoea coccinea,FAC,,,FACU,FAC,,FAC,FAC,,,Redstar
Ipomoea cordatotriloba,FACU,FAC,,FACU,FAC,,,,FACU,,Tievine
Ipomoea hederacea,FACU,FACU,FACU,FACU,FAC,,FAC,FAC,FACU,,Ivy-Leaf Morning-Glory
Ipomoea hederifolia,FACU,,FACU,FAC,,UPL,,UPL,,,Scarlet-Creeper
Ipomoea imperati,FACU,,FACU,FACU,FAC,FACU,,,,,Beach Morning-Glory
Ipomoea indica,FAC,FAC,FAC,FAC,FAC,FACU,,,FAC,,Ocean-Blue Morning-Glory
Ipomoea lacunosa,FAC,FACW,,FACW,FACW,,FACW,FACW,FACW,,Whitestar
Ipomoea lindheimeri,,UPL,,,FACU,,,,UPL,,Lindheimer's Morning-Glory
Ipomoea littoralis,,,,,,FACU,,,,,White-Flower Beach Morning-Glory
Ipomoea obscura,,,,,,FAC,,,,,Obscure Morning-Glory
Ipomoea ochracea,,,UPL,,,FACU,,,,,Fence Morning-Glory
Ipomoea pandurata,FACU,,,FACU,FACU,,FACU,FACU,,,Man-of-the-Earth
Ipomoea pes-caprae,FAC,,FAC,FAC,FAC,FAC,,FAC,,,Bay-Hops
Ipomoea purpurea,UPL,UPL,UPL,UPL,FACU,UPL,FACU,FACU,UPL,,Common Morning-Glory
Ipomoea quamoclit,FACU,FACU,FACU,UPL,FACU,,FACU,FACU,FACU,,Cypress-Vine
Ipomoea sagittata,FACW,,,FACW,FACW,,,,,,Glade Morning-Glory
Ipomoea setifera,,,FACW,,,,,,,,Bejuco-de-Puerco
Ipomoea triloba,FAC,FACU,UPL,,,FAC,,,,,Littlebell
Ipomoea violacea,FACW,FAC,FAC,,FAC,FAC,,,,,Heavenly-Blue Morning-Glory
Ipomoea wrightii,FACW,,FACW,FACW,FACW,,,,,,Wright's Morning-Glory
Iresine diffusa,FAC,FAC,UPL,,FAC,,,,,,Juba's-Bush
Iresine rhizomatosa,FACW,,,FACW,FACW,,FACW,,,,Juda's-Bush
Iris X flexicaulis,OBL,,,,OBL,,,,,,_?_
Iris X nelsonii,OBL,,,,,,,,,,_?_
Iris brevicaulis,OBL,,,OBL,OBL,,OBL,OBL,,,Zigzag Iris
Iris fulva,OBL,,,OBL,OBL,,OBL,OBL,,,Copper Iris
Iris giganticaerulea,OBL,OBL,,,OBL,,,,,,Giant Blue Iris
Iris hartwegii,,FACU,,,,,,,FACU,,Rainbow Iris
Iris hexagona,OBL,,,,,,,,,,Dixie Iris
Iris hookeri,,,,,,,,FACW,,,_?_
Iris lacustris,,,,,,,FAC,FAC,,,Dwarf Lake Iris
Iris longipetala,,FACW,,,,,,,FACW,,Coast Iris
Iris missouriensis,,FACW,,,FACW,,,,FACW,,Rocky Mountain Iris
Iris prismatica,OBL,,,OBL,,,,OBL,,,Slender Blue Iris
Iris pseudacorus,OBL,OBL,,OBL,OBL,,OBL,OBL,OBL,,Pale-Yellow Iris
Iris savannarum,OBL,,,OBL,,,,,,,Prairie Iris
Iris setosa,,,,,,,,,,FAC,Beach-Head Iris
Iris tridentata,OBL,,,OBL,,,,,,,Savannah Iris
Iris versicolor,OBL,,,OBL,OBL,,OBL,OBL,OBL,,Harlequin Blueflag
Iris virginica,OBL,,,OBL,OBL,,OBL,OBL,,,Virginia Blueflag
Isachne angustifolia,,,OBL,,,,,,,,Yerba-de-Alambre
Isachne distichophylla,,,,,,FAC,,,,,Ridgetop Blood Grass
Isachne globosa,,,,,,FACW,,,,,Swamp Millet
Isachne pallens,,,,,,FAC,,,,,Kauai Blood Grass
Ischaemum byrone,,,,,,FACU,,,,,Hilo Muraina Grass
Ischaemum polystachyum,,,,,,FACW,,,,,_?_
Ischaemum timorense,,,,,,FAC,,,,,Stalk-Leaf Muraina Grass
Isidrogalvia flava,OBL,,,,,,,,,,Harper's-Beauty
Isocoma acradenia,,FACU,,,,,,,FACU,,Alkali Jimmyweed
Isocoma arguta,,FACU,,,,,,,,,Contra Costa Jimmyweed
Isocoma menziesii,,FACU,,,,,,,FAC,,Variable Jimmyweed
Isoetes X altonharvillii,OBL,,,OBL,,,,,,,_?_
Isoetes X brittonii,OBL,,,OBL,,,,OBL,,,_?_
Isoetes X bruntonii,OBL,,,OBL,,,,,,,_?_
Isoetes X carltaylori,OBL,,,OBL,,,,,,,_?_
Isoetes X dodgei,OBL,,,OBL,,,,OBL,,,_?_
Isoetes X eatonii,OBL,,,OBL,,,,OBL,,,_?_
Isoetes X echtuckeri,,,,,,,,OBL,,,_?_
Isoetes X fairbrothersii,OBL,,,OBL,,,,OBL,,,_?_
Isoetes X foveolata,,,,,,,,OBL,,,_?_
Isoetes X harveyi,,,,OBL,,,,OBL,,,_?_
Isoetes X herb-wagneri,,,,,,,,,OBL,,_?_
Isoetes X hickeyi,,,,,,,,OBL,,,_?_
Isoetes X pseudotruncata,,,,,,,,,,OBL,_?_
Isoetes X truncata,,,,,,,,,OBL,OBL,_?_
Isoetes acadiensis,OBL,,,OBL,,,,OBL,,,Acadian Quillwort
Isoetes appalachiana,OBL,,,OBL,,,,OBL,,,Appalachian Quillwort
Isoetes bolanderi,,OBL,,,OBL,,,,OBL,,Bolander's Quillwort
Isoetes boomii,OBL,,,,,,,,,,Boom's Quillwort
Isoetes butleri,OBL,,,FACW,OBL,,OBL,,,,Limestone Quillwort
Isoetes echinospora,OBL,OBL,,OBL,OBL,,OBL,OBL,OBL,OBL,Spiny-Spore Quillwort
Isoetes engelmannii,OBL,,,OBL,,,OBL,OBL,,,Engelmann's Quillwort
Isoetes flaccida,OBL,,,,,,,,,,Southern Quillwort
Isoetes flettii,,,,,,,,,OBL,OBL,Flett's Quillwort
Isoetes georgiana,OBL,,,,,,,,,,Georgia Quillwort
Isoetes hawaiiensis,,,,,,OBL,,,,,Hawaii Quillwort
Isoetes howellii,,OBL,,,,,,,OBL,,Howell's Quillwort
Isoetes hyemalis,OBL,,,OBL,,,,,,,Evergreen Quillwort
Isoetes junciformis,OBL,,,,,,,,,,Rush Quillwort
Isoetes lacustris,,,,OBL,,,OBL,OBL,,,Western Lake Quillwort
Isoetes lithophila,,,,,OBL,,,,,,Rock Quillwort
Isoetes louisianensis,OBL,,,,,,,,,,Louisiana Quillwort
Isoetes maritima,,,,,,,,,OBL,OBL,Maritime Quillwort
Isoetes mattaponica,OBL,,,,,,,,,,Mattaponi Quillwort
Isoetes melanopoda,OBL,OBL,,OBL,OBL,,OBL,OBL,OBL,,Black-Foot Quillwort
Isoetes melanospora,OBL,,,OBL,,,,,,,Black-Spore Quillwort
Isoetes microvela,OBL,,,,,,,,,,Thin-Wall Quillwort
Isoetes minima,,FACW,,,,,,,OBL,,Midget Quillwort
Isoetes novae-angliae,,,,,,,,OBL,,,New England Quillwort
Isoetes nuttallii,,OBL,,,,,,,OBL,,Nuttall's Quillwort
Isoetes occidentalis,,OBL,,,OBL,,,,OBL,,Western Quillwort
Isoetes orcuttii,,OBL,,,,,,,OBL,,Orcutt's Quillwort
Isoetes piedmontana,OBL,,,OBL,OBL,,,,,,Piedmont Quillwort
Isoetes prototypus,,,,,,,,OBL,,,Spike Quillwort
Isoetes riparia,OBL,,,OBL,,,,OBL,,,Shore Quillwort
Isoetes saccharata,OBL,,,OBL,,,,,,,Sugary Quillwort
Isoetes tegetiformans,OBL,,,OBL,,,,,,,Merlin's-Grass
Isoetes tennesseensis,,,,OBL,,,,,,,Tennessee Quillwort
Isoetes texana,OBL,,,,,,,,,,Coastal Bend Quillwort
Isoetes tuckermanii,OBL,,,OBL,,,,OBL,,,Tuckerman's Quillwort
Isoetes valida,OBL,,,OBL,,,,OBL,,,True Quillwort
Isoetes virginica,,,,OBL,,,,,,,Virginia Quillwort
Isolepis carinata,FACW,OBL,,FACW,FACW,,FACW,,OBL,,Keeled Lateral-Bulrush
Isolepis cernua,OBL,OBL,,,,,,,OBL,OBL,Low Lateral-Bulrush
Isolepis prolifera,,OBL,,,,,,,,,Proliferous Lateral-Bulrush
Isolepis pseudosetacea,OBL,,,OBL,OBL,,OBL,,,,Gulf Coast Lateral-Bulrush
Isolepis setacea,OBL,FACW,,OBL,,,,,FACW,,Bristle-Leaf Lateral-Bulrush
Isotrema tomentosum,FAC,,,FAC,FAC,,FAC,FAC,,,Woolly Pipevine
Isotria medeoloides,FACU,,,FACU,,,FACU,FACU,,,Green Five-Leaf Orchid
Isotria verticillata,FACU,,,FACU,FAC,,FAC,FAC,,,Purple Five-Leaf Orchid
Itea virginica,FACW,,,OBL,OBL,,OBL,OBL,,,Virginia Sweetspire
Iva annua,FAC,FAC,,FAC,FAC,,FAC,FAC,FAC,,Annual Marsh-Elder
Iva axillaris,FAC,FACU,,,FAC,,FAC,FAC,FACU,,Deer-Root
Iva frutescens,FACW,,,FACW,FACW,,,FACW,,,Jesuit's-Bark
Iva hayesiana,,FACW,,,,,,,,,San Diego Marsh-Elder
Iva imbricata,FACW,,,,FACW,,,,,,Seacoast Marsh-Elder
Iva microcephala,FACW,,,FACW,,,,,,,Small-Head Marsh-Elder
Ivesia kingii,,FAC,,,,,,,FAC,,King's Mousetail
Ivesia lycopodioides,,FAC,,,,,,,FAC,,Clubmoss Mousetail
Ivesia pickeringii,,OBL,,,,,,,OBL,,Silky Mousetail
Ivesia pityocharis,,FACW,,,,,,,FACW,,Pine Nut Mountain Mousetail
Ivesia sericoleuca,,FAC,,,,,,,FAC,,Plumas Mousetail
Ixora ferrea,,,FAC,,,,,,,,Palo-de-Hierro
Jaborosa integrifolia,FAC,,,,,,,,,,Springblossom
Jacobaea vulgaris,UPL,FACU,,UPL,,,FACU,UPL,FACU,,Stinking Willie
Jacquemontia ovalifolia,,,FACW,,,FACU,,,,,Oval-Leaf Clustervine
Jacquemontia pentanthos,FAC,,UPL,,,UPL,,,,,Sky-Blue Clustervine
Jacquemontia tamnifolia,FACU,,UPL,FACU,FAC,,UPL,UPL,,,Hairy Clustervine
Jacquinia keyensis,FAC,,,,,,,,,,Joewood
Jaegeria hirta,,FACU,,,,,,,,,Botao-de-Ouro
Jamesia americana,,FACU,,,FACU,,,,FACU,,Five-Petal Cliffbush
Jamesianthus alabamensis,OBL,,,OBL,,,,,,,Alabama Warbonnet
Jatropha curcas,UPL,,UPL,,,FACU,,,,,Barbados-Nut
Jatropha gossypiifolia,UPL,,UPL,,,FAC,,,,,Bellyache-Bush
Jaumea carnosa,,OBL,,,,,,,OBL,,Marsh Jaumea
Jensia yosemitana,,FACU,,,,,,,FACU,,Yosemite Annual-Tarweed
Juglans californica,,FACU,,,,,,,,,Southern California Walnut
Juglans cinerea,FACU,FACU,,FACU,,,FACU,FACU,FACU,,White Walnut
Juglans hindsii,,FAC,,,,,,,FAC,,Northern California Walnut
Juglans major,,FAC,,,FAC,,,,FACW,,Arizona Walnut
Juglans microcarpa,,FAC,,FAC,FAC,,FAC,,FAC,,Little Walnut
Juglans nigra,UPL,UPL,,FACU,FACU,,FACU,FACU,UPL,,Black Walnut
Juncus X oronensis,,,,,,,,FACW,,,_?_
Juncus abortivus,OBL,,,OBL,,,,,,,Pine-Barren Rush
Juncus acuminatus,OBL,OBL,,OBL,OBL,OBL,OBL,OBL,OBL,,Knotty-Leaf Rush
Juncus acutus,,FACW,,,,,,,FACW,,Spiny Rush
Juncus albescens,,OBL,,,OBL,,,,OBL,FACW,Northern White Rush
Juncus alpinoarticulatus,,OBL,,OBL,OBL,,OBL,OBL,OBL,OBL,Northern Green Rush
Juncus anthelatus,FACW,FACW,,FACW,FACW,,FACW,FACW,FACW,,Kentucky Rush
Juncus arcticus,,,,,,,,,,OBL,Arctic Rush
Juncus articulatus,OBL,OBL,,OBL,OBL,,OBL,OBL,OBL,OBL,Joint-Leaf Rush
Juncus balticus,OBL,FACW,,OBL,FACW,,OBL,OBL,FACW,OBL,Baltic Rush
Juncus biglumis,,OBL,,,,,,,OBL,OBL,Two-Flower Rush
Juncus bolanderi,,OBL,,,,,,,OBL,,Bolander's Rush
Juncus brachycarpus,FACW,,,FACW,FACW,,FACW,FACW,FACW,,White-Root Rush
Juncus brachycephalus,OBL,,,OBL,OBL,,OBL,OBL,OBL,,Small-Head Rush
Juncus brachyphyllus,FAC,FAC,,FAC,FAC,,FAC,,FAC,,Short-Leaf Rush
Juncus brevicaudatus,OBL,OBL,,OBL,OBL,,OBL,OBL,OBL,,Narrow-Panicle Rush
Juncus breweri,,FACW,,,,,,,FACW,,Brewer's Rush
Juncus bryoides,,OBL,,,,,,,OBL,,Moss Dwarf Rush
Juncus bufonius,FACW,FACW,,FACW,OBL,FACW,FACW,FACW,FACW,OBL,Toad Rush
Juncus bulbosus,,,,,,,,OBL,OBL,,Bulbous Rush
Juncus caesariensis,OBL,,,OBL,,,,OBL,,,New Jersey Rush
Juncus canadensis,OBL,,,OBL,OBL,,OBL,OBL,OBL,,Canadian Rush
Juncus capillaris,,FACW,,,,,,,FACW,,Hairy-Stem Dwarf Rush
Juncus capitatus,FACU,FACU,,FACU,FACU,,,,FACU,,Leafy-Bract Dwarf Rush
Juncus castaneus,,FACW,,,OBL,,,,FACW,FACW,Chestnut Rush
Juncus chlorocephalus,,FACW,,,,,,,FACW,,Green-Head Rush
Juncus compressus,FACW,OBL,,FACW,FACW,,OBL,FACW,OBL,,Round-Fruit Rush
Juncus confusus,,FAC,,,FACW,,,,FAC,,Colorado Rush
Juncus cooperi,,FACW,,,,,,,FACW,,Cooper's Rush
Juncus coriaceus,FACW,,,FACW,OBL,,FACW,,,,Leathery Rush
Juncus covillei,,FACW,,,,,,,FACW,,Coville's Rush
Juncus debilis,OBL,,,OBL,FACW,,OBL,OBL,,,Weak Rush
Juncus dichotomus,FACW,FACW,FAC,FACW,FACW,,FACW,FACW,FACW,,Forked Rush
Juncus diffusissimus,FACW,FACW,,FACW,FACW,,FACW,FACW,FACW,,Slim-Pod Rush
Juncus digitatus,,OBL,,,,,,,OBL,,Finger Rush
Juncus drummondii,,FACW,,,FACW,,,,FACW,FACW,Drummond's Rush
Juncus dubius,,FACW,,,,,,,FACW,,Mariposa Rush
Juncus dudleyi,FACW,FAC,,FACW,FACW,,FACW,FACW,FAC,,Dudley's Rush
Juncus duranii,,OBL,,,,,,,,,Duran's Rush
Juncus effusus,OBL,FACW,,FACW,OBL,OBL,OBL,OBL,FACW,OBL,Lamp Rush
Juncus elliottii,OBL,FACW,,FACW,,,,,,,Elliott's Rush
Juncus ensifolius,,FACW,,,FACW,FACW,FACW,FACW,FACW,FACW,Dagger-Leaf Rush
Juncus falcatus,,FACW,,,,,,,FACW,FACW,Sickle-Leaf Rush
Juncus filiformis,,FACW,,FACW,OBL,,FACW,FACW,FACW,FACW,Thread Rush
Juncus filipendulus,FAC,,,FAC,FAC,,,,,,Ring-Seed Rush
Juncus gerardii,OBL,FACW,,FACW,OBL,,OBL,OBL,FACW,,Saltmarsh Rush
Juncus greenei,FAC,,,FAC,FAC,,FAC,FAC,,,Greene's Rush
Juncus gymnocarpus,OBL,,,OBL,,,,OBL,,,Pennsylvania Rush
Juncus hallii,,FAC,,,,,,,FAC,,Hall's Rush
Juncus hemiendytus,,OBL,,,,,,,FACW,,Herman's Dwarf Rush
Juncus inflexus,FACW,,,FACW,,,FACW,FACW,,,European Blue Rush
Juncus interior,FACU,FAC,,FACU,FACW,,FAC,FAC,FAC,,Inland Rush
Juncus kelloggii,,FACW,,,,,,,FACW,,Kellogg's Dwarf Rush
Juncus leiospermus,,OBL,,,,,,,OBL,,Red Bluff Dwarf Rush
Juncus lescurii,,FACW,,,,,,,FACW,,Salt Rush
Juncus longii,OBL,,,OBL,,,,,,,Long's Rush
Juncus longistylis,,FACW,,,FACW,,FACW,FACW,FACW,,Long-Style Rush
Juncus luciensis,,OBL,,,,,,,OBL,,Santa Lucia Dwarf Rush
Juncus macrandrus,,OBL,,,,,,,OBL,,Long-Anther Rush
Juncus macrophyllus,,FACW,,,,,,,FACW,,Long-Leaf Rush
Juncus marginatus,FACW,FACW,,FACW,FACW,,FACW,FACW,FACW,,Bog Rush
Juncus megacephalus,OBL,,,OBL,OBL,,,,,,Big-Head Rush
Juncus mertensianus,,OBL,,,OBL,,,,OBL,OBL,Mertens' Rush
Juncus mexicanus,,FACW,,,FACW,,,,FACW,,Mexican Rush
Juncus militaris,OBL,,,OBL,,,OBL,OBL,,,Bayonet Rush
Juncus nevadensis,,FACW,,,FACW,,,,FACW,,Sierran Rush
Juncus nodatus,OBL,OBL,,OBL,OBL,,OBL,OBL,,,Stout Rush
Juncus nodosus,OBL,OBL,,OBL,OBL,,OBL,OBL,OBL,OBL,Knotted Rush
Juncus occidentalis,,FACW,,,,,,,FACW,,Western Rush
Juncus orthophyllus,,FACW,,,,,,,FACW,,Straight-Leaf Rush
Juncus oxymeris,,FACW,,,,,,,FACW,,Pointed Rush
Juncus pallidus,FACW,,,OBL,,,,,,,Javelin-Grass
Juncus paludosus,OBL,,,,,,,,,,Florida Rush
Juncus parryi,,FAC,,,,,,,FAC,,Parry's Rush
Juncus patens,,FACW,,,,,,,FACW,,Spreading Rush
Juncus pelocarpus,OBL,,,OBL,OBL,,OBL,OBL,OBL,,Brown-Fruit Rush
Juncus phaeocephalus,,FACW,,,,FACW,,,FACW,,Brown-Head Rush
Juncus planifolius,,,,,,FACW,,,FACW,,New Zealand Rush
Juncus polyanthemos,,,,,,OBL,,,,,Many-Flower Rush
Juncus polycephalos,OBL,,,OBL,OBL,,,,,,Many-Head Rush
Juncus pylaei,OBL,,,OBL,OBL,,OBL,OBL,OBL,,Common Rush
Juncus regelii,,FACW,,,,,,,FACW,,Regel's Rush
Juncus repens,OBL,,,OBL,OBL,,,,,,Lesser Creeping Rush
Juncus roemerianus,OBL,,,OBL,OBL,,,,,,Roemer's Rush
Juncus rugulosus,,OBL,,,,,,,OBL,,Wrinkled Rush
Juncus saximontanus,,FACW,,,FACW,,,,FACW,FACW,Rocky Mountain Rush
Juncus scirpoides,FACW,FACW,,FACW,FACW,,FACW,FACW,,,Needle-Pod Rush
Juncus secundus,FAC,,,FACU,FAC,,FAC,FACU,,,Lopsided Rush
Juncus squarrosus,,,,,,,,FACW,,,Mosquito Rush
Juncus stygius,,,,,OBL,,,OBL,,OBL,Moor Rush
Juncus subcaudatus,FAC,,,OBL,,,OBL,OBL,,,Woodland Rush
Juncus subnodulosus,,,,,,,,OBL,,,Blunt-Flower Rush
Juncus subtilis,,,,,,,,OBL,,,Greater Creeping Rush
Juncus supiniformis,,OBL,,,,,,,OBL,OBL,Hairy-Leaf Rush
Juncus tenuis,FAC,FACW,OBL,FAC,FAC,FAC,FAC,FAC,FAC,FACW,Lesser Poverty Rush
Juncus texanus,OBL,,,,OBL,,,,,,Texas Rush
Juncus textilis,,FACW,,,,,,,OBL,,Basket Rush
Juncus tiehmii,,FACW,,,,,,,FACW,,Nevada Rush
Juncus torreyi,FACW,FACW,,FACW,FACW,,FACW,FACW,FACW,,Torrey's Rush
Juncus trifidus,,,,FACU,,,,FACU,,,Highland Rush
Juncus triformis,,FACW,,,,,,,FACW,,Yosemite Dwarf Rush
Juncus triglumis,,FACW,,,,,,,FACW,FACW,Three-Flower Rush
Juncus trigonocarpus,OBL,,,OBL,OBL,,,,,,Red-Pod Rush
Juncus uncialis,,OBL,,,,,,,FACW,,Inch-High Rush
Juncus validus,FACW,,,FACW,FACW,,FACW,,,,Round-Head Rush
Juncus vaseyi,,FACW,,FACW,FACW,,FACW,FACW,FACW,,Vasey's Rush
Juncus xiphioides,,OBL,,,,,,,OBL,,Iris-Leaf Rush
Juniperus communis,FACU,FACU,,FACU,UPL,,UPL,FACU,UPL,UPL,Common Juniper
Juniperus deppeana,,FACU,,,FACU,,,,FACU,,Alligator Juniper
Juniperus horizontalis,,FACU,,,UPL,,FACU,FACU,FACU,UPL,Creeping Juniper
Juniperus virginiana,FACU,FACU,,FACU,UPL,,FACU,FACU,FACU,,Eastern Red-Cedar
Justicia americana,OBL,OBL,,OBL,OBL,,OBL,OBL,,,American Water-Willow
Justicia comata,,,OBL,,,,,,,,Marsh Water-Willow
Justicia cooleyi,FACW,,,,,,,,,,Cooley's Water-Willow
Justicia crassifolia,OBL,,,OBL,,,,,,,Thick-Leaf Water-Willow
Justicia lanceolata,OBL,,,OBL,OBL,,OBL,,,,_?_
Justicia martinsoniana,,,OBL,,,,,,,,Puerto Rico Water-Willow
Justicia ovata,OBL,,,OBL,,,,,,,Loose-Flower Water-Willow
Kadua affinis,,,,,,FAC,,,,,Variable Island-Bluet
Kadua axillaris,,,,,,FAC,,,,,Manono
Kadua centranthoides,,,,,,FAC,,,,,Forest Island-Bluet
Kadua cordata,,,,,,FAC,,,,,Kopa
Kadua elatior,,,,,,FACW,,,,,Uiwi
Kadua foggiana,,,,,,FACU,,,,,Kauai
Kadua formosa,,,,,,FACW,,,,,Maui
Kadua fosbergii,,,,,,FAC,,,,,Fosberg's Island-Bluet
Kadua littoralis,,,,,,FACW,,,,,Seacliff Island-Bluet
Kadua tryblium,,,,,,FACU,,,,,Kalalau Valley Island-Bluet
Kalanchoe pinnata,FACU,,FACU,,,UPL,,,,,Cathedral-Bells
Kalmia angustifolia,FAC,,,FAC,,,,FAC,,,Sheep-Laurel
Kalmia buxifolia,FACU,,,FACU,,,,FACU,,,Sand-Myrtle
Kalmia carolina,FACW,,,FAC,,,,,,,Carolina-Laurel
Kalmia cuneata,FACW,,,FACW,,,,,,,Whitewicky
Kalmia hirsuta,FACW,,,,,,,,,,Hairy-Laurel
Kalmia latifolia,FACU,,,FACU,,,FACU,FACU,,,Mountain-Laurel
Kalmia microphylla,,OBL,,,,,,,OBL,OBL,Alpine-Laurel
Kalmia polifolia,,,,OBL,,,OBL,OBL,,,Bog-Laurel
Keysseria erici,,,,,,OBL,,,,,Alakai Swamp Island Daisy
Keysseria helenae,,,,,,OBL,,,,,Mt. Waialeale Island Daisy
Keysseria maviensis,,,,,,OBL,,,,,Howaiaulu Island Daisy
Kickxia elatine,FACU,UPL,FAC,FAC,FACU,,FAC,FAC,FAC,,Sharp-Leaf Cancerwort
Kobresia myosuroides,,FACU,,,FAC,,,,FAC,FACU,Pacific Bog Sedge
Kobresia sibirica,,FAC,,,,,,,FAC,FACW,Siberian Bog Sedge
Kobresia simpliciuscula,,FACW,,,,,,,FACW,FACW,Simple Bog Sedge
Koenigia islandica,,OBL,,,,,,,OBL,OBL,Island-Purslane
Kosteletzkya depressa,FAC,,,,FAC,,,,,,White Fen-Rose
Kosteletzkya pentacarpos,OBL,,,OBL,OBL,,,OBL,,,Virginia Fen-Rose
Krigia biflora,FACU,FACU,,FACU,FAC,,FACU,FACU,FACU,,Two-Flower Dwarf-Dandelion
Krigia caespitosa,FAC,,,FAC,FAC,,FACU,FACU,,,Weedy Dwarf-Dandelion
Krigia dandelion,FACU,,,FAC,FACU,,FACU,,,,Potato Dwarf-Dandelion
Krigia virginica,FACU,,,UPL,FACU,,UPL,UPL,,,Virginia Dwarf-Dandelion
Kumlienia cooleyae,,,,,,,,,FACW,FAC,Cooley's False Buttercup
Kumlienia hystricula,,OBL,,,,,,,OBL,,Waterfall False Buttercup
Kummerowia stipulacea,FACU,FACU,,FACU,FACU,,FACU,FACU,,,Korean-Clover
Kummerowia striata,FACU,FACU,,FACU,UPL,UPL,FACU,FACU,UPL,,Japanese-Clover
Kunzea ericoides,,,,,,FACU,,,,,New Zealand-Teatree
Kyllinga brevifolia,FACW,FACW,FAC,FACW,FACW,FAC,,,FACW,,Short-Leaf Spike Sedge
Kyllinga gracillima,FACU,,,FACU,,,FACW,FACW,,,Pasture Spike Sedge
Kyllinga hyalina,FAC,,,,,,,,,,Peduncled Spike Sedge
Kyllinga nemoralis,,,UPL,,,FAC,,,,,White-Head Spike Sedge
Kyllinga odorata,FACW,FACW,FACW,FACW,FACW,,,,FACW,,Fragrant Spike Sedge
Kyllinga pumila,FACW,,FACW,FACW,FACW,,FACW,FACW,,,Low Spike Sedge
Kyllinga tibialis,,,FAC,,,,,,,,Peruvian Spike Sedge
Labordia cyrtandrae,,,,,,FACU,,,,,Koolau Range Labordia
Labordia degeneri,,,,,,FACU,,,,,Degener's Labordia
Labordia fagraeoidea,,,,,,FACW,,,,,Summit Labordia
Labordia hedyosmifolia,,,,,,FAC,,,,,Bog Labordia
Labordia hirtella,,,,,,FAC,,,,,Mountain Labordia
Labordia hosakana,,,,,,FACW,,,,,Ridgetop Labordia
Labordia lydgatei,,,,,,FAC,,,,,Wahiawa Mountain Labordia
Labordia pumila,,,,,,FACW,,,,,Kauai Labordia
Labordia sessilis,,,,,,FACU,,,,,Thin-Fruit Labordia
Labordia tinifolia,,,,,,FACU,,,,,Pale-Flower Labordia
Labordia venosa,,,,,,FAC,,,,,Maui Labordia
Labordia waialealae,,,,,,FACW,,,,,Kamakahala Lau Li'i
Labordia waiolani,,,,,,FACU,,,,,Few-Flower Labordia
Lachnagrostis filiformis,FACU,FACW,,,FACU,FACU,,FAC,FACW,,Common Blown Grass
Lachnanthes caroliniana,OBL,,,OBL,,,,OBL,,,Carolina Redroot
Lachnocaulon anceps,FACW,,,OBL,OBL,,,,,,White-Head Bogbutton
Lachnocaulon beyrichianum,OBL,,,,,,,,,,Southern Bogbutton
Lachnocaulon digynum,FACW,,,,,,,,,,Pineland Bogbutton
Lachnocaulon engleri,FACW,,,,,,,,,,Engler's Bogbutton
Lachnocaulon minus,OBL,,,OBL,,,,,,,Small's Bogbutton
Lackeya multiflora,FAC,,,FAC,FACU,,,,,,_?_
Lactuca biennis,FACU,FAC,,FACU,FAC,,FAC,FAC,FAC,FACU,Wild Blue Lettuce
Lactuca canadensis,FACU,FACU,,FACU,FACU,,FACU,FACU,FACU,,Canadian Blue Lettuce
Lactuca floridana,FACU,,FACU,FACU,FAC,,FACU,FACU,,,Woodland Lettuce
Lactuca graminifolia,UPL,FAC,,UPL,FAC,,UPL,UPL,FAC,,Grass-Leaf Lettuce
Lactuca ludoviciana,FAC,FAC,,UPL,FACU,,FACU,UPL,FAC,,Louisiana Lettuce
Lactuca saligna,FACU,UPL,,UPL,FACU,,FACU,FACU,FACU,,Willow-Leaf Lettuce
Lactuca serriola,FAC,FACU,,FAC,FAC,,FACU,FACU,FACU,,Prickly Lettuce
Lactuca tatarica,FAC,FAC,,FAC,UPL,,FAC,FAC,FAC,FAC,Russian Blue Lettuce
Laennecia coulteri,FACW,FAC,,,FACW,,,,FAC,,Coulter's Woolwort
Lagenocarpus guianensis,,,OBL,,,,,,,,Burr Sedge
Laguncularia racemosa,OBL,,OBL,,FACW,,,,,,White Mangrove
Lamarckia aurea,,FACU,,,,UPL,,,FACU,,Golden-Top Grass
Landoltia punctata,OBL,OBL,OBL,OBL,OBL,OBL,OBL,OBL,OBL,,Dotted Duckmeat
Lantana camara,FACU,FACU,FACU,FACU,FACU,UPL,,,FACU,,Hedgeflower
Lantana urticoides,FACU,FACU,UPL,FACU,FACU,,,,FACU,,West Indian Shrub-Verbena
Laplacea portoricensis,,,FACW,,,,,,,,Nino-de-Cota
Laportea canadensis,FACW,,,FAC,FAC,,FACW,FACW,,,Canadian Wood-Nettle
Laportea interrupta,,,,,,FACU,,,,,Hawaii Wood-Nettle
Laportea ruderalis,,,,,,FAC,,,,,_?_
Lapsana communis,FAC,FAC,,FACU,FAC,FACU,FACU,FACU,FACU,UPL,Common Nipplewort
Larix laricina,,,,FACW,FACW,,FACW,FACW,,FACW,American Larch
Larix occidentalis,,FACU,,,,,,,FACU,,Western Larch
Lasianthus lanceolatus,,,OBL,,,,,,,,Mata-de-Peo
Lasthenia burkei,,OBL,,,,,,,OBL,,Burke's Goldfields
Lasthenia californica,,FACU,,,,,,UPL,UPL,,California Goldfields
Lasthenia chrysantha,,FAC,,,,,,,FAC,,Alkali-Sink Goldfields
Lasthenia conjugens,,FACW,,,,,,,FACW,,Contra Costa Goldfields
Lasthenia ferrisiae,,OBL,,,,,,,OBL,,Ferris' Goldfields
Lasthenia fremontii,,OBL,,,,,,,OBL,,Fremont's Goldfields
Lasthenia glaberrima,,OBL,,,,,,,OBL,,Smooth Goldfields
Lasthenia glabrata,,FACW,,,,,,,FACW,,Yellow-Ray Goldfields
Lasthenia minor,,FACW,,,,,,FAC,FACW,,Coastal Goldfields
Lasthenia platycarpha,,FACW,,,,,,,FACW,,Alkali Goldfields
Lastreopsis effusa,,,FACU,,,,,,,,False Shield Fern
Lathyrus hirsutus,FAC,FAC,,FAC,FAC,,FACU,FACU,FAC,,Singletary Vetchling
Lathyrus japonicus,FACU,FACU,,FACU,FACU,,FACU,FACU,FACU,FAC,Sea Vetchling
Lathyrus jepsonii,,OBL,,,,,,,OBL,,Delta Vetchling
Lathyrus lanszwertii,,UPL,,,FACU,,,,UPL,,Nevada Vetchling
Lathyrus palustris,OBL,OBL,,FACW,FACW,,FACW,FACW,OBL,OBL,Marsh Vetchling
Lathyrus pratensis,FACU,,,FACU,,,FACU,FACU,UPL,UPL,Meadow Vetchling
Lathyrus pusillus,FAC,FAC,,FAC,FAC,,UPL,,FAC,,Tiny Vetchling
Lathyrus sphaericus,,FACU,,,,,,,FAC,,Grass Vetchling
Lathyrus venosus,FAC,FAC,,FACW,FAC,,FAC,FAC,FAC,FACU,Veiny Vetchling
Layia chrysanthemoides,,FACW,,,,,,,FACW,,Smooth Tidytips
Layia heterotricha,,FAC,,,,,,,FAC,,Pale-Yellow Tidytips
Layia munzii,,FACW,,,,,,,FACW,,Munz's Tidytips
Leandra krugiana,,,FAC,,,,,,,,Pointed-Tip Angle-Flower
Leavenworthia aurea,FACU,,,FACU,FACU,,,,,,Golden Gladecress
Leavenworthia texana,FACU,,,,,,,,,,Texas Golden Gladecress
Leavenworthia torulosa,,,,OBL,,,,,,,Necklace Gladecress
Leavenworthia uniflora,FAC,,,FAC,,,FACU,,,,Michaux's Gladecress
Lechea torreyi,FACU,,,FACU,,,,,,,Sandhill Pinweed
Leersia hexandra,OBL,OBL,OBL,OBL,OBL,,,,OBL,,Southern Cut Grass
Leersia lenticularis,OBL,,,OBL,OBL,,OBL,OBL,,,Catchfly Grass
Leersia oryzoides,OBL,OBL,,OBL,OBL,,OBL,OBL,OBL,,Rice Cut Grass
Leersia virginica,FACW,FACW,,FACW,FACW,,FACW,FACW,FACW,,White Grass
Legenere limosa,,OBL,,,,,,,OBL,,False Venus'-Looking-Glass
Leitneria floridana,OBL,,,,,,,,,,Corkwood
Leitneria pilosa,FACW,,,FACW,,,,,,,Hairy Corkwood
Lemna aequinoctialis,OBL,OBL,OBL,OBL,OBL,OBL,OBL,OBL,OBL,,Lesser Duckweed
Lemna gibba,OBL,OBL,,,OBL,,OBL,OBL,OBL,,Inflated Duckweed
Lemna minor,OBL,OBL,,OBL,OBL,OBL,OBL,OBL,OBL,OBL,Common Duckweed
Lemna minuta,OBL,OBL,OBL,OBL,OBL,,OBL,OBL,OBL,,Least Duckweed
Lemna obscura,OBL,OBL,,OBL,OBL,OBL,OBL,OBL,OBL,,Little Duckweed
Lemna perpusilla,OBL,,OBL,OBL,OBL,OBL,OBL,OBL,,,Minute Duckweed
Lemna trisulca,OBL,OBL,,OBL,OBL,,OBL,OBL,OBL,OBL,Ivy-Leaf Duckweed
Lemna turionifera,OBL,OBL,,OBL,OBL,,OBL,OBL,OBL,OBL,Turion Duckweed
Lemna valdiviana,OBL,OBL,OBL,OBL,OBL,,OBL,OBL,OBL,,Pale Duckweed
Leonotis nepetifolia,FACU,FACU,FACU,FACU,FACU,FACU,,,,,Christmas-Candlestick
Leontodon saxatilis,UPL,FACU,,FACU,FAC,,UPL,UPL,FACU,,Lesser Hawkbit
Lepianthes peltata,FAC,,FACU,,,,,,,,Monkey's-Hand
Lepidaploa borinquensis,,,FAC,,,,,,,,Puerto Rico Longshoot
Lepidaploa sericea,,,FAC,,,,,,,,Longshoot
Lepidium acutidens,,FAC,,,,,,,FACW,,_?_
Lepidium appelianum,FAC,UPL,,FAC,FAC,,UPL,UPL,FACU,,Globe-Pod Pepperwort
Lepidium davisii,,FACW,,,,,,,FACW,,Davis' Pepperwort
Lepidium densiflorum,FACU,UPL,,FAC,FAC,UPL,FAC,FACU,FACU,FACU,Miner's Pepperwort
Lepidium dictyotum,,FAC,,,,,,,FACW,,Alkali Pepperwort
Lepidium flavum,,UPL,,,,,,,FAC,,Yellow Pepperwort
Lepidium latifolium,FAC,FAC,,FAC,FACW,,FACW,FACU,FAC,,Broad-Leaf Pepperwort
Lepidium latipes,,FACW,,,,,,,OBL,,San Diego Pepperwort
Lepidium nitidum,,FAC,,,FAC,,,FAC,FAC,,Shining Pepperwort
Lepidium oxycarpum,,OBL,,,,,,,OBL,,Forked Pepperwort
Lepidium perfoliatum,FACU,FACU,,UPL,FAC,,FAC,FACU,FACU,UPL,Clasping Pepperwort
Lepidium thurberi,,FACU,,,UPL,,,,UPL,,Thurber's Pepperwort
Lepidium virginicum,UPL,FACU,FACU,FACU,FACU,UPL,FACU,FACU,FACU,UPL,Poorman's-Pepperwort
Lepidospartum squamatum,,FACU,,,,,,,FACU,,California Scalebroom
Lepisorus thunbergianus,,,,,,FACU,,,,,Weeping Fern
Leptarrhena pyrolifolia,,FACW,,,,,,,FACW,FACW,Pearleaf
Leptecophylla tameiameiae,,,,,,FAC,,,,,Pukiawe
Leptochloa crinita,FACU,FACU,,,FACU,,,FAC,UPL,,False Rhodes Grass
Leptochloa digitata,OBL,,,,,,,,,,Cane Sprangletop
Leptochloa virgata,FAC,,FACW,,FAC,FAC,,,,,Tropical Sprangletop
Leptosiphon bicolor,,UPL,,,,,,,FACU,,True Babystars
Leptosiphon nuttallii,,FACU,,,FAC,,,,FACU,,Nuttall's Perennial Gily-Flower
Leptospermum morrisonii,,,,,,FAC,,,,,Large-Leaf Yellow Teatree
Leptospermum scoparium,,,,,,FAC,,,,,Broom Teatree
Lepturus repens,,,,,,FACU,,,,,Pacific Island Thintail
Lepuropetalon spathulatum,FACW,,,FACW,FACW,,,,,,Petiteplant
Lespedeza angustifolia,FAC,,,FAC,,,,FAC,,,Narrow-Leaf Bush-Clover
Lespedeza capitata,FACU,,,FACU,UPL,,FACU,FACU,,,Round-Head Bush-Clover
Lespedeza cuneata,FACU,,,FACU,FACU,FACU,UPL,UPL,,,Chinese Bush-Clover
Lespedeza leptostachya,,,,,,,FACU,FACU,,,Prairie Lespedeza
Leucaena leucocephala,FACU,FACU,FACU,,FACU,UPL,,,,,White Leadtree
Leucanthemum vulgare,UPL,UPL,,UPL,UPL,UPL,UPL,UPL,FACU,UPL,Ox-Eye Daisy
Leucospora multifida,OBL,FACW,,OBL,FACW,,FACW,FACW,,,Narrow-Leaf Paleseed
Leucothoe axillaris,FACW,,,FACW,,,,FACW,,,Coastal Doghobble
Leucothoe davisiae,,FACW,,,,,,,FACW,,Sierran Doghobble
Leucothoe fontanesiana,FACW,,,FACW,,,FACW,FACW,,,Highland Doghobble
Lewisia brachycalyx,,FACU,,,,,,,FACU,,Short-Sepal Bitter-Root
Lewisia cantelovii,,OBL,,,,,,,OBL,,Cantelow's Bitter-Root
Lewisia pygmaea,,FACU,,,FACU,,,,FACU,,Alpine Bitter-Root
Leymus arenarius,,,,,,,FACU,FACU,,,European Lyme Grass
Leymus cinereus,,FAC,,,UPL,,UPL,,FAC,,Great Basin Lyme Grass
Leymus condensatus,,FACU,,,FACU,,,,FACU,,Giant Lyme Grass
Leymus mollis,,FACU,,,,,FACU,FACU,FACU,FAC,American Lyme Grass
Leymus simplex,,FAC,,,,,,,,,Alkali Wildrye
Leymus triticoides,,FAC,,,FAC,UPL,,,FAC,,Beardless Lyme Grass
Liatris acidota,FACW,,,,FAC,,,,,,Sharp Gayfeather
Liatris garberi,FACW,,,,,,,,,,Garber's Gayfeather
Liatris gracilis,FACU,,,FACU,,,,,,,Slender Gayfeather
Liatris lancifolia,,FAC,,,FAC,,FACW,,FAC,,Lance-Leaf Gayfeather
Liatris ligulistylis,,FAC,,FACU,FAC,,FACU,FACU,FAC,,Strap-Style Gayfeather
Liatris pycnostachya,FACU,,,FACU,FAC,,FAC,FAC,,,Cat-Tail Gayfeather
Liatris scariosa,UPL,,,FACU,,,UPL,UPL,,,Devil's-Bite
Liatris spicata,FAC,,,FAC,,,FAC,FAC,,,Dense Gayfeather
Ligusticum canadense,FAC,,,FAC,,,FAC,,,,Canadian Wild Lovage
Ligusticum canbyi,,FAC,,,,,,,FAC,,Canby's Wild Lovage
Ligusticum grayi,,FAC,,,,,,,FAC,,Sheep Wild Lovage
Ligusticum porteri,,FACU,,,FAC,,,,FACU,,Porter's Wild Lovage
Ligusticum scoticum,,,,,,,,FAC,,FAC,Scot's Lovage
Ligusticum tenuifolium,,FACW,,,FAC,,,,FACW,,Slender-Leaf Wild Lovage
Ligusticum verticillatum,,FACW,,,,,,,FACW,,Idaho Wild Lovage
Ligustrum japonicum,FAC,FACU,UPL,UPL,UPL,,,,UPL,,Japanese Privet
Ligustrum lucidum,FAC,,,,FACU,FAC,,,,,Glossy Privet
Ligustrum sinense,FAC,,UPL,FACU,UPL,FACU,FACU,FACU,,,Chinese Privet
Ligustrum vulgare,UPL,UPL,,FACU,FACU,,FACU,FACU,FACU,,European Privet
Lilaeopsis carolinensis,OBL,,,OBL,,,,,,,Carolina Grasswort
Lilaeopsis chinensis,OBL,,,OBL,,,,OBL,,,Eastern Grasswort
Lilaeopsis masonii,,OBL,,,,,,,,,Mason's Grasswort
Lilaeopsis occidentalis,,OBL,,,,,,,OBL,OBL,Western Grasswort
Lilaeopsis schaffneriana,,OBL,,,,,,,,,Schaffner's Grasswort
Lilium bolanderi,,FACW,,,,,,,FACW,,Thimble Lily
Lilium canadense,FAC,,,FAC,,,FAC,FAC,,,Canadian Lily
Lilium catesbaei,FACW,,,FACW,,,,,,,Southern Red Lily
Lilium grayi,,,,FACU,,,,,,,Gray's Lily
Lilium kelleyanum,,OBL,,,,,,,OBL,,Kelley's Lily
Lilium kelloggii,,,,,,,,,FAC,,Kellogg's Tiger Lily
Lilium maritimum,,FACW,,,,,,,FACW,,Coastal Lily
Lilium michauxii,FAC,,,FAC,,,,,,,Carolina Lily
Lilium michiganense,FACW,,,FACW,FACW,,FACW,FACW,,,Michigan Lily
Lilium occidentale,,,,,,,,,FACW,,Eureka Lily
Lilium pardalinum,,FACW,,,,,,,FACW,,Leopard Lily
Lilium parryi,,OBL,,,,,,,,,Lemon Lily
Lilium parvum,,OBL,,,,,,,OBL,,Sierran Tiger Lily
Lilium philadelphicum,FACU,FAC,,FACU,FACU,,FAC,FAC,FAC,,Wood Lily
Lilium pyrophilum,OBL,,,OBL,,,,,,,Sandhills Lily
Lilium superbum,FACW,,,FACW,,,FACW,FACW,,,Turk's-Cap Lily
Limnanthes alba,,FACW,,,,,,,FACW,,White Meadowfoam
Limnanthes bakeri,,OBL,,,,,,,OBL,,Baker's Meadowfoam
Limnanthes douglasii,,OBL,,,,,,,OBL,,Douglas' Meadowfoam
Limnanthes floccosa,,OBL,,,,,,,OBL,,Woolly Meadowfoam
Limnanthes montana,,OBL,,,,,,,OBL,,Mountain Meadowfoam
Limnanthes pumila,,OBL,,,,,,,OBL,,_?_
Limnanthes vinculans,,OBL,,,,,,,OBL,,Cunningham Marsh Meadowfoam
Limnobium laevigatum,,,OBL,,,,,,,,West Indian Spongeplant
Limnobium spongia,OBL,OBL,,OBL,OBL,,OBL,OBL,OBL,,American Spongeplant
Limnophila X ludoviciana,OBL,OBL,,,,,,,OBL,,_?_
Limnophila chinensis,OBL,,,,,,,,,,Rice Paddy Herb
Limnophila fragrans,,,,,,OBL,,,,,_?_
Limnophila indica,OBL,,,,,OBL,,,,,Indian Marshweed
Limnophila sessiliflora,OBL,,,,OBL,OBL,,,,,Asian Marshweed
Limnosciadium pinnatum,FACW,,,FACW,FACW,,FACW,,,,Tansy Dogshade
Limnosciadium pumilum,OBL,,,OBL,FACW,,,,,,Prairie Dogshade
Limonium binervosum,,FAC,,,,,,,,,Rock Sea-Lavender
Limonium brassicifolium,,FAC,,,,,,,,,Tree Sea-Lavender
Limonium californicum,,FACW,,,,,,,OBL,,Marsh-Rosemary
Limonium carolinianum,OBL,,,OBL,OBL,,,OBL,,,Carolina Sea-Lavender
Limonium limbatum,,FACW,,,FACW,,,,FACW,,Trans-Pecos Sea-Lavender
Limonium ramosissimum,,FACW,,,,,,,,,Algerian Sea-Lavender
Limonium sinuatum,,FACW,,,,,FACW,,FACW,,Wavy-Leaf Sea-Lavender
Limosella acaulis,,OBL,,,OBL,,,,OBL,,Owyhee Mudwort
Limosella aquatica,,OBL,,,OBL,,OBL,OBL,OBL,OBL,Awl-Leaf Mudwort
Limosella australis,OBL,OBL,,OBL,,,,OBL,,,Welsh Mudwort
Limosella pubiflora,,OBL,,,,,,,,,Chiricahua Mountain Mudwort
Lindera benzoin,FACW,,,FAC,FACW,,FACW,FACW,,,Northern Spicebush
Lindera melissifolia,FACW,,,OBL,,,,,,,Southern Spicebush
Lindera subcoriacea,OBL,,,OBL,,,,,,,Bog Spicebush
Lindernia antipoda,FACW,,,,,FACW,,,,,Sparrow False Pimpernel
Lindernia crustacea,FACU,,FAC,FACU,,FACW,,,,,Malaysian False Pimpernel
Lindernia diffusa,,,FACW,,,,,,,,Spreading False Pimpernel
Lindernia dubia,OBL,OBL,OBL,OBL,OBL,,OBL,OBL,OBL,,Yellow-Seed False Pimpernel
Lindernia grandiflora,OBL,,,,,,,,,,Savannah False Pimpernel
Lindernia monticola,OBL,,,OBL,,,,,,,Piedmont False Pimpernel
Lindernia procumbens,FACW,,,FACW,,FACW,,FACW,,,Prostrate False Pimpernel
Lindsaea ensifolia,,,,,,FACU,,,,,Graceful Necklace Fern
Lindsaea portoricensis,,,FACW,,,,,,,,Puerto Rico Necklace Fern
Lindsaea repens,,,,,,FAC,,,,,Creeping Necklace Fern
Lindsaea stricta,,,FACW,,,,,,,,Small-Stalk Necklace Fern
Linnaea borealis,,FACU,,FAC,FACU,,FAC,FAC,FACU,FACU,American Twinflower
Linum arenicola,OBL,,,,,,,,,,Sand Flax
Linum carteri,FACW,,,,,,,,,,Carter's Flax
Linum floridanum,FAC,,,FAC,,,FAC,FAC,,,Florida Yellow Flax
Linum intercursum,FACU,,,FACU,,,FACU,FACU,,,Sandplain Flax
Linum medium,FAC,,,FACU,FAC,,FACU,FACU,,,Stiff Yellow Flax
Linum striatum,FACW,,,FACW,FACW,,FACW,FACW,,,Ridged Yellow Flax
Linum virginianum,FAC,,,FACU,FAC,,FAC,FAC,,,Woodland Flax
Linum westii,OBL,,,,,,,,,,West's Flax
Liparis guamensis,,,,,,FACW,,,,,_?_
Liparis hawaiensis,,,,,,FAC,,,,,Hawaii Wide-Lip Orchid
Liparis liliifolia,FACU,,,FACU,,,FACU,FACU,,,Brown Wide-Lip Orchid
Liparis loeselii,FACW,FACW,,FACW,OBL,,FACW,FACW,FACW,,Yellow Wide-Lip Orchid
Liparis nervosa,OBL,,FACW,,,,,,,,Pantropical Wide-Lip Orchid
Lipocarpha aristulata,FACW,FACW,,FACW,FACW,,OBL,,FACW,,Awned Halfchaff Sedge
Lipocarpha drummondii,OBL,FACW,,OBL,FACW,,FACW,FACW,FACW,,Drummond's Halfchaff Sedge
Lipocarpha maculata,FACW,,,OBL,,,OBL,,,,American Halfchaff Sedge
Lipocarpha micrantha,FACW,OBL,OBL,FACW,FACW,,OBL,OBL,OBL,,Small-Flower Halfchaff Sedge
Lipocarpha occidentalis,,FACW,,,,,,,FACW,,Western Halfchaff Sedge
Lipochaeta remyi,,,,,,FACU,,,,,Annual Nehe
Lipochaeta succulenta,,,,,,FAC,,,,,Seaside Nehe
Lippia alba,FAC,,FAC,,FAC,,,,,,Bushy Mat-Grass
Liquidambar styraciflua,FAC,FAC,,FAC,FAC,,FACW,FAC,FAC,,Sweet-Gum
Liriodendron tulipifera,FACU,,,FACU,FACU,,FACU,FACU,,,Tuliptree
Lisianthus laxiflorus,,,FACW,,,,,,,,Campanilla-Amarilla
Lithachne pauciflora,,,FACU,,,,,,,,Diente-de-Perro
Lithophila muscoides,,,FAC,,,,,,,,Talustuft
Litsea aestivalis,OBL,,,OBL,,,,,,,Pondspice
Littorella americana,,,,OBL,,,,OBL,,,American Shoreweed
Livistona chinensis,FACU,,UPL,,,FACU,,,,,Chinese Fountain Palm
Lloydia serotina,,FACU,,,FACU,,,,FACU,FACU,Common Alp-Lily
Lobelia amoena,OBL,,,OBL,,,,,,,Southern Lobelia
Lobelia anatina,,FACW,,,FACW,,,,FACW,,Apache Lobelia
Lobelia appendiculata,FAC,,,FAC,FAC,,FAC,,,,Pale Lobelia
Lobelia berlandieri,FAC,FAC,,,FAC,,,,,,Berlandier's Lobelia
Lobelia boykinii,OBL,,,OBL,,,,,,,Boykin's Lobelia
Lobelia brevifolia,FAC,,,FAC,,,,,,,Short-Leaf Lobelia
Lobelia canbyi,OBL,,,OBL,,,,,,,Canby's Lobelia
Lobelia cardinalis,FACW,OBL,,FACW,FACW,,OBL,OBL,FACW,,Cardinal-Flower
Lobelia cliffortiana,,,FAC,,,,,,,,Cardenala-Azul
Lobelia dortmanna,,OBL,,OBL,,,OBL,OBL,OBL,OBL,Water Lobelia
Lobelia dunbarii,,,,,,FAC,,,,,Waihanau Lobelia
Lobelia elongata,OBL,,,OBL,,,,,,,Long-Leaf Lobelia
Lobelia feayana,FACW,,,,,,,,,,Bay Lobelia
Lobelia fenestralis,,FACU,,,FAC,,,,,,Fringe-Leaf Lobelia
Lobelia flaccidifolia,OBL,,,OBL,FACW,,,,,,Fold-Ear Lobelia
Lobelia floridana,OBL,,,,,,,,,,Florida Lobelia
Lobelia gattingeri,,,,FAC,,,,,,,Gattinger's Lobelia
Lobelia gaudichaudii,,,,,,FACW,,,,,Koolau Range Lobelia
Lobelia glandulosa,OBL,,,OBL,,,,,,,Glade Lobelia
Lobelia gloria-montis,,,,,,OBL,,,,,Bog Lobelia
Lobelia grayana,,,,,,FACU,,,,,Haleakala Lobelia
Lobelia hillebrandii,,,,,,FACU,,,,,Maui Lobelia
Lobelia homophylla,FAC,,,,,,,,,,Pineland Lobelia
Lobelia hypoleuca,,,,,,FAC,,,,,Kuhi'aikamo'owahie
Lobelia inflata,FAC,,,FACU,FAC,,FACU,FACU,,,Indian-Tobacco
Lobelia kalmii,,OBL,,OBL,OBL,,OBL,OBL,OBL,,Brook Lobelia
Lobelia kauaensis,,,,,,OBL,,,,,Lava Lobelia
Lobelia koolauensis,,,,,,FACW,,,,,_?_
Lobelia nuttallii,FACW,,,FACW,,,,FACW,,,Nuttall's Lobelia
Lobelia oahuensis,,,,,,FACW,,,,,Oahu Lobelia
Lobelia paludosa,OBL,,,,,,,,,,White Lobelia
Lobelia portoricensis,,,OBL,,,,,,,,Tibey-Tupa
Lobelia puberula,FACW,,,FACW,FACW,,FACW,FACW,,,Downy Lobelia
Lobelia robusta,,,FACW,,,,,,,,Robust Lobelia
Lobelia rotundifolia,,,OBL,,,,,,,,Cerro-de-Punta
Lobelia siphilitica,OBL,,,FACW,OBL,,OBL,FACW,OBL,,Great Blue Lobelia
Lobelia spicata,FAC,,,FAC,FAC,,FAC,FAC,FAC,,Pale-Spike Lobelia
Lobelia villosa,,,,,,FACW,,,,,Alakai Swamp Lobelia
Loiseleuria procumbens,,FACW,,,,,,FACW,FACW,FACU,Alpine-Azalea
Lolium perenne,FACU,FAC,FAC,FACU,FACU,FACU,FACU,FACU,FAC,FACU,Perennial Rye Grass
Lomagramma guianensis,,,FACW,,,,,,,,Guiana Fern
Lomariopsis amydrophlebia,,,OBL,,,,,,,,Royal Fringed Fern
Lomariopsis kunzeana,FAC,,UPL,,,,,,,,Holly-Leaf Fringed Fern
Lomatium bicolor,,FACU,,,UPL,,,,FACU,,Wasatch Desert-Parsley
Lomatium bradshawii,,,,,,,,,FACW,,Bradshaw's Desert-Parsley
Lomatium caruifolium,,FACW,,,,,,,FACW,,Alkali Desert-Parsley
Lomatium cookii,,OBL,,,,,,,FACW,,Agate Desert-Parsley
Lomatium nudicaule,,UPL,,,,,,,FACU,,Indian-Consumption-Plant
Lomatogonium rotatum,,OBL,,,OBL,,,OBL,OBL,OBL,Marsh-Felwort
Lonchitis hirsuta,,,OBL,,,,,,,,Tomato Fern
Lonchocarpus heptaphyllus,,,FAC,,,,,,,,Savonette
Lonchocarpus sericeus,,,FACW,,,,,,,,Geno-Geno
Lonicera X bella,UPL,FACU,,FACU,FACU,,FACU,FACU,FACU,,_?_
Lonicera canadensis,FACU,,,FACU,FACU,,FACU,FACU,,,American Fly-Honeysuckle
Lonicera cauriana,,FAC,,,FAC,,,,FAC,,Sweet-Berry Honeysuckle
Lonicera conjugialis,,FAC,,,,,,,FAC,,Purple-Flower Honeysuckle
Lonicera dioica,FACU,,,FACU,FACU,,FACU,FACU,FACU,,Limber Honeysuckle
Lonicera hirsuta,,,,FAC,FAC,,FAC,FAC,,,Hairy Honeysuckle
Lonicera hispidula,,FACU,,,,,,,FACU,,Pink Honeysuckle
Lonicera involucrata,,FAC,,,FACU,,,FACU,FAC,FACU,Four-Line Honeysuckle
Lonicera japonica,FACU,FACU,FAC,FACU,FACU,UPL,FACU,FACU,FAC,,Japanese Honeysuckle
Lonicera morrowii,FACU,UPL,,FACU,UPL,,FACU,FACU,UPL,,Morrow's Honeysuckle
Lonicera oblongifolia,OBL,,,OBL,OBL,,OBL,OBL,,,Swamp Fly-Honeysuckle
Lonicera sempervirens,FACU,,,FACU,FAC,,FACU,FACU,,,Trumpet Honeysuckle
Lonicera tatarica,FACU,UPL,,FACU,FACU,,FACU,FACU,FACU,UPL,Twinsisters
Lonicera utahensis,,FAC,,,FACU,,,,FAC,,Rocky Mountain Honeysuckle
Lonicera villosa,,,,FACW,FACW,,FACW,FACW,,,Mountain Fly-Honeysuckle
Lophiola aurea,OBL,,,,,,,,,,Goldencrest
Lophosoria quadripinnata,,,FACW,,,,,,,,Diamond-Leaf Fern
Lorandersonia linifolia,,FAC,,,,,,,FAC,,Spear-Leaf False Geesewood
Lotus corniculatus,FACU,FAC,,FACU,FACU,,FACU,FACU,FAC,,Garden Bird's-Foot-Trefoil
Lotus tenuis,FACU,FACU,,FACU,FACU,,FACU,FACU,FACU,,Narrow-Leaf Bird's-Foot-Trefoil
Lotus uliginosus,FACU,FACU,,,,FACU,,,FAC,,Large Bird's-Foot-Trefoil
Lucya tetrandra,,,FAC,,,,,,,,False Bluet
Ludwigia alata,OBL,,,,,,,,,,Winged Primrose-Willow
Ludwigia alternifolia,OBL,,,FACW,OBL,,OBL,OBL,,,Seedbox
Ludwigia arcuata,OBL,,,OBL,,,,,,,Pond Primrose-Willow
Ludwigia bonariensis,OBL,,,OBL,,,,,,,Carolina Primrose-Willow
Ludwigia brevipes,OBL,,,OBL,,,,,,,Long Beach Primrose-Willow
Ludwigia curtissii,OBL,,,,,,,,,,Curtiss' Primrose-Willow
Ludwigia decurrens,OBL,,OBL,OBL,OBL,,OBL,OBL,,,Wing-Leaf Primrose-Willow
Ludwigia erecta,OBL,,OBL,,,,,,,,Yerba-de-Jicotea
Ludwigia glandulosa,OBL,,,OBL,OBL,,OBL,,,,Cylindric-Fruit Primrose-Willow
Ludwigia grandiflora,OBL,OBL,,OBL,OBL,,,OBL,OBL,,Large-Flower Primrose-Willow
Ludwigia hirtella,FACW,,,OBL,OBL,,,,,,Spindleroot
Ludwigia hyssopifolia,,,,,,FACW,,,,,_?_
Ludwigia lanceolata,OBL,,,,,,,,,,Lance-Leaf Primrose-Willow
Ludwigia leptocarpa,OBL,,OBL,OBL,OBL,,OBL,,,,Angle-Stem Primrose-Willow
Ludwigia linearis,OBL,,,OBL,OBL,,,,,,Narrow-Leaf Primrose-Willow
Ludwigia linifolia,OBL,,,,,,,,,,Southeastern Primrose-Willow
Ludwigia maritima,FACW,,,FACW,,,,,,,Seaside Primrose-Willow
Ludwigia microcarpa,OBL,,,OBL,,,,,,,Small-Fruit Primrose-Willow
Ludwigia octovalvis,OBL,OBL,OBL,OBL,OBL,OBL,,,,,Mexican Primrose-Willow
Ludwigia palustris,OBL,OBL,OBL,OBL,OBL,OBL,OBL,OBL,OBL,,Marsh Primrose-Willow
Ludwigia peploides,OBL,OBL,OBL,OBL,OBL,,OBL,OBL,OBL,,Floating Primrose-Willow
Ludwigia peruviana,OBL,,OBL,OBL,OBL,,,,,,Peruvian Primrose-Willow
Ludwigia pilosa,OBL,,,OBL,OBL,,,,,,Hairy Primrose-Willow
Ludwigia polycarpa,OBL,OBL,,OBL,OBL,,OBL,OBL,OBL,,Many-Fruit Primrose-Willow
Ludwigia ravenii,OBL,,,,,,,,,,Raven's Primrose-Willow
Ludwigia repens,OBL,OBL,OBL,OBL,OBL,,OBL,,OBL,,Creeping Primrose-Willow
Ludwigia spathulata,OBL,,,OBL,,,,,,,Spoon Primrose-Willow
Ludwigia sphaerocarpa,OBL,,,OBL,OBL,,OBL,OBL,,,Globe-Fruit Primrose-Willow
Ludwigia suffruticosa,OBL,,,OBL,,,,,,,Shrubby Primrose-Willow
Ludwigia virgata,OBL,,,OBL,,,,,,,Savannah Primrose-Willow
Luetkea pectinata,,FACU,,,,,,,FACU,UPL,Partridgefoot
Lumnitzera littorea,,,,,,OBL,,,,,_?_
Lunania ekmanii,,,FACW,,,,,,,,Mendrina
Lupinus arcticus,,FACU,,,,,,,FACU,FACU,Arctic Lupine
Lupinus covillei,,FACU,,,,,,,FACU,,Shaggy Lupine
Lupinus hybridus,,,,,,FACW,,,,,Hybrid Lupine
Lupinus kingii,,UPL,,,FAC,,,,UPL,,King's Lupine
Lupinus latifolius,,FACW,,,FAC,,,,FAC,,Broad-Leaf Lupine
Lupinus nootkatensis,,,,,,,,,,FACU,Nootka Lupine
Lupinus padre-crowleyi,,FACU,,,,,,,FACU,,Father Crowley's Lupine
Lupinus polyphyllus,FAC,FAC,,FAC,,,FACU,FACU,FAC,FAC,Blue-Pod Lupine
Lupinus prunophilus,,FACU,,,FACU,,,,FACU,,Hairy Big-Leaf Lupine
Lupinus rivularis,,FACU,,,,,,,FAC,,River-Bank Lupine
Luziola bahiensis,OBL,,,,,,,,,,Brazilian Water Grass
Luziola fluitans,OBL,,,OBL,OBL,,,,,,Southern Water Grass
Luziola peruviana,FACW,,,,,,,,,,Peruvian Water Grass
Luzula acuminata,FACU,,,FAC,FAC,,FACU,FACU,FAC,,Hairy Wood-Rush
Luzula arcuata,,UPL,,,FACU,,,,UPL,FACU,Curved Wood-Rush
Luzula bulbosa,FACU,,,FACU,FACU,,FACU,FACU,,,Bulbous Wood-Rush
Luzula campestris,,,,,,,,FAC,FAC,,Field Wood-Rush
Luzula comosa,,FAC,,,FAC,,,,FAC,FAC,Pacific Wood-Rush
Luzula confusa,,,,,,,,FAC,,FAC,Northern Wood-Rush
Luzula congesta,,,,,,,,FAC,,,Heath Wood-Rush
Luzula echinata,FAC,,,FACU,FAC,,FACU,FACU,,,Hedgehog Wood-Rush
Luzula groenlandica,,,,,,,,,,FACW,Greenland Wood-Rush
Luzula hawaiiensis,,,,,,FACU,,,,,Hawaii Wood-Rush
Luzula multiflora,FACU,FACU,,FACU,FAC,,FACU,FACU,FACU,FACU,Common Wood-Rush
Luzula nivalis,,,,,,,,,,FAC,Arctic Wood-Rush
Luzula pallidula,,,,,,,,FAC,,,Pale European Wood-Rush
Luzula parviflora,,FAC,,,UPL,,,FAC,FAC,FAC,Small-Flower Wood-Rush
Luzula rufescens,,,,,,,,,,FACW,Rufous Wood-Rush
Luzula spicata,,FACU,,,FACU,,,UPL,FACU,FACU,Spiked Wood-Rush
Luzula subcapitata,,OBL,,,OBL,,,,OBL,,Colorado Wood-Rush
Luzula subcongesta,,FACW,,,,,,,FACW,,Donner Wood-Rush
Luzula wahlenbergii,,,,,,,,,,OBL,Wahlenberg's Wood-Rush
Lycium carolinianum,FACW,,,,FACW,,,,,,Carolina Desert-Thorn
Lycium sandwicense,,,,,,FACU,,,,,Hawaii Desert-Thorn
Lycium torreyi,,FAC,,,FAC,,,,FACU,,Squawthorn
Lycopodiella X copelandii,FACW,,,FACW,,,,FACW,,,_?_
Lycopodiella alopecuroides,OBL,,,FACW,OBL,,,FACW,,,Fox-Tail Club-Moss
Lycopodiella appressa,OBL,,,FACW,OBL,,FACW,FACW,,,Southern Appressed Club-Moss
Lycopodiella inundata,OBL,OBL,,OBL,,,OBL,OBL,OBL,OBL,Northern Bog Club-Moss
Lycopodiella margueritae,,,,FACW,,,FACW,FACW,,,Prostrate Club-Moss
Lycopodiella prostrata,OBL,,,OBL,OBL,,,,,,Feather-Stem Club-Moss
Lycopodiella subappressa,,,,,,,FACW,FACW,,,Northern Appressed Club-Moss
Lycopodium clavatum,FAC,FAC,FAC,FAC,,,FAC,FAC,FAC,FACU,Running Ground-Pine
Lycopodium lagopus,,FACU,,FACU,,,FAC,FACU,FACU,FACU,Single-Cone Ground-Pine
Lycopodium venustulum,,,,,,FACU,,,,,Hair-Tip Ground-Pine
Lycopus X sherardii,OBL,,,OBL,OBL,,OBL,OBL,,,_?_
Lycopus americanus,OBL,OBL,,OBL,OBL,,OBL,OBL,OBL,OBL,Cut-Leaf Water-Horehound
Lycopus amplectens,OBL,,,OBL,,,OBL,OBL,,,Clasping Water-Horehound
Lycopus asper,,OBL,,,OBL,,OBL,OBL,OBL,OBL,Rough Water-Horehound
Lycopus cokeri,OBL,,,OBL,,,,,,,Carolina Water-Horehound
Lycopus europaeus,OBL,,,OBL,,,OBL,OBL,,,Gypsywort
Lycopus rubellus,OBL,,,OBL,OBL,,OBL,OBL,OBL,,Taper-Leaf Water-Horehound
Lycopus uniflorus,OBL,OBL,,OBL,OBL,,OBL,OBL,OBL,OBL,Northern Water-Horehound
Lycopus virginicus,OBL,,,OBL,OBL,,OBL,OBL,,,Virginia Water-Horehound
Lygodium auriculatum,,,,,,FAC,,,,,_?_
Lygodium japonicum,FAC,,FACU,FAC,FACW,FACU,,FAC,,,Japanese Climbing Fern
Lygodium microphyllum,FACW,,,,,UPL,,,,,Old World Climbing Fern
Lygodium palmatum,FACW,,,FACW,,,FACW,FACW,,,American Climbing Fern
Lyonia ferruginea,FACU,,,,,,,,,,Rusty Staggerbush
Lyonia fruticosa,FACW,,,,,,,,,,Coastal-Plain Staggerbush
Lyonia ligustrina,FACW,,,FACW,FACW,,FACW,FACW,,,Maleberry
Lyonia lucida,FACW,,,FACW,,,,,,,Shinyleaf
Lyonia mariana,FAC,,,FAC,FAC,,,FAC,,,Piedmont Staggerbush
Lysichiton americanus,,OBL,,,,,,,OBL,OBL,Yellow-Skunk-Cabbage
Lysiloma watsonii,,FACU,,,,,,,,,Little-Leaf False Tamarind
Lysimachia X producta,FAC,,,FAC,,,FAC,FAC,,,_?_
Lysimachia arvensis,FACU,FAC,UPL,UPL,FACU,FACU,FACU,FACU,FAC,,Scarlet Yellow-Loosestrife
Lysimachia asperulifolia,OBL,,,OBL,,,,,,,Rough-Leaf Yellow-Loosestrife
Lysimachia ciliata,FACW,FACW,,FACW,FACW,,FACW,FACW,FACW,FACW,Fringed Yellow-Loosestrife
Lysimachia daphnoides,,,,,,OBL,,,,,Lehua Makanoe
Lysimachia filifolia,,,,,,FAC,,,,,Narrow-Leaf Island-Loosestrife
Lysimachia forbesii,,,,,,FACU,,,,,Castle Trail Island-Loosestrife
Lysimachia fraseri,FAC,,,FAC,,,,,,,Fraser's Yellow-Loosestrife
Lysimachia glutinosa,,,,,,FACU,,,,,Kokee Island-Loosestrife
Lysimachia hillebrandii,,,,,,FAC,,,,,Puahekili
Lysimachia hybrida,OBL,OBL,,OBL,OBL,,OBL,OBL,OBL,,Lowland Yellow-Loosestrife
Lysimachia iniki,,,,,,FAC,,,,,Wailua River Island-Loosestrife
Lysimachia lanceolata,FAC,,,FAC,FAC,,FAC,FAC,,,Lance-Leaf Yellow-Loosestrife
Lysimachia loomisii,OBL,,,OBL,,,,,,,Loomis' Yellow-Loosestrife
Lysimachia maritima,OBL,FACW,,FAC,OBL,,OBL,OBL,OBL,OBL,Sea-Milkwort
Lysimachia mauritiana,,,,,,FAC,,,,,Spoon-Leaf Island-Loosestrife
Lysimachia minima,FACW,FACW,,FACW,FACW,,FACW,FACU,FACW,,Chaffweed
Lysimachia nummularia,FACW,FACW,,FACW,FACW,,FACW,FACW,FACW,,Creeping-Jenny
Lysimachia ovoidea,,,,,,FACU,,,,,Wainiha Valley Island-Loosestrife
Lysimachia pendens,,,,,,FACW,,,,,Broad-Leaf Island-Loosestrife
Lysimachia pumila,FACW,,,,,,,,,,Florida Yellow-Loosestrife
Lysimachia punctata,OBL,OBL,,OBL,,,OBL,OBL,OBL,OBL,Large Yellow-Loosestrife
Lysimachia quadriflora,OBL,,,FACW,FACW,,OBL,OBL,,,Four-Flower Yellow-Loosestrife
Lysimachia quadrifolia,FACU,,,FACU,,,FACU,FACU,,,Whorled Yellow-Loosestrife
Lysimachia radicans,OBL,,,OBL,FACW,,OBL,,,,Trailing Yellow-Loosestrife
Lysimachia remyi,,,,,,FACW,,,,,Rockface Island-Loosestrife
Lysimachia terrestris,OBL,OBL,,OBL,OBL,,OBL,OBL,OBL,,Swampcandles
Lysimachia thyrsiflora,OBL,OBL,,OBL,OBL,,OBL,OBL,OBL,OBL,Tufted Yellow-Loosestrife
Lysimachia venosa,,,,,,OBL,,,,,Veiny Island-Loosestrife
Lysimachia vulgaris,FAC,FACW,,FAC,,,FACW,FACW,FACW,,Garden Yellow-Loosestrife
Lythrum alatum,OBL,OBL,,FACW,OBL,,OBL,OBL,OBL,,Wing-Angle Loosestrife
Lythrum californicum,OBL,OBL,,OBL,OBL,,OBL,,OBL,,California Loosestrife
Lythrum curtissii,OBL,,,,,,,,,,Curtiss' Loosestrife
Lythrum flagellare,OBL,,,,,,,,,,Florida Loosestrife
Lythrum hyssopifolium,OBL,OBL,,OBL,,,OBL,OBL,OBL,,Hyssop Loosestrife
Lythrum lineare,OBL,,,OBL,,,,OBL,,,Saltmarsh Loosestrife
Lythrum maritimum,,,,,,FAC,,,,,Pukamole
Lythrum ovalifolium,,,,,FACW,,,,,,Low Loosestrife
Lythrum portula,,OBL,,,,,,OBL,OBL,,Spatula-Leaf Loosestrife
Lythrum salicaria,OBL,OBL,,FACW,OBL,,OBL,OBL,OBL,OBL,Purple Loosestrife
Lythrum tribracteatum,,OBL,,,,,,,OBL,,Three-Bract Loosestrife
Macaranga mappa,,,,,,FAC,,,,,Pengua
Macbridea alba,FACW,,,,,,,,,,White Birds-in-a-Nest
Macbridea caroliniana,OBL,,,OBL,,,,,,,Carolina Birds-in-a-Nest
Machaerina angustifolia,,,,,,FAC,,,,,Polynesian Twig-Rush
Machaerina mariscoides,,,,,,FAC,,,,,Tropical Twig-Rush
Machaerina restioides,,,OBL,,,,,,,,Forest Twig-Rush
Machaerium lunatum,,,OBL,,,,,,,,Palo-de-Hoz
Maclura pomifera,FACU,UPL,,UPL,FACU,,FACU,FACU,UPL,,Osage-Orange
Macranthera flammea,OBL,,,OBL,,,,,,,Flameflower
Macroptilium atropurpureum,FACU,FACU,UPL,,FACU,FAC,,,,,Purple Bush-Bean
Macroptilium lathyroides,FACU,,FACU,FACU,,FACU,,,,,Wild Bush-Bean
Macrothelypteris torresiana,FACW,,FACU,FAC,,FACU,FACU,,,,False Maiden Fern
Madia glomerata,FACU,FACU,,FACU,FACU,,FACU,FACU,FACU,UPL,Mountain Tarplant
Magnolia acuminata,FACU,,,FACU,FACU,,FACU,FACU,,,Cucumber-Tree
Magnolia ashei,FACU,,,FACU,,,,,,,Ashe's Magnolia
Magnolia champaca,,,,,,FACU,,,,,Joy Perfume Tree
Magnolia fraseri,,,,FACU,,,,FACU,,,Fraser's Magnolia
Magnolia grandiflora,FAC,,UPL,FACU,FAC,,,,,,Southern Magnolia
Magnolia portoricensis,,,FACU,,,,,,,,Puerto Rico Magnolia
Magnolia splendens,,,FACW,,,,,,,,Laurel Magnolia
Magnolia tripetala,FACU,,,FACU,FAC,,FACU,FACU,,,Umbrella Magnolia
Magnolia virginiana,FACW,,,FACW,OBL,,,FACW,,,Sweet-Bay
Mahonia aquifolium,UPL,UPL,,UPL,UPL,,UPL,UPL,FACU,,Holly-Leaf Oregon-Grape
Mahonia nervosa,FACU,FACU,,FACU,,,,,FACU,,Cascade Oregon-Grape
Maianthemum canadense,FAC,,,FAC,FACU,,FAC,FACU,FACU,,False Lily-of-the-Valley
Maianthemum dilatatum,,FAC,,,,,,,FAC,FAC,Two-Leaf False Solomon's-Seal
Maianthemum racemosum,FACU,FAC,,FACU,FAC,,FACU,FACU,FAC,FAC,Feathery False Solomon's-Seal
Maianthemum stellatum,FACU,FACU,,FACW,FACU,,FAC,FAC,FAC,FAC,Starry False Solomon's-Seal
Maianthemum trifolium,,,,OBL,OBL,,OBL,OBL,,,Three-Leaf False Solomon's-Seal
Malachra alceifolia,,,FAC,,,FAC,,,,,Yellow Leafbract
Malachra capitata,UPL,,FACU,,FACU,FACU,,,,,Malva-de-Caballo
Malachra fasciata,UPL,,FACU,,,FACW,,,,,Roadside Leafbract
Malacothamnus abbottii,,FACW,,,,,,,,,Monterey Bush-Mallow
Malacothamnus davidsonii,,FACU,,,,,,,FACU,,Sand Bush-Mallow
Malaxis monophyllos,,FACW,,FACW,FACW,,FACW,FACW,FACW,FACW,White Adder's-Mouth Orchid
Malaxis spicata,OBL,,FACW,,,,,,,,Florida Adder's-Mouth Orchid
Malaxis unifolia,FAC,,,FAC,FAC,,FAC,FAC,,,Green Adder's-Mouth Orchid
Malephora crocea,,FACU,,,,,,,,,Coppery-Mesemb
Malus fusca,,FAC,,,,,,,FACW,FACW,Oregon Crabapple
Malvastrum coromandelianum,FACU,FAC,FACU,FACU,FAC,FACU,,FACU,,,Three-Lobe False Mallow
Malvaviscus arboreus,FAC,FACU,UPL,UPL,UPL,UPL,,,,,Wax-Mallow
Malvaviscus penduliflorus,FAC,,UPL,,FAC,FACU,,,,,Mazapan
Malvella leprosa,,FACU,,,FAC,,,,FACU,,Alkali-Mallow
Mammea americana,,,FAC,,,,,,,,Mammee-Apple
Mangifera indica,UPL,,UPL,,,FACU,,,,,Mango
Manilkara bidentata,,,FAC,,,,,,,,Bulletwood
Manilkara jaimiqui,FAC,,UPL,,,,,,,,Wild Dilly
Maoutia australis,,,,,,FAC,,,,,_?_
Marattia douglasii,,,,,,FACU,,,,,Hawaii Potato Fern
Marcgravia rectiflora,,,FACU,,,,,,,,Bejuco-de-Lira
Marcgravia sintenisii,,,OBL,,,,,,,,Shingleplant
Margaritaria nobilis,,,FACU,,,,,,,,Bastard Hogberry
Marlierea sintenisii,,,OBL,,,,,,,,Beruquillo
Marrubium vulgare,FACU,FACU,,UPL,FACU,UPL,FAC,FACU,FACU,FAC,White Horehound
Marshallia caespitosa,FACU,,,FACU,FAC,,UPL,,,,Puffballs
Marshallia graminifolia,OBL,,,OBL,OBL,,,,,,Grass-Leaf Barbara's-Buttons
Marshallia grandiflora,,,,FAC,,,,,,,Monongahela Barbara's-Buttons
Marshallia mohrii,FACW,,,FACW,,,,,,,Mohr's Barbara's-Buttons
Marshallia ramosa,FACU,,,FACU,,,,,,,Southern Barbara's-Buttons
Marshallia trinervia,FACU,,,FACU,,,,,,,Broad-Leaf Barbara's-Buttons
Marsilea ancylopoda,,,OBL,,,,,,,,Blunt-Spine Water-Clover
Marsilea crenata,,,,,,OBL,,,,,False Pepperwort
Marsilea drummondii,,OBL,,,,,,,,,Drummond's Water-Clover
Marsilea hirsuta,FACW,,,,,,,,,,Bristly Water-Clover
Marsilea macropoda,OBL,,,,OBL,,,,,,Big-Foot Water-Clover
Marsilea minuta,OBL,,,OBL,,,,,,,Dwarf Water-Clover
Marsilea mollis,,OBL,,,,,,,OBL,,Chihuahuan Water-Clover
Marsilea mutica,OBL,,,OBL,OBL,,OBL,,,,Australian Water-Clover
Marsilea oligospora,OBL,OBL,,,,,,,OBL,,Pacific Water-Clover
Marsilea polycarpa,,,OBL,,,,,,,,Guayanan Water-Clover
Marsilea quadrifolia,OBL,,,OBL,,,OBL,OBL,,,European Water-Clover
Marsilea vestita,OBL,OBL,,OBL,OBL,,OBL,OBL,OBL,,Hairy Water-Clover
Marsilea villosa,,,,,,OBL,,,,,Villous Water-Clover
Matelea sintenisii,,,FACU,,,,,,,,Sintenis' Milkvine
Matricaria discoidea,FACU,FACU,,FACU,FACU,,FACU,FACU,FACU,FACU,Pineapple-Weed
Matricaria occidentalis,,FACW,,,,,,,FACW,,Valley Mayweed
Matteuccia struthiopteris,FACW,,,FACW,FACW,,FACW,FAC,FACW,FACW,Ostrich Fern
Mayaca fluviatilis,OBL,,,OBL,OBL,,,,,,Stream Bog-Moss
Maytenus phyllanthoides,FAC,,,,FAC,,,,,,Florida Mayten
Mazus pumilus,FACU,FACU,,FACU,FAC,UPL,UPL,UPL,FAC,,Japanese Mazus
Mecardonia acuminata,FACW,,,OBL,FACW,,OBL,,,,Axil-Flower
Mecardonia procumbens,OBL,FACW,FACW,,FACW,FACW,,,,,Baby-Jump-Up
Mecodium recurvum,,,,,,FACW,,,,,Ohi'a ku
Meconella oregana,,FAC,,,,,,,FAC,,White Fairy-Poppy
Mecranium latifolium,,,FACW,,,,,,,,Camasey-Almendre
Medeola virginiana,FACU,,,FAC,,,FACU,FACU,,,Indian Cucumber-Root
Medicago lupulina,UPL,FAC,,FACU,FACU,UPL,FACU,FACU,FACU,FAC,Black Medick
Medicago polymorpha,FACU,FACU,,FACU,FACU,UPL,FACU,FACU,FACU,FACU,Toothed Medick
Medicago sativa,UPL,UPL,UPL,UPL,UPL,UPL,FACU,UPL,UPL,UPL,Alfalfa
Medicago truncatula,,FACU,,,,,,,,,Barrel Medick
Medinilla medinilliana,,,,,,FAC,,,,,_?_
Medinilla venosa,,,,,,FACU,,,,,Holdtight
Meehania cordata,,,,FACU,,,FACU,FACU,,,Meehan's-Mint
Megalastrum subincisa,,,FACW,,,,,,,,Jag-Leaf Jungle Fern
Megathyrsus maximus,FAC,FAC,FACU,FAC,FAC,FAC,,,FAC,,Guinea Grass
Melaleuca quinquenervia,FAC,,FACW,,,FAC,,,,,Punktree
Melampodium perfoliatum,,FAC,,,,,,,,,Perfoliate Blackfoot
Melampyrum lineare,FACU,FAC,,FACU,,,FAC,FACU,FAC,,American Cow-Wheat
Melanolepis multiglandulosa,,,,,,FAC,,,,,_?_
Melanthera angustifolia,FAC,,,,,,,,,,Everglades Squarestem
Melanthera nivea,FACU,,FACU,FACU,,,FACU,,,,Snow Squarestem
Melastoma candidum,,,,,,FAC,,,,,Indian-Rhododendron
Melastoma malabathricum,FACU,,,,,FACU,,,,,Malabar Melastome
Melia azedarach,UPL,UPL,UPL,UPL,FACU,FACU,FACU,FACU,FACU,,China-Berry
Melica bulbosa,,FACU,,,,,FACU,,FACU,,Onion Grass
Melica spectabilis,,FAC,,,,,,,FAC,,Showy Melic Grass
Melicope anisata,,,,,,FACU,,,,,Mokihana
Melicope christophersenii,,,,,,FACU,,,,,Waianae Range Melicope
Melicope clusiifolia,,,,,,FAC,,,,,Kukaemoa
Melicope cruciata,,,,,,FAC,,,,,Pilo 'Ula
Melicope degeneri,,,,,,FACU,,,,,Kokee Stream Melicope
Melicope feddei,,,,,,FACW,,,,,Hiiaka
Melicope kavaiensis,,,,,,FACW,,,,,Kauai Melicope
Melicope lydgatei,,,,,,FAC,,,,,Lydgate's Melicope
Melicope oahuensis,,,,,,FACU,,,,,Oahu Melicope
Melicope orbicularis,,,,,,FACU,,,,,Honokahua Melicope
Melicope paniculata,,,,,,FACW,,,,,Lihue Melicope
Melicope pseudoanisata,,,,,,FAC,,,,,Kohala Summit Melicope
Melicope puberula,,,,,,FACU,,,,,Hairy Melicope
Melicope quadrangularis,,,,,,FAC,,,,,Four-Angle Melicope
Melicope rotundifolia,,,,,,FACU,,,,,Round-Leaf Melicope
Melicope sessilis,,,,,,FACU,,,,,Maui Melicope
Melicope volcanica,,,,,,FAC,,,,,Volcanic Melicope
Melicope waialealae,,,,,,OBL,,,,,Alani Wai
Melicope wawraeana,,,,,,FAC,,,,,Monoa Melicope
Melilotus indicus,FACU,FACU,,FACU,FACU,UPL,FACU,FACU,FACU,,Indian Sweet-Clover
Melilotus officinalis,FACU,FACU,FACU,FACU,FACU,UPL,FACU,FACU,FACU,FACU,Yellow Sweet-Clover
Melinis minutiflora,,,,,,FAC,,,,,Molasses Grass
Melinis repens,UPL,UPL,UPL,UPL,UPL,FACU,,,,,Creeping Molasses Grass
Meliosma herbertii,,,FAC,,,,,,,,Aguacatillo
Meliosma obtusifolia,,,FAC,,,,,,,,Cacaillo
Melissa officinalis,UPL,UPL,,UPL,UPL,,UPL,UPL,FACU,,Lemonbalm
Melochia corchorifolia,FAC,,,FAC,FAC,,FACU,FACU,,,Chocolate-Weed
Melochia pyramidata,FAC,FAC,FACU,,FAC,,,,,,Pyramid-Flower
Melochia spicata,FAC,,FACW,,,,,,,,Bretonica-Peluda
Melochia villosissima,,,,,,FACU,,,,,_?_
Melothria pendula,FAC,FAC,FACU,FAC,FAC,,FAC,,,,Guadeloupe-Cucumber
Menispermum canadense,FACU,,,FACU,FACU,,FAC,FAC,,,Canadian Moonseed
Mentha X gracilis,FAC,FACW,,FACW,OBL,,OBL,OBL,FACW,,_?_
Mentha X piperita,FACW,FACW,OBL,FACW,FACW,,OBL,OBL,FACW,FACW,_?_
Mentha X rotundifolia,FAC,FAC,,FACU,FAC,,FAC,FAC,FAC,,_?_
Mentha X villosa,OBL,FACW,OBL,OBL,,OBL,OBL,FAC,OBL,,_?_
Mentha aquatica,OBL,FACW,OBL,FACW,FACW,,OBL,OBL,FACW,,Water Mint
Mentha arvensis,FACW,FACW,,FACW,FACW,,FACW,FACW,FACW,FACW,American Wild Mint
Mentha pulegium,OBL,OBL,,OBL,,FAC,,,OBL,,Pennyroyal
Mentha spicata,FACW,FACW,,FACW,FACW,FACU,FACW,FACW,FACW,FACW,Spearmint
Mentha suaveolens,FACW,FACW,,FACW,FACW,FACU,FAC,FAC,FACW,,Apple Mint
Mentzelia leucophylla,,FAC,,,,,,,,,Ash Meadows Blazingstar
Menyanthes trifoliata,OBL,OBL,,OBL,OBL,,OBL,OBL,OBL,OBL,Buck-Bean
Menziesia ferruginea,,FACU,,,,,,,FACU,FACU,Fool's-Huckleberry
Menziesia pilosa,FACU,,,FAC,,,,,,,Minniebush
Merremia dissecta,FACU,FAC,FACU,FACU,FAC,,,,,,Noyau-Vine
Merrilliodendron megacarpum,,,,,,FAC,,,,,_?_
Mertensia bella,,FACW,,,,,,,FACW,,Oregon Bluebells
Mertensia ciliata,,FACW,,,FACW,,,,FACW,,Tall Fringe Bluebells
Mertensia eastwoodiae,,,,,,,,,,FACU,Eastwood's Bluebells
Mertensia franciscana,,OBL,,,FACW,,,,FACW,,Franciscan Bluebells
Mertensia maritima,,,,,,,,FACW,,FAC,Oysterleaf
Mertensia oblongifolia,,FAC,,,FAC,,,,FAC,,Languid-Lady
Mertensia paniculata,,FACW,,,FAC,,FAC,FAC,FAC,FACU,Tall Bluebells
Mertensia virginica,FAC,,,FACW,,,FACW,FAC,,,Virginia Bluebells
Mertensia viridis,,FACU,,,UPL,,,,FACU,,Green Bluebells
Mesembryanthemum cordifolium,FAC,FAC,,,,,,,FAC,,Heart-Leaf Iceplant
Mesembryanthemum crystallinum,FAC,FACU,,FAC,,,,,FACU,,Crystalline Iceplant
Mesembryanthemum nodiflorum,FAC,FACU,,,,,,,FACU,,Slender-Leaf Iceplant
Mesosphaerum pectinatum,UPL,,FAC,,,UPL,,,,,_?_
Mesosphaerum suaveolens,,,FACU,,,UPL,,,,,Pignut
Metopium toxiferum,FAC,,FACU,,,,,,,,Florida Poisontree
Metrosideros macropus,,,,,,FAC,,,,,Ohi'a Lehua
Metrosideros polymorpha,,,,,,FAC,,,,,Ohi'a
Metrosideros rugosa,,,,,,FACW,,,,,Lehua Papa
Metrosideros tremuloides,,,,,,FAC,,,,,Lehua 'Ahihi
Metrosideros waialealae,,,,,,FACW,,,,,Kauai Bottlebrush
Miconia affinis,,,FACW,,,,,,,,Saquiyac
Miconia calvescens,,,UPL,,,FAC,,,,,Devil's-Scourge
Miconia foveolata,,,OBL,,,,,,,,Puerto Rico Johnny-Berry
Miconia impetiolaris,,,FACU,,,,,,,,Camasey-de-Costilla
Miconia laevigata,,,FACU,,,,,,,,Smooth Johnny-Berry
Miconia mirabilis,,,FACU,,,,,,,,Camasey-Cuatrocanales
Miconia pachyphylla,,,OBL,,,,,,,,Camasey-Racimoso
Miconia prasina,,,FAC,,,,,,,,Granadillo-Bobo
Miconia pycnoneura,,,OBL,,,,,,,,Ridge Johnny-Berry
Miconia racemosa,,,FACW,,,,,,,,Camasey-Felpa
Miconia rubiginosa,,,FAC,,,,,,,,Peralejo
Miconia serrulata,,,FACU,,,,,,,,Jau-Jau
Miconia sintenisii,,,FACW,,,,,,,,Mountain Johnny-Berry
Miconia subcorymbosa,,,FACW,,,,,,,,Forest Johnny-Berry
Miconia tetrandra,,,FAC,,,,,,,,Rajador
Miconia tetrastoma,,,FACW,,,,,,,,Graceful Johnny-Berry
Miconia thomasiana,,,FACW,,,,,,,,Camasey-Tomaso
Micranthemum glomeratum,OBL,,,,,,,,,,Manatee Mudflower
Micranthemum micranthemoides,OBL,,,OBL,,,,OBL,,,Nuttall's Mudflower
Micranthemum umbrosum,OBL,,OBL,OBL,OBL,,,,,,Shade Mudflower
Micranthes aprica,,FACW,,,,,,,FAC,,Sierran Pseudosaxifrage
Micranthes californica,,FACW,,,,,,,FACW,,California Pseudosaxifrage
Micranthes careyana,,,,FAC,,,,,,,Golden-Eye Pseudosaxifrage
Micranthes caroliniana,,,,FACW,,,,,,,Carolina Pseudosaxifrage
Micranthes ferruginea,,FAC,,,OBL,,,,FAC,FAC,Russet-Hair Pseudosaxifrage
Micranthes foliolosa,,,,,,,,OBL,OBL,FACW,Leafy-Stem Pseudosaxifrage
Micranthes fragosa,,FACW,,,,,,,FACW,,Cliff Pseudosaxifrage
Micranthes hieraciifolia,,,,,,,,,,FAC,Stiff-Stem Pseudosaxifrage
Micranthes howellii,,FAC,,,,,,,FAC,,Howell's Pseudosaxifrage
Micranthes integrifolia,,FACW,,,,,,,FACW,,Columbian Pseudosaxifrage
Micranthes lyallii,,FACW,,,OBL,,,,FACW,FACW,Red-Stem Pseudosaxifrage
Micranthes marshallii,,OBL,,,,,,,FACW,,Hupa Valley Pseudosaxifrage
Micranthes micranthidifolia,,,,OBL,,,,OBL,,,Lettuce-Leaf Pseudosaxifrage
Micranthes nelsoniana,,FAC,,,,,,,FAC,FAC,Heart-Leaf Pseudosaxifrage
Micranthes nidifica,,FACW,,,FAC,,,,FACW,,Peak Pseudosaxifrage
Micranthes nudicaulis,,,,,,,,,,FACW,Naked-Stem Pseudosaxifrage
Micranthes occidentalis,,FAC,,,FAC,,,,FAC,UPL,Mountain Pseudosaxifrage
Micranthes odontoloma,,FACW,,,FACW,,,,FACW,,Streambank Pseudosaxifrage
Micranthes oregana,,OBL,,,OBL,,,,FACW,,Bog Pseudosaxifrage
Micranthes palmeri,FAC,,,FAC,FAC,,FACU,,,,Palmer's Pseudosaxifrage
Micranthes pensylvanica,OBL,,,OBL,FACW,,OBL,OBL,,,Eastern Swamp Pseudosaxifrage
Micranthes petiolaris,FACW,,,FACU,,,,,,,Michaux's Pseudosaxifrage
Micranthes porsildiana,,,,,,,,,FAC,FAC,Porsild's Pseudosaxifrage
Micranthes rhomboidea,,FACW,,,FAC,,,,FAC,,Diamond-Leaf Pseudosaxifrage
Micranthes texana,FAC,,,FAC,FACW,,FAC,,,,Texas Pseudosaxifrage
Micranthes tolmiei,,FAC,,,,,,,FAC,FACU,Tolmie's Alpine Pseudosaxifrage
Micranthes virginiensis,FAC,,,FAC,,,FACU,FACU,,,Early Pseudosaxifrage
Microchilus hirtellus,,,FAC,,,,,,,,Cuban False Helmet Orchid
Microchilus plantagineus,,,FAC,,,,,,,,Caribbean False Helmet Orchid
Microlaena stipoides,,,,,,FAC,,,,,Weeping Grass
Microlepia X adulteriana,,,,,,FACU,,,,,_?_
Microlepia speluncae,,,,,,FACU,,,,,Limp-Leaf Fern
Microlepia strigosa,,,,,,FACU,,,,,Palapalai
Micropholis garciniifolia,,,OBL,,,,,,,,Caimitillo-Verde
Micropholis guyanensis,,,FACW,,,,,,,,Wild Balata
Micropolypodium nimbatum,,,,OBL,,,,,,,West Indian Dwarf-Polypody
Micropus californicus,,FACU,,,,,,,FACU,,Slender Cottonseed
Microseris borealis,,OBL,,,,,,,OBL,OBL,Northern Silverpuffs
Microseris douglasii,,FACU,,,,,,UPL,UPL,,Douglas' Silverpuffs
Microseris laciniata,,FACU,,,,,,,FACU,,Cut-Leaf Silverpuffs
Microsorum spectrum,,,,,,FACU,,,,,Triploid Fern
Microstachys corniculata,UPL,,FAC,,,,,,,,Hato-Tejas
Microstegium vimineum,FAC,,FAC,FAC,FAC,,FAC,FAC,,,Japanese Stilt Grass
Microsteris gracilis,,FACU,,,UPL,,UPL,,FACU,UPL,Annual-Phlox
Microtea debilis,,,FAC,,,,,,,,Weak Jumby-Pepper
Mikania batatifolia,OBL,,,,,,,,,,_?_
Mikania congesta,,,FACW,,,,,,,,Guaco
Mikania cordifolia,FACW,,FAC,,,,,,,,Florida Keys Hempvine
Mikania odoratissima,,,FAC,,,,,,,,Fragrant Hempvine
Mikania porosa,,,FAC,,,,,,,,Puerto Rico Hempvine
Mikania scandens,FACW,,,FACW,FACW,FAC,OBL,OBL,,,Climbing Hempvine
Mikania stevensiana,,,FAC,,,,,,,,Maricao River Hempvine
Milium effusum,,,,FACU,FACU,,FACU,FACU,,,American Millet Grass
Mimetanthe pilosa,,FACW,,,,,,,FACW,,False Monkey-Flower
Mimosa casta,,,FACW,,,,,,,,Graceful Mimosa
Mimosa diplotricha,,,FAC,,,FAC,,,,,Giant False Sensitive-Plant
Mimosa malacophylla,FACW,,,,FACW,,,,,,Soft-Leaf Mimosa
Mimosa pellita,FAC,,FAC,,,,,,,,Lollipop Mimosa
Mimosa pudica,FACU,,FACU,FACU,,FACU,FACU,FACU,,,Shameplant
Mimosa strigillosa,FAC,,,FAC,FAC,,FAC,,,,Powderpuff
Mimulus alatus,OBL,,,OBL,OBL,,OBL,OBL,,,Sharp-Wing Monkey-Flower
Mimulus alsinoides,,OBL,,,,,,,OBL,,Wing-Stem Monkey-Flower
Mimulus angustatus,,OBL,,,,,,,OBL,,Purple-Lip Pansy Monkey-Flower
Mimulus bicolor,,FACU,,,,,,,FACU,,Yellow-and-White Monkey-Flower
Mimulus breviflorus,,FACW,,,FACW,,,,FACW,,Short-Flower Monkey-Flower
Mimulus breweri,,FACU,,,,,,,FACU,,Brewer's Monkey-Flower
Mimulus cardinalis,,FACW,,,,,,,FACW,,Scarlet Monkey-Flower
Mimulus congdonii,,FAC,,,,,,,FAC,,Congdon's Monkey-Flower
Mimulus dentatus,,OBL,,,,,,,OBL,,Coastal Monkey-Flower
Mimulus dentilobus,,OBL,,,,,,,OBL,,Tooth-Petal Monkey-Flower
Mimulus douglasii,,FACW,,,,,,,FACW,,Brownies
Mimulus eastwoodiae,,OBL,,,,,,,OBL,,Eastwood's Monkey-Flower
Mimulus exiguus,,FACU,,,,,,,,,San Bernardino Mountain Monkey-Flower
Mimulus filicaulis,,FACW,,,,,,,FACW,,Slender-Stem Monkey-Flower
Mimulus floribundus,,OBL,,OBL,OBL,,,,OBL,,Purple-Stem Monkey-Flower
Mimulus glabratus,OBL,OBL,,OBL,OBL,,OBL,OBL,OBL,,Round-Leaf Monkey-Flower
Mimulus glaucescens,,OBL,,,,,,,OBL,,Shield-Bract Monkey-Flower
Mimulus guttatus,OBL,OBL,,OBL,OBL,,OBL,OBL,OBL,OBL,Seep Monkey-Flower
Mimulus inconspicuus,,FACU,,,,,,,FACU,,Small-Flower Monkey-Flower
Mimulus laciniatus,,FAC,,,,,,,FAC,,Cut-Leaf Monkey-Flower
Mimulus latidens,,OBL,,,,,,,OBL,,Broad-Tooth Monkey-Flower
Mimulus lewisii,,FACW,,,,,,,FACW,FACW,Great Purple Monkey-Flower
Mimulus michiganensis,,,,,,,,OBL,,,Michigan Monkey-Flower
Mimulus moschatus,OBL,FACW,,OBL,OBL,,,OBL,OBL,,Muskflower
Mimulus nanus,,FACU,,,,,,,FACU,,Dwarf Purple Monkey-Flower
Mimulus nudatus,,OBL,,,,,,,OBL,,Bare Monkey-Flower
Mimulus parishii,,FACU,,,,,,,FACU,,Parish's Monkey-Flower
Mimulus primuloides,,FACW,,,,,,,OBL,,Yellow Creeping Monkey-Flower
Mimulus pulchellus,,FACW,,,,,,,FACW,,Yellow-Lip Pansy Monkey-Flower
Mimulus purpureus,,FACU,,,,,,,,,Little Purple Monkey-Flower
Mimulus pygmaeus,,OBL,,,,,,,OBL,,Egg Lake Monkey-Flower
Mimulus ringens,OBL,OBL,,OBL,OBL,,OBL,OBL,OBL,,Allegheny Monkey-Flower
Mimulus rubellus,,FAC,,,FACW,,,,FAC,,Little Red-Stem Monkey-Flower
Mimulus suksdorfii,,FACU,,,FACW,,,,FACU,,Miniature Monkey-Flower
Mimulus tilingii,,OBL,,,OBL,,,,OBL,OBL,Subalpine Monkey-Flower
Mimulus tricolor,,OBL,,,,,,,OBL,,Tricolor Monkey-Flower
Mimulus washingtonensis,,OBL,,,OBL,,,,OBL,,Washington Monkey-Flower
Minuartia californica,,FACU,,,,,,,FACU,,California Stitchwort
Minuartia godfreyi,FACW,,,FACW,,,,,,,Godfrey's Stitchwort
Minuartia muscorum,FACU,,,FACU,FACU,,FACU,,,,Dixie Stitchwort
Minuartia obtusiloba,,FACU,,,FACU,,,,FACU,FACU,Alpine Stitchwort
Minuartia patula,FAC,,,UPL,FAC,,FACU,UPL,,,Pitcher's Stitchwort
Minuartia rubella,,FACU,,,FAC,,,UPL,FACU,FAC,Boreal Stitchwort
Minuartia stricta,,FAC,,,FAC,,,,FAC,FAC,Bog Stitchwort
Minuartia uniflora,FACW,,,FACW,,,,,,,One-Flower Stitchwort
Mirabilis jalapa,FACU,UPL,FACU,UPL,UPL,FACU,UPL,UPL,UPL,,Marvel-of-Peru
Mirabilis nyctaginea,FACU,FACU,,FACU,UPL,,UPL,UPL,FACU,,Heart-Leaf Four-O'clock
Miscanthus floridulus,,,,,,FACU,,,,,Pacific Island Silvergrass
Miscanthus sinensis,UPL,FACU,,FACU,FACU,,UPL,UPL,FAC,,Chinese Silver Grass
Mitchella repens,FACU,,,FACU,FAC,,FACU,FACU,,,Partridge-Berry
Mitella diphylla,FACU,,,FACU,FACU,,FACU,FACU,,,Two-Leaf Bishop's-Cap
Mitella nuda,,FACW,,FACW,OBL,,FACW,FACW,FACW,FAC,Bare-Stem Bishop's-Cap
Mitella stauropetala,,FAC,,,FAC,,,,FAC,,Side-Flower Bishop's-Cap
Mitellastra caulescens,,FAC,,,,,,,FAC,,Mock Millerwort
Mitracarpus hirtus,FACU,FACU,FACU,,FACU,FAC,,,,,Tropical Girdlepod
Mitreola angustifolia,FAC,,,,,,,,,,Narrow-Leaf Hornpod
Mitreola petiolata,FACW,,OBL,FACW,FACW,,,,,,Lax Hornpod
Mitreola sessilifolia,FACW,,,FACW,FACW,,,,,,Swamp Hornpod
Modiola caroliniana,FACU,FAC,,FACU,FAC,FACU,,FACU,FACU,,Carolina Bristle-Mallow
Moehringia lateriflora,FAC,FACU,,FAC,FACU,,FACU,FACU,FAC,FACU,Blunt-Leaf Grove-Sandwort
Moehringia macrophylla,,FAC,,,UPL,,,FACU,FACU,,Large-Leaf Grove-Sandwort
Molinia caerulea,FACU,,,FACU,,,,FACU,FACU,,Purple Moor Grass
Mollugo cerviana,FAC,FAC,,FAC,FAC,FACU,,,FAC,,Thread-Stem Carpetweed
Mollugo verticillata,FAC,FACU,FAC,FAC,FAC,,FAC,FAC,FAC,,Green Carpetweed
Momordica charantia,UPL,FACU,FAC,UPL,FACU,FAC,FACU,FACU,,,Balsam-Pear
Monarda clinopodia,FACU,,,FACU,,,FACU,FACU,,,White Bergamot
Monarda didyma,FAC,,,FAC,,,UPL,FACU,FAC,,Scarlet Beebalm
Monarda fistulosa,FACU,FACU,,UPL,UPL,,FACU,FACU,FACU,,Oswego-Tea
Monarda punctata,FACU,UPL,,UPL,UPL,,UPL,UPL,UPL,,Spotted Beebalm
Monardella australis,,FACU,,,,,,,,,Southern Mountainbalm
Monardella linoides,,FACU,,,,,,,FACU,,Flax-Leaf Mountainbalm
Monardella odoratissima,,FACU,,,UPL,,,,UPL,,Alpine Mountainbalm
Monardella viminea,,FACU,,,,,,,,,Willowy Mountainbalm
Moneses uniflora,,FACU,,,FAC,,FAC,FAC,FACU,FACU,Single-Delight
Monochoria vaginalis,,OBL,,,,OBL,,,OBL,,Heart-Shape False Pickerelweed
Monolepis nuttalliana,FACU,FAC,,UPL,FAC,,UPL,UPL,FAC,FAC,Nuttall's Poverty-Weed
Monolopia congdonii,,FACU,,,,,,,FACU,,San Joaquin Woollythread
Monotropa uniflora,FACU,FACU,,FACU,UPL,,FACU,FACU,FACU,UPL,One-Flower Indian-Pipe
Monstera deliciosa,,,,,,FAC,,,,,Taro Vine
Montia bostockii,,,,,,,,,,FACW,Bostock's Candy-Flower
Montia chamissoi,,OBL,,,OBL,,OBL,OBL,OBL,OBL,Chamisso's Candy-Flower
Montia dichotoma,,FAC,,,,,,,FAC,,Dwarf Candy-Flower
Montia fontana,OBL,OBL,,,,,,OBL,FACW,OBL,Fountain Candy-Flower
Montia howellii,,FACW,,,,,,,FAC,,Howell's Candy-Flower
Montia linearis,FAC,FAC,,FAC,FAC,,,FAC,FAC,,Linear-Leaf Candy-Flower
Montia parvifolia,,FACW,,,FACW,,,,FAC,FACW,Little-Leaf Candy-Flower
Morella californica,,FACW,,,,,,,FACW,,Pacific Bayberry
Morella caroliniensis,FACW,,,FAC,FAC,,,,,,Evergreen Bayberry
Morella cerifera,FAC,,FAC,FAC,FAC,FAC,,FAC,,,Southern Bayberry
Morella holdridgeana,,,FAC,,,,,,,,Palo-de-Cera
Morella inodora,OBL,,,,,,,,,,Odorless Bayberry
Morella pensylvanica,FAC,,,FAC,,,FAC,FAC,,,Northern Bayberry
Morinda citrifolia,UPL,,FACU,,,FACU,,,,,Painkiller
Morinda umbellata,FACU,,,,,,,,,,Cheeseshrub
Moringa oleifera,FACU,,UPL,,,,,,,,Horseradish-Tree
Morus alba,FACU,FACU,,UPL,FACU,UPL,FAC,FACU,FACU,,White Mulberry
Morus microphylla,,FACU,,,UPL,,,,FACU,,Texas Mulberry
Morus rubra,FACU,FACU,,FACU,FACU,,FACU,FACU,FACU,,Red Mulberry
Mosla dianthera,FACU,,,FACU,,,,,,,Miniature-Beefsteakplant
Mucuna gigantea,,,,,,FACU,,,,,Sea-Bean
Mucuna urens,,,FAC,,,,,,,,Oxeye-Bean
Muhlenbergia andina,,FAC,,,FAC,,,,FAC,,Fox-Tail Muhly
Muhlenbergia asperifolia,FACW,FACW,,FACW,FACW,,FACW,FACW,FACW,,Alkali Muhly
Muhlenbergia californica,,FACW,,,,,,,,,California Muhly
Muhlenbergia capillaris,FAC,,FAC,FACU,FACU,,FACU,FACU,,,Hair-Awn Muhly
Muhlenbergia eludens,,UPL,,,FAC,,,,UPL,,Gravel-Bar Muhly
Muhlenbergia expansa,FACW,,,FACW,FACW,,,FACW,,,Spreading Muhly
Muhlenbergia filiformis,FACW,FACW,,,FACW,,FACW,,FACW,,Pullup Muhly
Muhlenbergia frondosa,FAC,FACW,,FAC,FACW,,FACW,FACW,FACW,,Wire-Stem Muhly
Muhlenbergia glabrifloris,FAC,,,FAC,FAC,,FACU,FAC,,,Smooth Muhly
Muhlenbergia glomerata,FACW,FACW,,FACW,FACW,,FACW,OBL,FACW,,Spiked Muhly
Muhlenbergia lindheimeri,,,,,FACW,,,,,,Lindheimer's Muhly
Muhlenbergia mexicana,FAC,FAC,,FACW,FACW,FAC,FACW,FACW,FAC,,Mexican Muhly
Muhlenbergia minutissima,,FAC,,,FAC,,,,FAC,,Least Muhly
Muhlenbergia montana,,UPL,,,FACU,,,,UPL,,Mountain Muhly
Muhlenbergia pectinata,,OBL,,,,,,,,,Comb-Top Muhly
Muhlenbergia racemosa,FACW,FACW,,FAC,FACW,,FACW,FACU,FACW,,Green Muhly
Muhlenbergia ramulosa,,FACU,,,FACU,,,,FACU,,Ponderosa Muhly
Muhlenbergia reverchonii,FAC,,,FAC,FAC,,,,,,Seep Muhly
Muhlenbergia richardsonis,,FAC,,,FAC,,FAC,FACW,FAC,,Matted Muhly
Muhlenbergia rigens,,FAC,,,FACU,,,,UPL,,Deer Grass
Muhlenbergia schreberi,FAC,FACU,,FAC,FACU,,FAC,FAC,FACU,,Nimblewill
Muhlenbergia sericea,FACW,,,FAC,FACU,,,,,,Slender Muhly
Muhlenbergia sylvatica,FACW,FACW,,FAC,FACW,,FACW,FACW,FACW,,Woodland Muhly
Muhlenbergia tenuiflora,FACU,,,FACU,FACU,,FACU,FACU,,,Slim-Flower Muhly
Muhlenbergia torreyana,FACW,,,FACW,,,,,,,New Jersey Muhly
Muhlenbergia uniflora,OBL,OBL,,OBL,OBL,,OBL,OBL,OBL,,Bog Muhly
Muhlenbergia utilis,FACW,FACW,,,FACW,,,,FACW,,Aparejo Grass
Muhlenbergia wrightii,,FACU,,,FACU,,FACU,,FACU,,Wright's Muhly
Muntingia calabura,UPL,UPL,FACU,,,FACU,,,,,Strawberry-Tree
Murdannia keisak,OBL,,,OBL,,,,,OBL,,Wart-Removing-Herb
Murdannia nudiflora,FAC,,FACW,FAC,FACW,FACU,FACW,,,,Naked-Stem Dewflower
Murdannia spirata,FAC,,,,,,,,,,Asiatic Dewflower
Musa X paradisiaca,UPL,,FAC,,,FACU,,,,,_?_
Musa acuminata,FACW,,,,,,,,,,Edible Banana
Musa troglodytarum,,,,,,FACU,,,,,Fe'i Banana
Myoporum laetum,,FACU,,,,,,,UPL,,Ngaio-Tree
Myosotis arvensis,FAC,FAC,,UPL,FAC,,FAC,FACU,FACU,,Rough Forget-Me-Not
Myosotis asiatica,,FAC,,,FAC,,,,FAC,FAC,Asian Forget-Me-Not
Myosotis discolor,FAC,FAC,,UPL,FACU,UPL,UPL,UPL,FAC,,Yellow Scorpion-Grass
Myosotis laxa,OBL,OBL,,OBL,OBL,,OBL,OBL,OBL,,Bay Forget-Me-Not
Myosotis macrosperma,FAC,,,FAC,FAC,,FAC,FAC,,,Large-Seed Forget-Me-Not
Myosotis scorpioides,OBL,FACW,,OBL,OBL,,OBL,OBL,FACW,FAC,True Forget-Me-Not
Myosotis sylvatica,UPL,FACU,,UPL,FACU,,UPL,UPL,FAC,UPL,Woodland Forget-Me-Not
Myosotis verna,FACU,FAC,,FAC,FAC,,FACU,FACU,FAC,,Spring Forget-Me-Not
Myosoton aquaticum,FACW,,,FACW,FAC,,FACW,FAC,FAC,,Giant-Chickweed
Myosurus apetalus,,OBL,,,FACW,,,,OBL,,Bristly Mousetail
Myosurus cupulatus,,FAC,,,,,,,FAC,,Arizona Mousetail
Myosurus minimus,FACW,OBL,,FACW,FACW,,FACW,FAC,OBL,,Tiny Mousetail
Myosurus sessilis,,FACW,,,,,,,FACW,,Vernal-Pool Mousetail
Myrcia citrifolia,,,FACU,,,,,,,,Red Rodwood
Myrcia deflexa,,,FACU,,,,,,,,Cieneguillo
Myrcia fallax,,,FACW,,,,,,,,Curame
Myrcia leptoclada,,,FAC,,,,,,,,Guayabacon
Myrcia margarettae,,,OBL,,,,,,,,Margarett's Rodwood
Myrcia splendens,,,FAC,,,,,,,,Punchberry
Myrica gale,OBL,,,OBL,OBL,,OBL,OBL,OBL,OBL,Sweetgale
Myrica hartwegii,,FAC,,,,,,,FAC,,Sierran-Bayberry
Myriophyllum alterniflorum,,,,,,,,OBL,,,Alternate-Flower Water-Milfoil
Myriophyllum aquaticum,OBL,OBL,,OBL,OBL,OBL,OBL,OBL,OBL,,Parrot's-Feather
Myriophyllum farwellii,,,,OBL,,,OBL,OBL,,OBL,Farwell's Water-Milfoil
Myriophyllum heterophyllum,OBL,,,OBL,OBL,,OBL,OBL,OBL,,Two-Leaf Water-Milfoil
Myriophyllum hippuroides,,OBL,,,,,OBL,OBL,OBL,,Western Water-Milfoil
Myriophyllum humile,OBL,,,OBL,OBL,,OBL,OBL,,,Low Water-Milfoil
Myriophyllum laxum,OBL,,,OBL,,,,,,,Loose Water-Milfoil
Myriophyllum pinnatum,OBL,,,OBL,OBL,,OBL,OBL,OBL,,Cut-Leaf Water-Milfoil
Myriophyllum quitense,,OBL,,,,,,,OBL,,Andean Water-Milfoil
Myriophyllum sibiricum,OBL,OBL,,OBL,OBL,,OBL,OBL,OBL,OBL,Siberian Water-Milfoil
Myriophyllum spicatum,OBL,OBL,,OBL,OBL,,OBL,OBL,OBL,OBL,Eurasian Water-Milfoil
Myriophyllum tenellum,OBL,,,OBL,OBL,,OBL,OBL,,,Slender Water-Milfoil
Myriophyllum verticillatum,OBL,OBL,,OBL,OBL,,OBL,OBL,OBL,OBL,Whorled Water-Milfoil
Myrsine coriacea,,,FACU,,,,,,,,Leathery Colicwood
Myrsine cubana,FAC,,FAC,,,,,,,,Guianese Colicwood
Myrsine degeneri,,,,,,FAC,,,,,Summit Colicwood
Myrsine denticulata,,,,,,FACW,,,,,Bog Colicwood
Myrsine emarginata,,,,,,FAC,,,,,Mountain Colicwood
Myrsine fernseei,,,,,,FACW,,,,,Streambank Colicwood
Myrsine fosbergii,,,,,,FAC,,,,,Koolau Range Colicwood
Myrsine helleri,,,,,,FACW,,,,,Wahiawa Bog Colicwood
Myrsine juddii,,,,,,FACW,,,,,Cloudswept Colicwood
Myrsine kauaiensis,,,,,,FAC,,,,,Kauai Colicwood
Myrsine lessertiana,,,,,,FACU,,,,,Kolea Lau Nui
Myrsine linearifolia,,,,,,FACU,,,,,Narrow-Leaf Colicwood
Myrsine petiolata,,,,,,FAC,,,,,Swamp Colicwood
Myrsine punctata,,,,,,FACW,,,,,Dotted Colicwood
Myrsine sandwicensis,,,,,,FAC,,,,,Kokea Lau Li'i
Myrsine vaccinioides,,,,,,FACW,,,,,Violet Lake Colicwood
Myrsine wawraea,,,,,,FACW,,,,,Mt. Kahili Colicwood
Nabalus albus,FACU,,,FACU,FACU,,FACU,FACU,,,White Rattlesnake-Root
Nabalus altissimus,UPL,,,FACU,UPL,,FACU,FACU,,,Tall Rattlesnake-Root
Nabalus autumnalis,FAC,,,FAC,,,,,,,Slender Rattlesnake-Root
Nabalus crepidineus,UPL,,,FACU,,,FAC,FAC,,,Nodding Rattlesnake-Root
Nabalus racemosus,FACW,FACU,,FACW,FACU,,FACW,FACW,FAC,,Purple Rattlesnake-Root
Najas filifolia,OBL,,,,,,,,,,Needle-Leaf Waternymph
Najas flexilis,OBL,OBL,,OBL,OBL,,OBL,OBL,OBL,OBL,Wavy Waternymph
Najas gracillima,OBL,OBL,,OBL,OBL,,OBL,OBL,OBL,,Slender Waternymph
Najas graminea,,OBL,,,,,,,OBL,,Ricefield Waternymph
Najas guadalupensis,OBL,OBL,OBL,OBL,OBL,OBL,OBL,OBL,OBL,,Guadalupe Waternymph
Najas marina,OBL,OBL,OBL,OBL,OBL,OBL,OBL,OBL,OBL,,Holly-Leaf Waternymph
Najas minor,OBL,,,OBL,OBL,,OBL,OBL,,,Brittle Waternymph
Najas wrightiana,OBL,,,,,,,,,,Wright's Waternymph
Nama jamaicense,FACU,,FACU,FACW,FACW,,,,,,Jamaican-Weed
Nama stenocarpum,FACW,FACW,,,FACW,,,,,,Mud Fiddleleaf
Nama torynophyllum,,FACW,,,FACW,,,,,,Matted Fiddleleaf
Nanozostera japonica,,,,,,,,,OBL,,Dwarf-Eel-Grass
Napaea dioica,FACW,,,FACW,,,FACW,FACW,,,Glade-Mallow
Narthecium americanum,FACW,,,FACW,,,,,,,Yellow Asphodel
Narthecium californicum,,OBL,,,,,,,OBL,,California Bog Asphodel
Narthecium montanum,,,,FACW,,,,,,,Mountain Asphodel
Nasturtium gambelii,,OBL,,,,,,,,,Gambel's Watercress
Nasturtium microphyllum,OBL,OBL,,OBL,OBL,OBL,OBL,OBL,OBL,OBL,One-Row Watercress
Nasturtium officinale,OBL,OBL,OBL,OBL,OBL,,OBL,OBL,OBL,OBL,Watercress
Navarretia breweri,,FAC,,,FAC,,,,FAC,,Yellow Pincushion-Plant
Navarretia capillaris,,FAC,,,,,,,FAC,,Miniature Pincushion-Plant
Navarretia cotulifolia,,OBL,,,,,,,OBL,,Cotula-Leaf Pincushion-Plant
Navarretia eriocephala,,FAC,,,,,,,FAC,,Hoary Pincushion-Plant
Navarretia fossalis,,OBL,,,,,,,OBL,,Vernal-Pool Pincushion-Plant
Navarretia heterandra,,OBL,,,,,,,OBL,,Tehama Pincushion-Plant
Navarretia intertexta,FACW,FACW,,FACW,FACW,,FACW,FACW,FACW,,Needle-Leaf Pincushion-Plant
Navarretia jepsonii,,FACW,,,,,,,FACW,,Jepson's Pincushion-Plant
Navarretia leucocephala,,OBL,,,OBL,,,OBL,OBL,,White-Flower Pincushion-Plant
Navarretia mellita,,FAC,,,,,,,FAC,,Honey-Scented Pincushion-Plant
Navarretia myersii,,OBL,,,,,,,OBL,,Myers' Pincushion-Plant
Navarretia nigelliformis,,FACW,,,,,,,FACW,,Adobe Pincushion-Plant
Navarretia peninsularis,,FAC,,,,,,,FAC,,Baja Pincushion-Plant
Navarretia prostrata,,OBL,,,,,,,OBL,,Prostrate Pincushion-Plant
Navarretia saximontana,,FACW,,,FACW,,,,FACW,,Rocky Mountain Pincushion-Plant
Navarretia squarrosa,FACU,FACU,,FACU,,,,,FACU,,Skunkweed
Navarretia subuligera,,FACU,,,,,,,FACU,,Awl-Leaf Pincushion-Plant
Navarretia tagetina,,FACW,,,,,,,FAC,,Marigold Pincushion-Plant
Navarretia willamettensis,,,,,,,,,FACW,,Willamette Valley Phlox
Nectandra hihua,,,FACW,,,,,,,,Shinglewood
Nectandra membranacea,,,FAC,,,,,,,,Sweetwood
Nectandra patens,,,FAC,,,,,,,,Capberry
Nectandra turbacensis,,,FACU,,,,,,,,Laurel-Amarillo
Nelsonia canescens,FAC,,FACW,,,,,,,,Blue Pussyleaf
Nelumbo lutea,OBL,OBL,,OBL,OBL,,OBL,OBL,OBL,,American Lotus
Nelumbo nucifera,OBL,,,OBL,OBL,,OBL,OBL,,,Sacred Lotus
Nemastylis floridana,OBL,,,,,,,,,,Fall-Flowering Pleatleaf
Nemopanthus mucronatus,OBL,,,OBL,,,OBL,OBL,,,Catberry
Nemophila aphylla,FACW,,,FACW,FAC,,FACW,,,,Small-Flower Baby-Blue-Eyes
Nemophila pedunculata,,FAC,,,,,,,FAC,,Meadow Baby-Blue-Eyes
Neoholmgrenia andina,,UPL,,,FACU,,,,UPL,,_?_
Neokochia americana,,FAC,,,FAC,,,,FACU,,Green-Molly
Neokochia californica,,FACW,,,,,,,FACW,,California-Molly
Neolaugeria resinosa,,,FACU,,,,,,,,Aquilon
Neorudolphia volubilis,,,FAC,,,,,,,,Bejuco-de-Alambre
Neostapfia colusana,,OBL,,,,,,,OBL,,Colusa Grass
Neottia auriculata,,,,,,,,FACW,,,Auricled Twayblade
Neottia banksiana,,FACU,,,FACU,,,,FACU,FACU,Northwestern Twayblade
Neottia bifolia,FACW,,,FACW,FACW,,,FACW,,,Southern Twayblade
Neottia borealis,,FACW,,,,,,,FACW,FACU,Northern Twayblade
Neottia convallarioides,,FAC,,,FACW,,,FACW,FAC,FACU,Broad-Lip Twayblade
Neottia cordata,FACW,FACW,,FACW,FACU,,FACW,FACW,FAC,FACU,Heart-Leaf Twayblade
Neottia smallii,,,,FACW,,,,FACW,,,Kidney-Leaf Twayblade
Nepeta cataria,FACU,FACU,,FACU,FACU,,FACU,FACU,FACU,FAC,Catnip
Nephrolepis X copelandii,,,,,,FACU,,,,,_?_
Nephrolepis X medlerae,,,,,,FACU,,,,,_?_
Nephrolepis brownii,FAC,,FACU,,,FAC,,,,,Asian Sword Fern
Nephrolepis cordifolia,FAC,,UPL,,,FAC,,,,,Narrow Sword Fern
Nephrolepis exaltata,FAC,FACU,FAC,,FACU,FACU,,,,,Boston Sword Fern
Nephrolepis falcata,FACU,,FACU,,,FACU,,,,,Fish-Tail Sword Fern
Nephrolepis hirsutula,,,,,,FAC,,,,,Scaly Sword Fern
Nephrolepis rivularis,,,FACW,,,,,,,,Streamside Sword Fern
Nephrophyllidium crista-galli,,,,,,,,,OBL,OBL,Deer-Cabbage
Nepsera aquatica,,,FACW,,,,,,,,Altea
Neptunia lutea,FACU,,,FACU,FACU,,FACU,,,,Yellow Puff
Neptunia microcarpa,,,,,FAC,,,,,,Little-Fruit Puff
Neptunia oleracea,OBL,,OBL,FACW,,,,,,,Garden Puff
Neptunia plena,FACW,,FACW,,FACW,,,,,,Water-Dead-and-Awake
Neptunia pubescens,FAC,,,,FAC,,,,,,Tropical Puff
Nervilia aragoana,,,,,,FAC,,,,,_?_
Nervilia jacksoniae,,,,,,FAC,,,,,_?_
Nervilia platychila,,,,,,FACW,,,,,_?_
Nesaea longipes,FACW,FACW,,,FACW,,,,,,Stalkflower
Neurolaena lobata,,,FAC,,,FACU,,,,,Sepi
Neyraudia reynaudiana,FAC,,,,,,,,,,Silk-Reed
Nicotiana attenuata,,FACU,,,FAC,,,,FACU,,Coyote Tobacco
Nicotiana glauca,FAC,FAC,,FAC,FAC,UPL,FAC,,FAC,,Tree Tobacco
Nicotiana obtusifolia,FACU,FACU,,FACU,FACU,,,,FACU,,Desert Tobacco
Nicotiana plumbaginifolia,FAC,,,FAC,FAC,,,,,,Tex-Mex Tobacco
Nicotiana quadrivalvis,,FACU,,,,,,FACU,FACU,,Indian Tobacco
Nicotiana repanda,FAC,FAC,,,FAC,,,,,,Fiddle-Leaf Tobacco
Nicotiana tabacum,UPL,UPL,UPL,UPL,UPL,FACU,FACU,UPL,,,Cultivated Tobacco
Nitrophila mohavensis,,FACW,,,,,,,FACW,,Amargosa Niterwort
Nitrophila occidentalis,,FACW,,,,,,,FACW,,Boraxweed
Nolina atopocarpa,FAC,,,,,,,,,,Florida Bear-Grass
Nomaphila stricta,,,,,OBL,,,,,,Stiff Bear-Grass
Nopalea cochenillifera,UPL,,UPL,,,FACU,,,,,Cochineal Nopal Cactus
Nothocestrum longifolium,,,,,,FACU,,,,,Long-Leaf Aiea
Nothoperanema rubiginosum,,,,,,FAC,,,,,Serpent Frilly Fern
Nothoscordum bivalve,FACU,FACU,,FACU,FACU,,FACU,,FACU,,Crowpoison
Nuphar X rubrodisca,OBL,,,OBL,,,OBL,OBL,,,_?_
Nuphar advena,OBL,,,OBL,OBL,,OBL,OBL,,,Yellow Pond-Lily
Nuphar microphylla,OBL,,,OBL,,,OBL,OBL,,,_?_
Nuphar polysepala,,OBL,,,OBL,,,,OBL,OBL,_?_
Nuphar sagittifolia,OBL,,,OBL,,,,OBL,,,_?_
Nuphar variegata,OBL,,,OBL,OBL,,OBL,OBL,OBL,,_?_
Nymphaea X daubenyana,OBL,,,,,OBL,,,,,_?_
Nymphaea X marliacea,,,,OBL,,,,,,,_?_
Nymphaea X thiona,OBL,OBL,,OBL,,,,,,,_?_
Nymphaea alba,,OBL,,,,,,,OBL,,European White Water-Lily
Nymphaea amazonum,,,OBL,,,,,,,,Amazon Water-Lily
Nymphaea ampla,OBL,,OBL,,OBL,,,,,,Dot-Leaf Water-Lily
Nymphaea caerulea,,,,,,OBL,,,,,Blue-Lotus
Nymphaea capensis,OBL,,,,,OBL,,,,,Cape Blue Water-Lily
Nymphaea conardii,,,OBL,,,,,,,,Round-Leaf Water-Lily
Nymphaea elegans,OBL,,,,OBL,,,,,,Tropical Royal-Blue Water-Lily
Nymphaea jamesoniana,OBL,,OBL,,,,,,,,James' Water-Lily
Nymphaea leibergii,,,,,OBL,,,OBL,OBL,,Dwarf Water-Lily
Nymphaea lotus,OBL,,,,,OBL,,,,,White Egyptian-Lotus
Nymphaea mexicana,OBL,OBL,,OBL,OBL,,,,OBL,,Banana Water-Lily
Nymphaea odorata,OBL,OBL,OBL,OBL,OBL,,OBL,OBL,OBL,OBL,American White Water-Lily
Nymphaea rudgeana,,,OBL,,,,,,,,Rudge's Water-Lily
Nymphaea tetragona,,,,,,,,,OBL,OBL,Pygmy Water-Lily
Nymphoides aquatica,OBL,,,OBL,OBL,,,,,,Big Floatingheart
Nymphoides cordata,OBL,,,OBL,,,,OBL,,,Little Floatingheart
Nymphoides cristata,OBL,,,,,,,,,,Crested Flatingheart
Nymphoides humboldtiana,,,,,OBL,,,,,,_?_
Nymphoides indica,OBL,,OBL,,,,,,,,Water-Snowflake
Nymphoides peltata,OBL,OBL,,OBL,OBL,,OBL,OBL,OBL,,Yellow Floatingheart
Nypa fruticans,,,,,,OBL,,,,,_?_
Nyssa aquatica,OBL,,,OBL,OBL,,OBL,,,,Water Tupelo
Nyssa biflora,OBL,,,FACW,OBL,,,OBL,,,Swamp Tupelo
Nyssa ogeche,OBL,,,OBL,,,,,,,Ogeechee Tupelo
Nyssa sylvatica,FAC,,,FAC,FAC,,FAC,FAC,,,Black Tupelo
Ochrosia oppositifolia,,,,,,FACU,,,,,_?_
Ocimum basilicum,FACU,UPL,UPL,UPL,,FACU,FACU,UPL,,,Sweet Basil
Oclemena X blakei,FACW,,,FACW,,,,FACW,,,_?_
Oclemena acuminata,UPL,,,FACU,,,,FACU,,,Whorled Nodding-Aster
Oclemena nemoralis,FACW,,,FACW,,,,OBL,,,Bog Nodding-Aster
Oclemena reticulata,FAC,,,,,,,,,,Pine-Barren Nodding-Aster
Ocotea floribunda,,,FAC,,,,,,,,Laurel-Espada
Ocotea foeniculacea,,,FACW,,,,,,,,Palo-Santo
Ocotea moschata,,,FACW,,,,,,,,Nemoca
Ocotea nemodaphne,,,FACW,,,,,,,,Laurel-Sassafras
Ocotea portoricensis,,,FACW,,,,,,,,Laurel-de-Paloma
Ocotea spathulata,,,FACW,,,,,,,,Nemoca-Cimarrona
Ocotea wrightii,,,FACW,,,,,,,,Wright's Laurel-Canelon
Odontonema nitidum,,,FACW,,,,,,,,Shrubby Toothedthread
Odontonema tubiforme,,,UPL,,,FACU,,,,,Firespike
Odontosoria chinensis,,,,,,FAC,,,,,Chinese Parsley Fern
Odontosoria scandens,,,FACW,,,,,,,,Border Parsley Fern
Oemleria cerasiformis,,FACU,,,,,,,FACU,,Oso-Berry
Oenanthe aquatica,OBL,,,OBL,,,OBL,OBL,,,Fine-Leaf Water-Dropwort
Oenanthe javanica,OBL,,,OBL,,,OBL,OBL,,,Water-Celery
Oenanthe sarmentosa,,OBL,,,,,OBL,,OBL,OBL,Pacific Water-Dropwort
Oenothera biennis,FACU,FACU,,FACU,FACU,FACU,FACU,FACU,FACU,,King's-Cureall
Oenothera canescens,FAC,FAC,,,FAC,,,,FAC,,Spotted Evening-Primrose
Oenothera coloradensis,,FACW,,,FAC,,,,FACW,,_?_
Oenothera curtiflora,UPL,FACU,,UPL,UPL,,UPL,FACU,FACU,,Velvetweed
Oenothera elata,FACW,FACW,,FACU,FACW,,FACW,,FACW,,Hooker's Evening-Primrose
Oenothera flava,FACU,FAC,,,FACW,,,,FAC,,Long-Tube Evening-Primrose
Oenothera fruticosa,FACU,,,FAC,FAC,,FACU,FACU,,,Narrow-Leaf Evening-Primrose
Oenothera gaura,FACU,,,FACU,,,FACU,FACU,,,Biennial Evening-Primrose
Oenothera jamesii,FACW,FACW,,,FACW,,,,,,Trumpet Evening-Primrose
Oenothera kunthiana,FACU,FACU,,,FACU,UPL,,,,,Kunth's Evening-Primrose
Oenothera laciniata,FACU,FAC,,FACU,FACU,UPL,FACU,FACU,FAC,,Cut-Leaf Evening-Primrose
Oenothera longissima,,OBL,,,,,,,OBL,,Long-Stem Evening-Primrose
Oenothera organensis,,OBL,,,,,,,,,Organ Mountain Evening-Primrose
Oenothera parviflora,FACU,,,FACU,FACU,,FACU,FACU,,,Northern Evening-Primrose
Oenothera perennis,FAC,,,FAC,FAC,,FAC,FAC,FAC,,Small Evening-Primrose
Oenothera pilosella,FACU,,,FAC,,,FAC,FAC,,,Meadow Evening-Primrose
Oenothera rhombipetala,FACU,FACU,,FACU,FACU,,FACU,FACU,,,Greater Four-Point Evening-Primrose
Oenothera rosea,FACW,FACW,,,FACW,,,,FACW,,Rose Evening-Primrose
Oenothera tetraptera,FAC,,,,FAC,,,,,,Four-Wing Evening-Primrose
Oenothera texensis,,FACW,,,,,,,,,Texas Evening-Primrose
Oenothera villosa,FACU,FAC,,FAC,FACU,,FAC,FAC,FAC,,Hairy Evening-Primrose
Oldenlandia boscii,FACW,,,FACW,FACW,,OBL,,,,Bosc's Mille-Graines
Oldenlandia corymbosa,FAC,,FAC,FAC,,FACU,,,,,Flat-Top Mille-Graines
Oldenlandia uniflora,FACW,,FACW,FACW,FACW,,FACW,FACW,,,Clustered Mille-Graines
Oldenlandiopsis callitrichoides,FACW,,FACW,,,FACU,,,,,Creeping-Bluet
Oleandra articulata,,,FACW,,,,,,,,Oleander Fern
Olfersia cervina,,,FAC,,,,,,,,Woodland Island Fern
Olsynium douglasii,,FACU,,,,,,,FACU,,Grasswidow
Olyra latifolia,,,FACU,,,,,,,,Carrycillo
Oncidium ensatum,FACW,,,,,,,,,,Florida Dancing-Lady Orchid
Oncosiphon piluliferum,,FACU,,,,,,,FACU,,Stinknet
Onoclea sensibilis,FACW,,,FACW,FACW,,FACW,FACW,FACW,,Sensitive Fern
Operculina turpethum,,,,,,FACU,,,,,St. Thomas Lidpod
Ophioglossum californicum,,FAC,,,FAC,,,,FAC,,California Adder's-Tongue
Ophioglossum crotalophoroides,FAC,,,FAC,FAC,,UPL,,,,Bulbous Adder's-Tongue
Ophioglossum engelmannii,FACU,FACW,,FACU,FACU,,FACU,,,,Limestone Adder's-Tongue
Ophioglossum nudicaule,FAC,,,FAC,,FAC,,,,,Least Adder's-Tongue
Ophioglossum petiolatum,FAC,,,FAC,FACW,FACU,,,,,Long-Stem Adder's-Tongue
Ophioglossum pusillum,FACW,FACW,,FACW,FACW,,FACW,FACW,FACW,FACW,Northern Adder's-Tongue
Ophioglossum reticulatum,,,OBL,,,,,,,,Netted Adder's-Tongue
Ophioglossum vulgatum,FACW,FAC,,FACW,FACW,,FACW,FACW,,,Southern Adder's-Tongue
Oplismenus compositus,,,UPL,,,FACU,,,,,Running Mountain Grass
Oplismenus hirtellus,FAC,,FACU,FACU,FACU,FAC,FACU,,,,Long-Leaf Basket Grass
Oplopanax horridus,,FAC,,,FACU,,,FACW,FAC,FACU,Devil's-Club
Opuntia stricta,UPL,,UPL,UPL,FACU,,,,,,Erect Prickly-Pear
Orbexilum pedunculatum,FACU,,,FACU,FACU,,FACU,FACU,,,Sampson's-Snakeroot
Orbexilum simplex,FAC,,,FAC,FAC,,FAC,,,,Single-Stem Leather-Root
Orbexilum virgatum,FACU,,,,,,,,,,Pineland Leather-Root
Orcuttia californica,,OBL,,,,,,,,,California Orcutt Grass
Orcuttia inaequalis,,OBL,,,,,,,OBL,,San Joaquin Valley Orcutt Grass
Orcuttia pilosa,,OBL,,,,,,,OBL,,Hairy Orcutt Grass
Orcuttia tenuis,,OBL,,,,,,,OBL,,Slender Orcutt Grass
Orcuttia viscida,,OBL,,,,,,,,,Sacramento Orcutt Grass
Oreobolus furcatus,,,,,,FACW,,,,,Hawaii Island Sedge
Oreostemma alpigenum,,FAC,,,,,,,FAC,,Tundra Mountaincrown
Oreostemma elatum,,FACW,,,,,,,FACW,,Plumas Mountaincrown
Ornithogalum caudatum,FACU,,,FACU,,,,,,,False Sea-Onion
Ornithogalum umbellatum,FACU,FACU,,FACU,FACU,,FACU,FACU,FACU,,Sleepydick
Orobanche riparia,FACW,FACW,,FACW,FACW,,FACW,,FACW,,River Broom-Rape
Orobanche uniflora,FACU,FACU,,FACU,UPL,,UPL,UPL,FACU,UPL,Naked Broom-Rape
Orogenia fusiformis,,FACW,,,,,,,FACW,,California Indian-Potato
Orontium aquaticum,OBL,,,OBL,,,OBL,OBL,,,Goldenclub
Orthilia secunda,FAC,FACU,,FAC,FACU,,FAC,FAC,FACU,FACU,Sidebells
Orthocarpus bracteosus,FACW,FAC,,,,,,FACW,FACW,,Rosy Owl-Clover
Orthocarpus luteus,,FACU,,,FACU,,FACU,FACU,FACU,,Golden-Tongue Owl-Clover
Oryza latifolia,,,OBL,,,,,,,,Broad-Leaf Rice
Oryza rufipogon,FACW,,,,,,,,,,Brown-Beard Rice
Oryza sativa,OBL,OBL,OBL,OBL,OBL,OBL,OBL,,OBL,,Cultivated Rice
Osmorhiza berteroi,,FACU,,,FACU,,FACU,FACU,FACU,FACU,Mountain Sweet-Cicely
Osmorhiza claytonii,FACU,,,FACU,FACU,,FACU,FACU,,,Hairy Sweet-Cicely
Osmorhiza longistylis,FAC,FACU,,FACU,FAC,,FACU,FACU,FACU,,Aniseroot
Osmorhiza purpurea,,FAC,,,FAC,,,,FAC,FACU,Purple Sweet-Cicely
Osmunda X ruggii,,,,FACW,,,,FACW,,,_?_
Osmunda claytoniana,FAC,,,FAC,FAC,,FAC,FAC,,,Interrupted Fern
Osmunda spectabilis,OBL,,,OBL,OBL,,OBL,OBL,,,Royal Fern
Osmundastrum cinnamomeum,FACW,,OBL,FACW,FACW,,FACW,FACW,,,Cinnamon Fern
Ostrya knowltonii,,FAC,,,FAC,,,,FAC,,Knowlton's Hop-Hornbeam
Ostrya virginiana,FACU,,,FACU,FACU,,FACU,FACU,FACU,,Eastern Hop-Hornbeam
Ottelia alismoides,OBL,OBL,,OBL,,,,,OBL,,Duck-Lettuce
Ouratea striata,,,FACW,,,,,,,,Guanabanilla
Oxalis corniculata,UPL,FACU,FACU,FACU,FACU,FACU,FACU,FACU,FACU,FACU,Creeping Yellow Wood-Sorrel
Oxalis dillenii,FACU,FACU,,FACU,FACU,,FACU,FACU,FACU,,Slender Yellow Wood-Sorrel
Oxalis montana,,,,FAC,,,FACU,FACU,,,Sleeping-Beauty
Oxalis oregana,,FACU,,,,,,,FACU,,Redwood-Sorrel
Oxalis stricta,UPL,FACU,,FACU,FACU,,FACU,FACU,FACU,,Upright Yellow Wood-Sorrel
Oxalis trilliifolia,,FAC,,,,,,,FAC,,Trillium-Leaf Wood-Sorrel
Oxandra lanceolata,,,FAC,,,,,,,,Black-Lancewood
Oxandra laurifolia,,,FAC,,,,,,,,Haya
Oxycaryum cubense,OBL,,OBL,,,,,,,,Cuban-Bulrush
Oxydendrum arboreum,FACU,,,UPL,,,FACU,FACU,,,Sourwood
Oxygraphis glacialis,,,,,,,,,,FACW,Kamchatka-Buttercup
Oxypolis canbyi,OBL,,,,,,,,,,Canby's Cowbane
Oxypolis fendleri,,FACW,,,FACW,,,,FACW,,Fendler's Cowbane
Oxypolis occidentalis,,OBL,,,,,,,OBL,,Western Cowbane
Oxypolis rigidior,OBL,,,OBL,OBL,,OBL,OBL,,,Stiff Cowbane
Oxypolis ternata,OBL,,,FACW,,,,,,,Piedmont Cowbane
Oxyria digyna,,FACU,,,FAC,,,FACW,FACU,FACU,Mountain-Sorrel
Oxyspora paniculata,,,,,,FACU,,,,,Bristletips
Oxytropis deflexa,,FACU,,,FACU,,,,FACU,FACU,Pendant-Pod Locoweed
Oxytropis lambertii,FACU,UPL,,FACU,UPL,,FACU,FACU,UPL,,Stemless Locoweed
Oxytropis oreophila,,FACU,,,,,,,FACU,,Mountain Locoweed
Oxytropis parryi,,FACU,,,FACU,,,,FACU,,Parry's Locoweed
Oxytropis splendens,,FAC,,,FACU,,FACU,,FAC,UPL,Whorled Locoweed
Ozomelis diversifolia,,FAC,,,,,,,FAC,,Angle-Leaf Mitrewort
Ozomelis trifida,,FAC,,,FAC,,,,FAC,FAC,Pacific Mitrewort
Packera anonyma,FACU,,,UPL,,,UPL,UPL,,,Small's Groundsel
Packera aurea,FACW,,,FACW,FACW,,FACW,FACW,,,Golden Groundsel
Packera bernardina,,FACU,,,,,,,,,San Bernardino Groundsel
Packera bolanderi,,FAC,,,,,,,FACU,,Bolander's Groundsel
Packera clevelandii,,FACW,,,,,,,FACW,,Cleveland's Groundsel
Packera crocata,,FAC,,,FAC,,,,FAC,,Saffron Groundsel
Packera debilis,,FACW,,,FACW,,,,FACW,,Weak-Stem Groundsel
Packera dimorphophylla,,FACU,,,FACU,,,,FAC,,Two-Leaf Groundsel
Packera glabella,OBL,,,OBL,FACW,,FACW,FACW,,,Cress-Leaf Groundsel
Packera hartiana,,FACW,,,FACW,,,,FACW,,Hart's Groundsel
Packera heterophylla,,FACU,,,FACU,,,,FACU,UPL,Dwarf Arctic Groundsel
Packera indecora,,FACW,,,FACW,,,FACW,FACW,FACU,Rayless Mountain Groundsel
Packera macounii,,FACU,,,,,,,FACU,,Siskiyou Mountain Groundsel
Packera obovata,FACU,FACU,,FACU,FACU,,FACU,FACU,,,Round-Leaf Groundsel
Packera pauciflora,,FAC,,,FAC,,,FACU,FAC,FAC,Rayless Alpine Groundsel
Packera paupercula,FACW,FACW,,FAC,FAC,,FAC,FAC,FACW,FAC,Balsam Groundsel
Packera plattensis,FACU,UPL,,FACU,FACU,,FACU,FACU,UPL,,Prairie Groundsel
Packera pseudaurea,,FACW,,FACW,FACW,,FACW,FACW,FACW,,Streambank Groundsel
Packera schweinitziana,,,,FACW,,,,FACW,,,Schweinitz's Groundsel
Packera spellenbergii,,UPL,,,FACU,,,,FACU,,Carrizo Creek Groundsel
Packera streptanthifolia,,FACU,,,UPL,,,,FACU,UPL,Rocky Mountain Groundsel
Packera subnuda,,FACW,,,OBL,,,,FACW,FAC,Buek's Groundsel
Packera tampicana,FACW,FACW,,FACW,FACW,,FACW,,,,Great Plains Groundsel
Packera tomentosa,FACU,,,FACU,FACU,,,,,,Woolly Groundsel
Paederia foetida,FACU,,,FACU,,UPL,,,,,Chinese Fevervine
Palhinhaea cernua,FACW,,FACU,FAC,,FAC,,,,,Monkey's Paw
Palicourea alpina,,,FACU,,,,,,,,Tafetan
Palicourea crocea,,,FAC,,,,,,,,Red Cappel
Palicourea guianensis,,,FACU,,,,,,,,Showy Cappel
Palisota bracteosa,,,,,,FACU,,,,,Loko Toawombi
Palmerella debilis,,FACW,,,,,,,,,Blue Lobelia
Pancratium maritimum,,FACU,,,,,,,,,Sea-Daffodil
Pandanus dubius,,,,,,FACU,,,,,_?_
Pandanus tectorius,,,FACW,,,FAC,,,,,Tahitian Screw-Pine
Panicum amarum,FAC,FACU,,FACU,FACU,,,FACU,,,Bitter Panic Grass
Panicum bergii,FACW,,,,FACW,,,,,,Berg's Panic Grass
Panicum bisulcatum,FACW,,,FACW,,,,,,,Japanese Panic Grass
Panicum brachyanthum,FAC,,,FAC,FACU,,FAC,,,,Prairie Panic Grass
Panicum capillare,FAC,FACU,FACU,FAC,FAC,,FAC,FAC,FAC,,Common Panic Grass
Panicum coloratum,FACW,FACW,,,FAC,,,,,,Blue Panic Grass
Panicum dichotomiflorum,FACW,FACW,FAC,FACW,FAC,FACU,FACW,FACW,FACW,,Fall Panic Grass
Panicum diffusum,FAC,,FAC,,FAC,,,,,,West Indian Panic Grass
Panicum elephantipes,,,OBL,,,,,,,,Elephant Panic Grass
Panicum flexile,FAC,FAC,,FACU,FACW,,FACW,FACW,FAC,,Wiry Panic Grass
Panicum gattingeri,FAC,,,FAC,,,FAC,FAC,,,Gattinger's Panic Grass
Panicum ghiesbreghtii,FACW,,FACW,,FACW,,,,,,Ghiesbreght's Panic Grass
Panicum hallii,FACU,UPL,,FACU,FACU,,,,UPL,,Hall's Panic Grass
Panicum hemitomon,OBL,,,FACW,OBL,,,,,,Maiden-Cane
Panicum hillmanii,,FACU,,,FACU,,FAC,,FACU,,Hillman's Panic Grass
Panicum lacustre,FACW,,,,,,,,,,Lake Panic Grass
Panicum lineale,,,,,,FACU,,,,,Kauai Panic Grass
Panicum longivaginatum,,,,,,FAC,,,,,Long-Sheath Panic Grass
Panicum paludosum,OBL,,,OBL,,,,,,,Marsh Panic Grass
Panicum parvifolium,,,OBL,,,,,,,,Small-Flower Panic Grass
Panicum philadelphicum,FAC,,,FAC,FAC,,FACW,FAC,,,Philadelphia Panic Grass
Panicum repens,FACW,FAC,,FACW,FAC,FAC,,,,,Torpedo Grass
Panicum schiffneri,,,FAC,,,,,,,,Schiffner's Panic Grass
Panicum stevensianum,,,FACW,,,,,,,,Stevens' Panic Grass
Panicum trichanthum,,,FACU,,,,,,,,Thicket Panic Grass
Panicum verrucosum,FACW,,,FACW,FACW,,FACW,FACW,,,Warty Panic Grass
Panicum virgatum,FAC,FACW,,FAC,FAC,,FAC,FAC,FACW,,Wand Panic Grass
Papaver macounii,,,,,,,,,,FACU,Macoun's Poppy
Papaver walpolei,,,,,,,,,,FACU,Walpole's Poppy
Pappophorum pappiferum,,,FACU,,,,,,,,Limestone Pappus Grass
Paraderris elliptica,,,,,,FACU,,,,,Tubaroot
Parapholis incurva,FACU,FACU,,FACU,FACU,,FACU,FACU,FACU,,Curved Sickle Grass
Parapholis strigosa,,OBL,,,,,,,OBL,,European Sickle Grass
Parathelypteris nevadensis,,FAC,,,,,,,FAC,,_?_
Parathelypteris noveboracensis,FAC,,,FAC,,,FAC,FAC,,,New York Fern
Parathelypteris simulata,OBL,,,FACW,,,FACW,FACW,,,Bog Fern
Parathesis crenulata,,,FACW,,,,,,,,Scratchthroat
Parentucellia viscosa,FAC,FAC,,FAC,FAC,UPL,,,FAC,,Yellow Glandweed
Parietaria floridana,FAC,,,FAC,FACU,,,FACU,,,Florida Pellitory
Parietaria hespera,,FACU,,,FACU,,,,FACU,,Rillita Pellitory
Parietaria pensylvanica,FACU,FACU,,FACU,FAC,,FACU,FACU,FACU,,Pennsylvania Pellitory
Parietaria praetermissa,FACU,,,FAC,,,,,,,Clustered Pellitory
Parkinsonia aculeata,FAC,FAC,FAC,,FAC,FACU,,,FAC,,Mexican Palo-Verde
Parnassia asarifolia,OBL,,,OBL,OBL,,,,,,Kidney-Leaf Grass-of-Parnassus
Parnassia caroliniana,OBL,,,OBL,,,,,,,Carolina Grass-of-Parnassus
Parnassia cirrata,,OBL,,,,,,,OBL,,San Bernardino Grass-of-Parnassus
Parnassia fimbriata,,OBL,,,OBL,,,,OBL,FACW,Fringed Grass-of-Parnassus
Parnassia glauca,OBL,,,OBL,OBL,,OBL,OBL,,,Fen Grass-of-Parnassus
Parnassia grandifolia,OBL,,,OBL,OBL,,,,,,Large-Leaf Grass-of-Parnassus
Parnassia kotzebuei,,OBL,,,OBL,,,,OBL,FACW,Kotzebue's Grass-of-Parnassus
Parnassia palustris,,OBL,,,OBL,,OBL,OBL,OBL,FACW,Marsh Grass-of-Parnassus
Parnassia parviflora,,OBL,,,OBL,,OBL,OBL,OBL,OBL,Small-Flower Grass-of-Parnassus
Paronychia ahartii,,FAC,,,,,,,FACU,,Ahart's Nailwort
Parthenium hysterophorus,FAC,FAC,FAC,FAC,FAC,UPL,FAC,UPL,,,Santa Maria Feverfew
Parthenocissus inserta,FACU,FACU,,FACU,FAC,,FACU,FACU,FACU,,Thicket-Creeper
Parthenocissus quinquefolia,FACU,FAC,,FACU,FACU,,FACU,FACU,FAC,,Virginia-Creeper
Pascopyrum smithii,FACU,FAC,,UPL,FACU,,FACU,FACU,FACU,UPL,Western-Wheat Grass
Paspalidium geminatum,OBL,,OBL,OBL,OBL,,OBL,,,,Egyptian Water Crown Grass
Paspalum acuminatum,OBL,,,OBL,OBL,,,,,,Brook Crown Grass
Paspalum bifidum,FACW,,,FACW,FAC,,FACW,,,,Pitchfork Crown Grass
Paspalum blodgettii,FAC,,UPL,,,,,,,,Blodgett's Crown Grass
Paspalum boscianum,FACW,,FAC,FACW,FACW,,,,,,Bull Crown Grass
Paspalum caespitosum,FAC,,UPL,,,,,,,,Blue Crown Grass
Paspalum conjugatum,FAC,,FAC,,FAC,FAC,,,,,Sour Crown Grass
Paspalum decumbens,,,FAC,,,,,,,,Decumbent Crown Grass
Paspalum densum,,,OBL,,,,,,,,Dense Crown Grass
Paspalum denticulatum,OBL,,,OBL,OBL,,,,,,Pull-and-Be-Damned
Paspalum dilatatum,FAC,FAC,FAC,FAC,FAC,FACU,FAC,,FAC,,Golden Crown Grass
Paspalum dissectum,OBL,,,OBL,OBL,,OBL,,,,Mudbank Crown Grass
Paspalum distichum,OBL,FACW,OBL,FACW,FACW,FACW,OBL,,FACW,,Jointed Crown Grass
Paspalum fasciculatum,,,FACW,,,,,,,,Mexican Crown Grass
Paspalum fimbriatum,FAC,,FAC,,,FAC,,,,,Panama Crown Grass
Paspalum floridanum,FACW,,,FACW,FACW,,FACW,FACW,,,Florida Crown Grass
Paspalum hartwegianum,FACW,,,,FACW,,,,,,Hartweg's Crown Grass
Paspalum laeve,FACW,,,FAC,FACW,,FACW,FAC,,,Field Crown Grass
Paspalum millegrana,,,FACW,,,,,,,,Paja-Brava
Paspalum modestum,OBL,,,,,,,,,,Water Crown Grass
Paspalum monostachyum,FACW,,,,FACW,,,,,,Gulf Dune Crown Grass
Paspalum notatum,FACU,FAC,FAC,FACU,FAC,UPL,FACU,,,,Bahia Grass
Paspalum orbiculatum,FAC,,OBL,FAC,,,,,,,Circular Crown Grass
Paspalum paniculatum,FAC,,FAC,,,UPL,,,,,Arrocillo
Paspalum plicatulum,FAC,FAC,FAC,,FAC,,,,,,Brown-Seed Crown Grass
Paspalum praecox,OBL,,,FACW,FACW,,OBL,,,,Early Crown Grass
Paspalum pubiflorum,FACW,FACW,,FAC,FACW,,FACW,,FAC,,Hairy-Seed Crown Grass
Paspalum racemosum,FAC,,,FAC,FAC,,FAC,FAC,FAC,,Peruvian Crown Grass
Paspalum repens,OBL,,,OBL,OBL,,OBL,OBL,,,Horse-Tail Crown Grass
Paspalum scrobiculatum,FACW,,,FACW,,FAC,,,,,Indian Crown Grass
Paspalum secans,,,FACW,,,,,,,,Slender Ditch Crown Grass
Paspalum setaceum,FAC,UPL,FACU,FACU,FAC,FACU,FACU,FACU,UPL,,Slender Crown Grass
Paspalum urvillei,FAC,FAC,FAC,FAC,FACW,FAC,FAC,,FAC,,Vasey's Grass
Paspalum vaginatum,OBL,FACW,FACW,OBL,FACW,FACW,,,,,Seashore Crown Grass
Paspalum virgatum,FACW,FACW,FACW,,FACW,FACW,,,,,Talquezal
Passiflora arizonica,,FAC,,,,,,,,,Arizona Passion-Flower
Passiflora edulis,FACU,,FACU,,,FACU,,,,,Purple Granadilla
Passiflora foetida,FAC,,FACU,FAC,FAC,FACU,,,,,Scarlet-Fruit Passion-Flower
Passiflora laurifolia,,,UPL,,,FACU,,,,,Golden Bell-Apple
Passiflora rubra,,,FACU,,,,,,,,Dutchman's-Laudanum
Passiflora serratodigitata,,,FACU,,,,,,,,Tagua-Tagua
Passiflora suberosa,UPL,,UPL,,UPL,FAC,,,,,Corky-Stem Passion-Flower
Passiflora subpeltata,,,,,,FACU,,,,,White Passion-Flower
Passiflora tulae,,,FACU,,,,,,,,Mountain-Love-in-the-Mist
Paullinia pinnata,,,FAC,,,,,,,,Bread-and-Cheese
Paulownia tomentosa,UPL,UPL,,UPL,UPL,,UPL,UPL,FACU,,Princesstree
Pavonia corymbosa,,,FAC,,,,,,,,Tight-Flower Swamp-Mallow
Pavonia fruticosa,,,FAC,,,,,,,,Anamu
Pavonia paludicola,OBL,,OBL,,,,,,,,Swampbush
Pavonia paniculata,,,FACW,,,,,,,,Loose-Flower Swamp-Mallow
Paxistima myrsinites,,FACU,,,FACU,,,,FACU,,Oregon Boxleaf
Pecluma ptilodon,FAC,,UPL,,,,,,,,Palm-Leaf Rockcap Fern
Pectiantia breweri,,FAC,,,FAC,,,,FAC,,_?_
Pectiantia ovalis,,OBL,,,,,,,FACW,,_?_
Pectiantia pentandra,,FACW,,,FAC,,,,FAC,FACW,_?_
Pedicularis albolabiata,,,,,,,,,,FACW,Sudetic Lousewort
Pedicularis attollens,,OBL,,,,,,,OBL,,Little Elephant's-Head
Pedicularis canadensis,FACU,,,FACU,FACU,,FACU,FACU,,,Canadian Lousewort
Pedicularis capitata,,,,,,,,,,FACU,Capitate Lousewort
Pedicularis chamissonis,,,,,,,,,,OBL,Chamisso's Lousewort
Pedicularis contorta,,FACU,,,FACU,,,,FACU,,White Coil-Beak Lousewort
Pedicularis crenulata,,FACW,,,FACW,,,,FACW,,Purple-Flower Lousewort
Pedicularis fluviatilis,,FAC,,,FACU,,,,FAC,,Marsh Lousewort
Pedicularis furbishiae,,,,,,,,FACW,,,St. Johns River Lousewort
Pedicularis groenlandica,,OBL,,,OBL,,,,OBL,FACW,Bull Elephant's-Head
Pedicularis interior,,,,,,,,,,FACW,Purple-Rattle
Pedicularis labradorica,,,,,,,,,,FACW,Labrador Lousewort
Pedicularis lanata,,,,,,,,,,FAC,Woolly Lousewort
Pedicularis lanceolata,FACW,,,FACW,OBL,,OBL,FACW,,,Swamp Lousewort
Pedicularis langsdorfii,,,,,,,,,,FACW,Langsdorf's Lousewort
Pedicularis lapponica,,,,,,,,,,FAC,Lapland Lousewort
Pedicularis pacifica,,,,,,,,,,FACW,Pacific Lousewort
Pedicularis parryi,,FACU,,,FAC,,,,FACU,,Parry's Lousewort
Pedicularis parviflora,,,,,,,,,,FACW,Small-Flower Lousewort
Pedicularis procera,,FACU,,,FAC,,,,FACU,,Giant Lousewort
Pedicularis scopulorum,,FACW,,,FACW,,,,FACW,,Rocky Mountain Lousewort
Pedicularis verticillata,,,,,,,,,,FAC,Whorled Lousewort
Pelexia adnata,FACW,,FACU,,,,,,,,Hachuela
Pellaea ternifolia,,FACU,,FACU,FACU,FACU,,,FACU,,Trans-Pecos Cliffbrake
Peltandra sagittifolia,OBL,,,OBL,,,,,,,White Arrow-Arum
Peltandra virginica,OBL,OBL,,OBL,OBL,,OBL,OBL,OBL,,Green Arrow-Arum
Peltophorum pterocarpum,FAC,,UPL,,,UPL,,,,,Yellow-Poinciana
Pemphis acidula,,,,,,FAC,,,,,_?_
Penstemon alluviorum,FACW,,,FACW,,,FACW,,,,Lowland Beardtongue
Penstemon attenuatus,,FACU,,,FACU,,,,FACU,,Sulphur Beardtongue
Penstemon australis,FACU,,,FACU,,,,,,,Eustis Lake Beardtongue
Penstemon baccharifolius,,FACU,,,FACU,,,,,,Baccharis-Leaf Beardtongue
Penstemon calycosus,FACU,,,UPL,,,FACU,FACU,,,Long-Sepal Beardtongue
Penstemon digitalis,FAC,,,FAC,FACW,,FAC,FAC,,,Foxglove Beardtongue
Penstemon globosus,,FAC,,,,,,,FAC,,Globe Beardtongue
Penstemon gracilis,,UPL,,,FACU,,UPL,UPL,UPL,,Lilac Beardtongue
Penstemon heterodoxus,,FACU,,,,,,,FACU,,Sierran Beardtongue
Penstemon laevigatus,FAC,,,FACU,,,FACU,FACU,,,Eastern Smooth Beardtongue
Penstemon laxiflorus,FAC,,,FAC,FAC,,FACU,,,,Nodding Beardtongue
Penstemon lyallii,,FACU,,,FACU,,,,FACU,,Lyall's Beardtongue
Penstemon pallidus,FACU,,,FACU,FACU,,UPL,UPL,,,Pale Beardtongue
Penstemon procerus,,FAC,,,UPL,,,,FAC,UPL,Pincushion Beardtongue
Penstemon pseudoputus,,FACU,,,,,,,FACU,,Kaibab Plateau Beardtongue
Penstemon rydbergii,,FACU,,,FAC,,,,FACU,,Meadow Beardtongue
Penstemon serrulatus,,FACU,,,,,,,FACU,FACW,Cascade Beardtongue
Penstemon tenuis,FACW,,,FACW,,,,,,,Sharp-Sepal Beardtongue
Penstemon virgatus,,FACU,,,FACU,,,,FACU,,Upright Blue Beardtongue
Penstemon whippleanus,,FACU,,,FACU,,,,FACU,,Dark Beardtongue
Pentachaeta fragilis,,FAC,,,,,,,FAC,,Fragile Pygmy Daisy
Pentalinon luteum,FAC,,FAC,,,,,,,,Hammock Viper's-Tail
Pentas lanceolata,UPL,,UPL,,,FACU,,,,,Egyptian Starcluster
Penthorum sedoides,OBL,,,OBL,OBL,,OBL,OBL,OBL,,Ditch-Stonecrop
Pentodon pentandrus,OBL,,,OBL,,,,,,,Hale's Pentodon
Peperomia alata,FACW,,FACU,,,,,,,,Winged Peperomia
Peperomia blanda,,,,,,FACU,,,,,Arid-Land Peperomia
Peperomia cookiana,,,,,,FACU,,,,,Weak-Stem Peperomia
Peperomia distachya,,,FACW,,,,,,,,Montane Peperomia
Peperomia eekana,,,,,,FACW,,,,,Mt. Eke Peperomia
Peperomia ellipticibacca,,,,,,FAC,,,,,Koolau Range Peperomia
Peperomia expallescens,,,,,,FACU,,,,,Swamp Peperomia
Peperomia glabella,FACW,,FACU,,,,,,,,Cypress Peperomia
Peperomia globulanthera,,,,,,FAC,,,,,Puu Kuhui
Peperomia hesperomannii,,,,,,FACW,,,,,Single-Nerve Peperomia
Peperomia hirtipetiola,,,,,,FACU,,,,,Forest Peperomia
Peperomia kipahuluensis,,,,,,FACU,,,,,Royal Peperomia
Peperomia kokeana,,,,,,FACU,,,,,Napali-Kona Peperomia
Peperomia latifolia,,,,,,FACU,,,,,Hawaii Peperomia
Peperomia ligustrina,,,,,,FAC,,,,,Waihee Valley Peperomia
Peperomia macraeana,,,,,,FACU,,,,,Pinni-Nerve Peperomia
Peperomia mariannensis,,,,,,FACU,,,,,_?_
Peperomia membranacea,,,,,,FAC,,,,,Woodland Peperomia
Peperomia obovatilimba,,,,,,FACU,,,,,Graceful Peperomia
Peperomia pellucida,UPL,,FACU,UPL,,FACU,,,,,Man-To-Man
Peperomia remyi,,,,,,FACU,,,,,Valley Peperomia
Peperomia robustior,,,FACW,,,,,,,,Grand Peperomia
Peperomia rockii,,,,,,FACU,,,,,Kahuaha Forest Peperomia
Peperomia sandwicensis,,,,,,FAC,,,,,Single-Spike Peperomia
Peperomia sintenisii,,,FACU,,,,,,,,Sintenis' Peperomia
Peperomia tetraphylla,,,FACW,,,FACU,,,,,Acorn Peperomia
Peperomia urocarpa,,,FACW,,,,,,,,Brazilian Peperomia
Peperomia yabucoana,,,FACW,,,,,,,,Viper Peperomia
Perideridia californica,,FACW,,,,,,,FACW,,California Yampah
Perideridia gairdneri,,FAC,,,FACU,,,,FAC,,Common Yampah
Perideridia howellii,,FACW,,,,,,,FACW,,Howell's Yampah
Perideridia parishii,,FAC,,,FAC,,,,FAC,,Parish's Yampah
Perilla frutescens,FACU,,,FACU,FAC,,FAC,FAC,UPL,,Beefsteakplant
Peristylus holochila,,,,,,FACW,,,,,Hawaii Bog Orchid
Peritoma jonesii,,FACU,,,,,,,FACU,,Jones' Beeplant
Peritoma lutea,,FACU,,,FACU,,,,FACU,,Yellow Beeplant
Peritoma multicaulis,,FACW,,,FACW,,,,FACW,,Playa Beeplant
Peritoma serrulata,,FACU,,FACU,FACU,,FACU,FACU,FACU,,Rocky Mountain Beeplant
Perrottetia sandwicensis,,,,,,FACU,,,,,Olomea
Persea borbonia,FACW,,,FACW,FACW,,,,,,Red Bay
Persea krugii,,,FACW,,,,,,,,Canela
Persea palustris,FACW,,,FACW,FACW,,,,,,Swamp Bay
Persea urbaniana,,,FACW,,,,,,,,Aquacatillo
Persicaria acuminata,,,OBL,,,,,,,,Taper-Tip Smartweed
Persicaria amphibia,OBL,OBL,,OBL,OBL,,OBL,OBL,OBL,OBL,Water Smartweed
Persicaria arifolia,OBL,OBL,,OBL,OBL,,OBL,OBL,OBL,,Halberd-Leaf Tearthumb
Persicaria bicornis,FACW,FACW,,FACW,FACW,,FACW,,FACW,,Pink Knotweed
Persicaria capitata,FACU,FACU,,,,FACU,,,FACU,,Pink-Head Smartweed
Persicaria careyi,FACW,,,FACW,,,FACW,FACW,,,Carey's Smartweed
Persicaria glabra,OBL,OBL,OBL,OBL,OBL,OBL,OBL,,,,Smooth Smartweed
Persicaria hirsuta,OBL,,,OBL,,,,,,,Hairy Smartweed
Persicaria hydropiper,OBL,OBL,,OBL,OBL,OBL,OBL,OBL,OBL,FACW,Mild Water-Pepper
Persicaria hydropiperoides,OBL,OBL,OBL,OBL,OBL,,OBL,OBL,OBL,OBL,Swamp Smartweed
Persicaria lapathifolia,FACW,FACW,,FACW,OBL,,FACW,FACW,FACW,FAC,Dock-Leaf Smartweed
Persicaria longiseta,FAC,,,FAC,,,FAC,FAC,,,Bristly Lady's-Thumb
Persicaria maculosa,FACW,FACW,,FACW,FACW,OBL,FACW,FAC,FACW,FAC,Spotted Lady's-Thumb
Persicaria meisneriana,OBL,,,FAC,,,,,,,Branched Tearthumb
Persicaria minor,OBL,,,OBL,,OBL,OBL,OBL,,,Pygmy Smartweed
Persicaria orientalis,FAC,FACW,,FACU,FACW,,FAC,FACU,FACW,,Kiss-Me-Over-the-Garden-Gate
Persicaria pensylvanica,FACW,FACW,,FACW,FACW,,FACW,FACW,FACW,FACW,Pinkweed
Persicaria perfoliata,FAC,,,FAC,,,,FAC,FAC,,Asiatic Tearthumb
Persicaria posumbu,FACU,,,FACU,,,,FACU,,,Oriental Lady's-Thumb
Persicaria punctata,OBL,OBL,OBL,OBL,OBL,OBL,OBL,OBL,OBL,,Dotted Smartweed
Persicaria puritanorum,,,,,,,,FACW,,,Puritan Smartweed
Persicaria robustior,OBL,OBL,OBL,OBL,OBL,,OBL,OBL,,,Stout Smartweed
Persicaria sagittata,OBL,OBL,,OBL,OBL,,OBL,OBL,OBL,,Arrow-Leaf Tearthumb
Persicaria segeta,,,OBL,,,,,,,,Field Smartweed
Persicaria setacea,OBL,OBL,,OBL,OBL,,OBL,OBL,OBL,,Bog Smartweed
Persicaria virginiana,FAC,,,FAC,FAC,,FAC,FAC,,,Jumpseed
Persicaria wallichii,,FAC,,FAC,,,,FAC,FAC,,Garden Smartweed
Petasites frigidus,FACW,FACW,,FACW,FAC,,FACW,FACW,FACW,FACW,Arctic Sweet-Colt's-Foot
Petasites hybridus,FAC,,,FAC,,,FACW,FAC,,,Pestilence-Wort
Peucedanum palustre,,,,,,,,OBL,,,Hogfennel
Phacelia amabilis,,FACU,,,,,,,FACU,,Saline Valley Scorpion-Weed
Phacelia covillei,FACW,,,FACW,,,FACW,,,,Buttercup Scorpion-Weed
Phacelia heterophylla,,FACU,,,FAC,,,,FACU,,Variable-Leaf Scorpion-Weed
Phacelia inundata,,FACW,,,,,,,FACW,,Playa Yellow Scorpion-Weed
Phacelia inyoensis,,FAC,,,,,,,FAC,,Inyo Yellow Scorpion-Weed
Phacelia laxa,FAC,,,,FAC,,,,,,Coastal Scorpion-Weed
Phacelia lemmonii,,FACU,,,,,,,FACU,,Lemmon's Scorpion-Weed
Phacelia orogenes,,FACU,,,,,,,FACU,,Mountain Scorpion-Weed
Phacelia parishii,,FACU,,,,,,,FACU,,Parish's Scorpion-Weed
Phacelia procera,,FAC,,,,,,,FAC,,Tall Scorpion-Weed
Phacelia ramosissima,,FACU,,,,,,,FACU,,Branched Scorpion-Weed
Phacelia ranunculacea,FACW,,,FACW,,,FACW,,,,Ocean-Blue Scorpion-Weed
Phacelia tetramera,,FAC,,,,,,,FAC,,Four-Part Yellow Scorpion-Weed
Phaius tancarvilleae,FACU,,UPL,,,FACU,,,,,Nun's-Hood Orchid
Phalacroseris bolanderi,,OBL,,,,,,,OBL,,Bolander's Mock Dandelion
Phalaris angusta,FACW,FACW,,FACW,FACW,,,,FACW,,Timothy Canary Grass
Phalaris aquatica,FACU,FACU,,FACU,FAC,FAC,,,FACU,,Harding Grass
Phalaris arundinacea,OBL,FACW,,FACW,FACW,,FACW,FACW,FACW,OBL,Reed Canary Grass
Phalaris brachystachys,FACW,FACW,,FACW,FACW,,,,FACW,,Short-Spike Canary Grass
Phalaris californica,,FAC,,,,,,,FAC,,California Canary Grass
Phalaris canariensis,FACU,FACU,,FACU,FACU,UPL,FACU,FACU,FACU,UPL,Common Canary Grass
Phalaris caroliniana,FACW,FACW,,FACW,FACW,,FACW,,FACW,,May Grass
Phalaris lemmonii,,FACW,,,,,,,FACW,,Lemmon's Canary Grass
Phalaris paradoxa,FAC,FAC,,FAC,,FACU,,FAC,FAC,,Mediterranean Canary Grass
Phanopyrum gymnocarpon,OBL,,,OBL,OBL,,OBL,,,,Savannah-Panic Grass
Pharus lappulaceus,FAC,,FAC,,,,,,,,Cape Francais Stalk Grass
Pharus latifolius,,,FAC,,,,,,,,Broad Stalk Grass
Phegopteris connectilis,FAC,FACU,,FACU,FACU,,FACU,FACU,FACU,FACU,Narrow Beech Fern
Phegopteris hexagonoptera,FACU,,,FAC,FAC,,FACU,FACU,,,Broad Beech Fern
Philodendron consanguineum,,,FACW,,,,,,,,Rascagarganta
Philodendron giganteum,,,FAC,,,,,,,,Giant Philodendron
Philodendron hederaceum,FACU,,FACU,,,FACU,,,,,Vilevine
Philodendron lingulatum,,,FACU,,,,,,,,Treelover
Philodendron pinnatifidum,,,,,,FACU,,,,,Comb-Leaf Philodendron
Phippsia algida,,OBL,,,,,,,OBL,OBL,Ice Grass
Phleum alpinum,,FAC,,,FAC,,,FACW,FAC,FACU,Mountain Timothy
Phleum pratense,FACU,FACU,,FACU,FACU,FACU,FACU,FACU,FAC,FACU,Common Timothy
Phlox carolina,FACU,,,FACU,FACU,,FACW,,,,Thick-Leaf Phlox
Phlox divaricata,FACU,,,FACU,FACU,,FACU,FACU,,,Wild Blue Phlox
Phlox floridana,FACU,,,,,,,,,,Florida Phlox
Phlox glaberrima,FACW,,,FAC,FAC,,FACW,FACW,,,Smooth Phlox
Phlox idahonis,,FACW,,,,,,,FACW,,Clearwater Phlox
Phlox kelseyi,,FACW,,,FAC,,,,FACW,,Marsh Phlox
Phlox maculata,FAC,,,FACW,,,FACW,FACW,,,Wild Sweetwilliam
Phlox paniculata,FACU,FACU,,FACU,FACU,,FACU,FACU,FACU,,Fall Phlox
Phlox pilosa,FACU,FAC,,FACU,FACU,,FACU,FACU,,,Downy Phlox
Phormium tenax,,,,,,FAC,,,,,New Zealand-Flax
Phragmites australis,FACW,FACW,FACW,FACW,FACW,OBL,FACW,FACW,FACW,,Common Reed
Phragmites karka,FACW,OBL,,,FACW,OBL,,,OBL,,Tropical Reed
Phryma leptostachya,FACU,FACU,,FACU,FACU,,UPL,FACU,FAC,,American Lopseed
Phyla cuneifolia,FAC,FAC,,FAC,FAC,,FACW,FACW,FAC,,Wedgeleaf
Phyla fruticosa,FAC,FAC,FAC,,FAC,,,,,,Diamond-Leaf Frogfruit
Phyla lanceolata,OBL,OBL,OBL,OBL,FACW,,OBL,OBL,OBL,,Northern Frogfruit
Phyla nodiflora,FAC,FACW,FACW,FACW,FAC,FAC,FACW,,FAC,,Turkey-Tangle
Phyla stoechadifolia,FACW,,OBL,,,,,,,,Southern Frogfruit
Phyllanthus amarus,FAC,,UPL,FAC,,FAC,,,,,Carry-Me-Seed
Phyllanthus caroliniensis,FAC,FAC,,FAC,FAC,,FAC,FAC,,,Carolina Leaf-Flower
Phyllanthus debilis,,,UPL,,,FAC,,,,,Niruri
Phyllanthus evanescens,FACW,,,,FACW,,,,,,Bird-Seed Leaf-Flower
Phyllanthus fluitans,OBL,,,,,,,,,,Red Root Floater
Phyllanthus liebmannianus,FACW,,,,,,,,,,Liebmann's Leaf-Flower
Phyllanthus marianus,,,,,,FAC,,,,,_?_
Phyllanthus saffordii,,,,,,FAC,,,,,_?_
Phyllanthus stipulatus,,,FACW,,,,,,,,Stipulate Leaf-Flower
Phyllanthus urinaria,FAC,,FAC,FAC,FAC,,FAC,,,,Chamber-Bitter
Phyllodoce aleutica,,,,,,,,,,FACU,Aleutian Mountain-Heath
Phyllodoce breweri,,FAC,,,,,,,FAC,,Red Mountain-Heath
Phyllodoce empetriformis,,FACU,,,FACU,,,,FACU,FACU,Pink Mountain-Heath
Phyllodoce glanduliflora,,FACU,,,FACU,,,,FACU,UPL,Yellow Mountain-Heath
Phyllospadix scouleri,,OBL,,,,,,,OBL,OBL,Scouler's Surf-Grass
Phyllospadix torreyi,,OBL,,,,,,,OBL,,Torrey's Surf-Grass
Phyllostachys nigra,FACU,,,FACU,FACU,FACU,,,,,Black Bamboo
Phyllostegia bracteata,,,,,,FACU,,,,,Bracted Phyllostegia
Phyllostegia brevidens,,,,,,FAC,,,,,Mauna Kea Phyllostegia
Phyllostegia electra,,,,,,FACU,,,,,Nehe Kuhiwa
Phyllostegia glabra,,,,,,FACU,,,,,Ulihi Phyllostegia
Phyllostegia grandiflora,,,,,,FAC,,,,,Kapana
Phyllostegia hirsuta,,,,,,FACU,,,,,Molokai Phyllostegia
Phyllostegia hispida,,,,,,FACU,,,,,Hispid Phyllostegia
Phyllostegia kahiliensis,,,,,,FAC,,,,,Kahili Phyllostegia
Phyllostegia lantanoides,,,,,,FAC,,,,,Oahu Phyllostegia
Phyllostegia macrophylla,,,,,,FACU,,,,,Large-Leaf Phyllostegia
Phyllostegia mannii,,,,,,FACU,,,,,Mann's Phyllostegia
Phyllostegia renovans,,,,,,FACU,,,,,Red-Leaf Phyllostegia
Phyllostegia stachyoides,,,,,,FACU,,,,,Maui Phyllostegia
Phyllostegia warshaueri,,,,,,FACU,,,,,Laupahoehoe Phyllostegia
Phyllostegia wawrana,,,,,,FACU,,,,,Fuzzy-Stem Phyllostegia
Phymatosorus grossus,UPL,,UPL,,,FACU,,,,,Musk Fern
Physalis angulata,FACU,UPL,FAC,FAC,FAC,FACU,FAC,FAC,UPL,,Cut-Leaf Ground-Cherry
Physalis minima,FACU,,FACU,FACU,,,FACU,,,,Pygmy Ground-Cherry
Physalis peruviana,UPL,UPL,UPL,UPL,,FACU,,,,,Peruvian Ground-Cherry
Physalis philadelphica,UPL,UPL,,UPL,UPL,UPL,UPL,UPL,FAC,,Mexican Ground-Cherry
Physalis pubescens,UPL,FACU,FAC,FACU,FACU,,UPL,UPL,FACU,,Husk-Tomato
Physaria globosa,,,,FACU,,,FACU,,,,Short's Bladderpod
Physaria pallida,FAC,,,,,,,,,,White Bladderpod
Physocarpus capitatus,,FACW,,,,,,,FACW,FAC,Pacific Ninebark
Physocarpus monogynus,,UPL,,,FACU,,,,UPL,,Mountain Ninebark
Physocarpus opulifolius,FAC,FACU,,FACW,FACU,,FACW,FACW,FACU,,Atlantic Ninebark
Physostegia angustifolia,FACW,,,FACW,FACW,,FAC,FACW,,,Narrow-Leaf False Dragonhead
Physostegia correllii,OBL,,,,OBL,,,,,,Correll's False Dragonhead
Physostegia digitalis,FAC,,,,FACW,,,,,,Finger False Dragonhead
Physostegia godfreyi,OBL,,,,,,,,,,Godfrey's False Dragonhead
Physostegia intermedia,FACW,,,FACW,OBL,,FACW,,,,Slender False Dragonhead
Physostegia ledinghamii,,,,,OBL,,,,,,Ledingham's False Dragonhead
Physostegia leptophylla,OBL,,,,,,,,,,Slender-Leaf False Dragonhead
Physostegia longisepala,FACW,,,,,,,,,,Long-Sepal False Dragonhead
Physostegia parviflora,,FACW,,,FACW,,FACW,FACW,FACW,,Western False Dragonhead
Physostegia pulchella,FACW,,,,FACW,,,,,,Showy False Dragonhead
Physostegia purpurea,FACW,,,FACW,,,,,,,Eastern False Dragonhead
Physostegia virginiana,FACW,FACW,,FAC,FACW,,FACW,FACW,FACW,,Obedient-Plant
Phytolacca americana,FACU,FAC,,FACU,FACU,,FACU,FACU,FACU,,American Pokeweed
Phytolacca icosandra,FAC,FACU,FACU,FACU,,FACU,FAC,FAC,,,Tropical Pokeweed
Phytolacca rivinoides,,,FACW,,,,,,,,Venezuelan Pokeweed
Phytolacca sandwicensis,,,,,,FACU,,,,,Hawaii Pokeweed
Picea X lutzii,,,,,,,,,,FACU,_?_
Picea engelmannii,,FACU,,,FAC,,,,FAC,,Engelmann's Spruce
Picea glauca,,FAC,,FACU,FACU,,FACU,FACU,FAC,FACU,White Spruce
Picea mariana,FACW,,,FACW,FACW,,FACW,FACW,,FACW,Black Spruce
Picea pungens,FAC,FAC,,FAC,FAC,,,FACU,FAC,,Blue Spruce
Picea rubens,FACU,,,FACU,,,,FACU,,,Red Spruce
Picea sitchensis,,FAC,,,,,,,FAC,FACU,Sitka Spruce
Pieris phillyreifolia,FACW,,,,,,,,,,Climbing Fetterbush
Pilea fontana,FACW,,,FACW,OBL,,FACW,FACW,,,Lesser Clearweed
Pilea herniarioides,OBL,,OBL,,,,,,,,Caribbean Clearweed
Pilea inaequalis,,,FACW,,,,,,,,West Indian Clearweed
Pilea krugii,,,FACW,,,,,,,,Krug's Clearweed
Pilea leptophylla,,,FAC,,,,,,,,Puerto Rico Clearweed
Pilea microphylla,FACU,,FACU,FAC,,FAC,FAC,FAC,,,Rockweed
Pilea multicaulis,,,OBL,,,,,,,,Liquillo Mountain Clearweed
Pilea nummulariifolia,FAC,,FAC,,,,,,,,Creeping-Charlie
Pilea parietaria,,,OBL,,,,,,,,Verdolaguilla
Pilea peploides,,,,,,FACW,,,,,Pacific Island Clearweed
Pilea pumila,FACW,,,FACW,FAC,,FACW,FACW,,,Canadian Clearweed
Pilea semidentata,,,FAC,,,,,,,,Cliffside Clearweed
Pilea yunquensis,,,OBL,,,,,,,,Mountain Clearweed
Pilularia americana,OBL,OBL,,OBL,OBL,,OBL,,OBL,,American Pillwort
Pimenta racemosa,,,,,,FAC,,,,,Bayrum Tree
Pimpinella saxifraga,UPL,,,FACU,,,UPL,FACU,UPL,,Solid-Stem Burnet-Saxifrage
Pinckneya bracteata,OBL,,,FACW,,,,,,,Fevertree
Pinguicula caerulea,OBL,,,OBL,,,,,,,Blue-Flower Butterwort
Pinguicula ionantha,OBL,,,,,,,,,,Violet Butterwort
Pinguicula lutea,OBL,,,FACW,,,,,,,Yellow Butterwort
Pinguicula macroceras,,OBL,,,OBL,,,,OBL,OBL,California Butterwort
Pinguicula planifolia,OBL,,,OBL,,,,,,,Chapman's Butterwort
Pinguicula primuliflora,OBL,,,OBL,,,,,,,Southern Butterwort
Pinguicula pumila,OBL,,,OBL,OBL,,,,,,Small Butterwort
Pinguicula villosa,,,,,,,,,,OBL,Hairy Butterwort
Pinguicula vulgaris,,,,OBL,,,,OBL,,OBL,Common Butterwort
Pinus banksiana,,,,FACU,FACU,,FACU,FACU,,,Jack Pine
Pinus contorta,,FAC,,,FACU,,,,FAC,FAC,Lodgepole Pine
Pinus elliottii,FACW,,FACW,FACW,FAC,FACU,,,,,Slash Pine
Pinus glabra,FACW,,,FACW,,,,,,,Spruce Pine
Pinus monticola,,FACU,,,,,,,FACU,,Western White Pine
Pinus palustris,FAC,,,FAC,FAC,,,,,,Long-Leaf Pine
Pinus ponderosa,,FACU,,,UPL,,,UPL,FACU,,Ponderosa Pine
Pinus resinosa,FACU,,,FACU,FACU,,FACU,FACU,,,Red Pine
Pinus rigida,FACU,,,FACU,,,FACU,FACU,,,Pitch Pine
Pinus serotina,FACW,,,OBL,,,OBL,,,,Pond Pine
Pinus strobus,FACU,,,FACU,FACU,,FACU,FACU,,,Eastern White Pine
Pinus taeda,FAC,,,FAC,FAC,UPL,UPL,,,,Loblolly Pine
Piper aduncum,FAC,,FAC,,,FAC,,,,,Spiked Pepper
Piper betle,,,,,,FAC,,,,,Betel Pepper
Piper blattarum,,,FACU,,,,,,,,Moth Pepper
Piper dilatatum,,,FACW,,,,,,,,Higuillo
Piper guahamense,,,,,,FAC,,,,,_?_
Piper hispidum,,,FACW,,,,,,,,Jamaican Pepper
Piper jacquemontianum,,,FACW,,,,,,,,Caracas Pepper
Piper methysticum,,,,,,FAC,,,,,Kava
Piper swartzianum,,,OBL,,,,,,,,Spanish-Elder
Piperia dilatata,,FACW,,FACW,FACW,,FACW,FACW,FACW,FACW,Scentbottle
Piperia unalascensis,,FACU,,,FACU,,,UPL,FACU,FAC,Alaska Rein Orchid
Piptochaetium avenaceum,UPL,,,UPL,UPL,,FACU,FACU,,,Black-Seed Spear Grass
Pipturus albidus,,,,,,FAC,,,,,Waimea
Pipturus argenteus,,,,,,FACU,,,,,_?_
Pipturus forbesii,,,,,,FAC,,,,,Forbes' Pipturus
Pipturus kauaiensis,,,,,,FACU,,,,,Kauai Pipturus
Pipturus ruber,,,,,,FACU,,,,,Red Pipturus
Piriqueta cistoides,FAC,,FAC,FAC,,,,,,,Pitted Stripeseed
Pisonia brunoniana,,,,,,FACU,,,,,Australasian Catchbirdtree
Pisonia grandis,,,,,,FACU,,,,,Grand Catchbirdtree
Pisonia rotundata,FAC,,,,,,,,,,Smooth Catchbirdtree
Pisonia sandwicensis,,,,,,FACU,,,,,Aulu
Pisonia umbellifera,,,,,,FACU,,,,,Umbrella Catchbirdtree
Pisonia wagneriana,,,,,,FACU,,,,,Kauai Catchbirdtree
Pistia stratiotes,OBL,OBL,OBL,OBL,OBL,OBL,OBL,OBL,OBL,,Water-Lettuce
Pitcairnia angustifolia,,,FAC,,,,,,,,Pina-Cortadora
Pithecellobium dulce,UPL,,FACU,,UPL,FAC,,,,,Monkeypod
Pittosporum confertiflorum,,,,,,FACU,,,,,Ho'awa
Pittosporum gayanum,,,,,,FAC,,,,,Waialeale Cheesewood
Pittosporum glabrum,,,,,,FACU,,,,,Koolau Range Cheesewood
Pittosporum pentandrum,FACU,,,,,FACU,,,,,Taiwanese Cheesewood
Pityopsis graminifolia,UPL,,,UPL,FACU,,UPL,,,,Narrow-Leaf Silk-Grass
Pityopsis oligantha,FACW,,,FAC,,,,,,,Coastal-Plain Silk-Grass
Pityrogramma austroamericana,,,UPL,,,FACU,,,,,Leather-Leaf Gold-Back Fern
Pityrogramma calomelanos,UPL,,UPL,,,FAC,,,,,Dixie Silver-Back Fern
Pityrogramma ebenea,,,FAC,,,,,,,,Mountain Silver-Back Fern
Pityrogramma sulphurea,,,FACU,,,,,,,,Jamaican Gold-Back Fern
Pityrogramma trifoliata,FAC,,FACW,,,,,,,,Three-Leaf Gold-Back Fern
Plagiobothrys acanthocarpus,,OBL,,,,,,,OBL,,Adobe Popcorn-Flower
Plagiobothrys austiniae,,OBL,,,,,,,OBL,,Austin's Popcorn-Flower
Plagiobothrys bracteatus,,FACW,,,,,,,FACW,,Bracted Popcorn-Flower
Plagiobothrys chorisianus,,OBL,,,,,,,OBL,,Artist's Popcorn-Flower
Plagiobothrys distantiflorus,,OBL,,,,,,,OBL,,California Popcorn-Flower
Plagiobothrys figuratus,OBL,FACW,,OBL,,,OBL,OBL,FACW,FACW,Fragrant Popcorn-Flower
Plagiobothrys glaber,,OBL,,,,,,,OBL,,Hairless Popcorn-Flower
Plagiobothrys glyptocarpus,,FACW,,,,,,,FACW,,Sculptured Popcorn-Flower
Plagiobothrys greenei,,FACW,,,,,,,FACW,,Greene's Popcorn-Flower
Plagiobothrys hirtus,,,,,,,,,OBL,,Rough Popcorn-Flower
Plagiobothrys hispidulus,,FACW,,FACW,FACW,,FACW,FACW,FACW,FACW,Harsh Popcorn-Flower
Plagiobothrys humistratus,,OBL,,,,,,,OBL,,Dwarf Popcorn-Flower
Plagiobothrys hystriculus,,FACW,,,,,,,,,Bearded Popcorn-Flower
Plagiobothrys leptocladus,,OBL,,,FACW,,FACW,,FACW,,Alkali Popcorn-Flower
Plagiobothrys lithocaryus,,FACW,,,,,,,FACW,,Mayacamas Popcorn-Flower
Plagiobothrys mollis,,FACW,,,,,,,FACW,,Soft Popcorn-Flower
Plagiobothrys nitens,,OBL,,,,,,,FACW,,Shiny-Nutlet Popcorn-Flower
Plagiobothrys nothofulvus,,FAC,,,,,,,FAC,,Rusty Popcorn-Flower
Plagiobothrys orientalis,,,,,,,,,,FACW,Oriental Popcorn-Flower
Plagiobothrys parishii,,OBL,,,,,,,OBL,,Parish's Popcorn-Flower
Plagiobothrys reticulatus,,FACW,,,,,,FACW,FACW,,Netted Popcorn-Flower
Plagiobothrys salsus,,FACW,,,,,,,FACW,,Salty Popcorn-Flower
Plagiobothrys scouleri,,FACW,,,,,,,FACW,,Meadow Popcorn-Flower
Plagiobothrys stipitatus,,FACW,,,,,,,FACW,,Stalked Popcorn-Flower
Plagiobothrys strictus,,OBL,,,,,,,,,Calistoga Popcorn-Flower
Plagiobothrys tenellus,,FACU,,,,,,,FAC,,Pacific Popcorn-Flower
Plagiobothrys tener,,OBL,,,,,,,OBL,,Slender Popcorn-Flower
Plagiobothrys trachycarpus,,FACW,,,,,,FACW,FACW,,Rough-Fruit Popcorn-Flower
Plagiobothrys undulatus,,OBL,,,,,,,OBL,,Wavy-Stem Popcorn-Flower
Planera aquatica,OBL,,,OBL,OBL,,OBL,,,,Planertree
Planodes virginicum,FACU,FAC,,UPL,FAC,,FACU,FACU,FAC,,Virginia Winged Rockcress
Plantago arenaria,FACU,UPL,,FACU,FACU,,FACU,FACU,FACU,,Sand Plantain
Plantago australis,,FACW,,,,FAC,,,FACW,,Mexican Plantain
Plantago bigelovii,,OBL,,,,,,,OBL,,Annual Coastal Plantain
Plantago cordata,OBL,,,OBL,,,OBL,OBL,,,Heart-Leaf Plantain
Plantago coronopus,FACU,FAC,,FACU,FAC,,,FACU,FAC,,Buck-Horn Plantain
Plantago elongata,FACW,FACW,,FACW,FACW,,FACW,,FACW,,Prairie Plantain
Plantago eriopoda,,FACW,,,FAC,,FAC,FAC,FACW,FACU,Red-Woolly Plantain
Plantago firma,,FACW,,,,,,,FACW,,Chilean Plantain
Plantago heterophylla,FACW,,,FAC,FACW,,FACW,FACW,,,Slender Plantain
Plantago lanceolata,FACU,FAC,FACU,UPL,FAC,FACU,FACU,FACU,FACU,FACU,English Plantain
Plantago macrocarpa,,,,,,,,,OBL,FACW,Alaska Plantain
Plantago major,FAC,FAC,FACU,FACU,FAC,FACU,FAC,FACU,FAC,FAC,Great Plantain
Plantago maritima,FACW,FACW,,FACW,,,,FACW,FACW,FACW,Goosetongue
Plantago ovata,,FACU,,,FAC,,,,FACU,,Blond Plantain
Plantago pachyphylla,,,,,,FACW,,,,,Maui Plantain
Plantago princeps,,,,,,FAC,,,,,Ale
Plantago pusilla,FACU,FAC,,UPL,FAC,,FACU,FACU,FACU,,Dwarf Plantain
Plantago rhodosperma,UPL,FAC,,UPL,FACU,,FACU,,UPL,,Red-Seed Plantain
Plantago rugelii,FACU,FAC,,FACU,FACU,,FAC,FAC,FACU,,Black-Seed Plantain
Plantago sparsiflora,FACW,,,,,,,,,,Pineland Plantain
Plantago subnuda,,FACW,,,,,,,FACW,,Tall Coastal Plantain
Plantago virginica,FACU,FACU,,UPL,FACU,,FACU,FACU,FACU,,Pale-Seed Plantain
Platanthera X andrewsii,,,,OBL,,,OBL,OBL,,,_?_
Platanthera X apalachicola,FACW,,,,,,,,,,_?_
Platanthera X beckneri,FACW,,,,,,,,,,_?_
Platanthera X enigma,,,,,,,,FACW,,,_?_
Platanthera X estesii,,FACW,,,,,,,FAC,,_?_
Platanthera X folsomii,,FACW,,,,,,,FAC,,_?_
Platanthera X kelleyi,,FACW,,,,,,,FAC,,_?_
Platanthera X lassenii,,FACW,,,,,,,FACW,,_?_
Platanthera X lueri,FACW,,,,,,,,,,_?_
Platanthera X osceola,FACW,,,,,,,,,,_?_
Platanthera X smithii,,,,,FAC,,,,FAC,,_?_
Platanthera aquilonis,,OBL,,FACW,OBL,,FACW,FACW,FACW,FACW,Bog Orchid
Platanthera blephariglottis,OBL,,,OBL,,,OBL,OBL,,,White Fringed Orchid
Platanthera brevifolia,,FAC,,,FACU,,,,FACU,,Short-Leaf Fringed Orchid
Platanthera chapmanii,FACW,,,,,,,,,,Chapman's Fringed Orchid
Platanthera chorisiana,,,,,,,,,OBL,OBL,Choriso Bog Orchid
Platanthera ciliaris,FACW,,,FACW,FACW,,FACW,FACW,,,Yellow Fringed Orchid
Platanthera clavellata,OBL,,,FACW,OBL,,OBL,FACW,,,Green Woodland Orchid
Platanthera conspicua,FACW,,,FACW,,,,,,,_?_
Platanthera cristata,OBL,,,FACW,OBL,,,FACW,,,Crested Yellow Orchid
Platanthera fissa,FACW,,,FACW,,,FACW,FACW,,,Pride-of-the-Peak
Platanthera flava,FACW,,,FACW,FACW,,FACW,FACW,,,Pale-Green Orchid
Platanthera grandiflora,FACW,,,FACW,,,FACW,FACW,,,Greater Purple Fringed Orchid
Platanthera hookeri,,,,FAC,FAC,,FAC,FAC,,,Hooker's Orchid
Platanthera huronensis,OBL,OBL,,OBL,OBL,,FACW,FACW,OBL,OBL,Lake Huron Green Orchid
Platanthera integra,OBL,,,OBL,,,,,,,Yellow Fringeless Orchid
Platanthera integrilabia,OBL,,,OBL,,,,,,,White Fringeless Orchid
Platanthera lacera,FACW,,,FACW,FACW,,FACW,FACW,,,Green Fringed Orchid
Platanthera leucophaea,OBL,,,FACW,OBL,,FACW,FACW,,,Prairie White Fringed Orchid
Platanthera limosa,,OBL,,,OBL,,,,OBL,,Thurber's Bog Orchid
Platanthera macrophylla,,,,FACW,,,,FAC,,,Greater Round-Leaf Orchid
Platanthera nivea,FACW,,,FACW,FACW,,,,,,Snowy Orchid
Platanthera obtusata,,FACW,,,FACW,,FACW,FACW,FACW,FACW,Blunt-Leaf Orchid
Platanthera orbiculata,,FAC,,FAC,FAC,,FAC,FAC,FACU,FAC,Lesser Round-Leaf Orchid
Platanthera praeclara,,,,,FACW,,FACW,FACW,,,Great Plains White Fringed Orchid
Platanthera psycodes,FACW,,,FACW,FACW,,FACW,FACW,,,Lesser Purple Fringed Orchid
Platanthera rotundifolia,,OBL,,,,,OBL,OBL,OBL,FACW,Round-Leaf Orchid
Platanthera shriveri,,,,FAC,,,,,,,Shriver's Fringed Orchid
Platanthera sparsiflora,,FACW,,,FACW,,,,FACW,,Canyon Bog Orchid
Platanthera stricta,,FACW,,,FACW,,,,FACW,FACW,Slender Bog Orchid
Platanthera tescamnis,,OBL,,,OBL,,,,OBL,,Intermountain Bog Orchid
Platanthera tipuloides,,,,,,,,,,FACW,Aleutian Bog Orchid
Platanthera yosemitensis,,FACW,,,,,,,FACW,,Yosemite Bog Orchid
Platanus occidentalis,FACW,FAC,,FACW,FAC,,FACW,FACW,,,American Sycamore
Platanus racemosa,,FAC,,,,,,,FACW,,California Sycamore
Platanus wrightii,,FACW,,,,,,,FACW,,Arizona Sycamore
Platydesma remyi,,,,,,FACU,,,,,Hawaii Pilo Kea
Platydesma spathulata,,,,,,FAC,,,,,Maui Pilo Kea
Platythelys latifolia,FACW,,,,,,,,,,Jug Orchid
Plecostachys serpyllifolia,,FACU,,,,,,,,,Petite-Licorice
Plectritis ciliosa,,FACU,,,,,,,FACU,,Long-Spur Seablush
Plectritis congesta,,FACU,,,,,,,FACU,,Short-Spur Seablush
Plectritis macrocera,,FACU,,,,,,,FACU,,White Seablush
Pleea tenuifolia,OBL,,,OBL,,,,,,,Rush-Featherling
Pleomele fernaldii,,,,,,FAC,,,,,Lanai Hala Pepe
Pleopeltis polypodioides,FAC,,UPL,FACU,FACU,,FACU,UPL,,,Resurrection Fern
Pleuropogon californicus,,OBL,,,,,,,OBL,,California False Semaphore Grass
Pleuropogon hooverianus,,FACW,,,,,,,FACW,,North Coast False Semaphore Grass
Pleuropogon oregonus,,OBL,,,,,,,OBL,,Oregon False Semaphore Grass
Pleuropogon refractus,,OBL,,,,,,,OBL,,Nodding False Semaphore Grass
Pluchea baccharis,FACW,,,FACW,FACW,,,,,,Rosy Camphorweed
Pluchea camphorata,FACW,,,FACW,FACW,,FACW,FACW,,,Plowman's-Wort
Pluchea carolinensis,FACW,,FACW,,,FAC,,,,,Cure-For-All
Pluchea foetida,OBL,,,OBL,FACW,,,,,,Stinking Camphorweed
Pluchea indica,,,,,,FAC,,,,,Indian Camphorweed
Pluchea longifolia,OBL,,,,,,,,,,Long-Leaf Camphorweed
Pluchea odorata,FACW,FACW,FACW,FACW,FACW,,FACW,OBL,FACW,,Sweetscent
Pluchea sagittalis,OBL,,,,,,,,,,Wing-Stem Camphorweed
Pluchea sericea,,FACW,,,FAC,,,,FACW,,Arrow-Weed
Plumbago auriculata,UPL,UPL,UPL,UPL,,FACU,,,,,Cape Leadwort
Plumbago zeylanica,UPL,FAC,UPL,,FAC,FACU,,,,,Wild Leadwort
Pneumatopteris hudsoniana,,,,,,FACU,,,,,Hudson's Air Fern
Pneumatopteris sandwicensis,,,,,,FAC,,,,,Hawaii Air Fern
Poa abbreviata,,FACU,,,FAC,,,,FACU,FACU,Northern Blue Grass
Poa alpina,,FAC,,,FACU,,,FACU,FAC,FACU,Alpine Blue Grass
Poa alsodes,FACU,,,FACW,,,FACW,FAC,,,Grove Blue Grass
Poa annua,FACU,FAC,FACU,FACU,FACU,FACU,FACU,FACU,FAC,FAC,Annual Blue Grass
Poa arctica,,FACU,,,FACW,,,,FACU,FAC,Arctic Blue Grass
Poa arida,FAC,FAC,,FAC,FAC,,FAC,FAC,UPL,,Prairie Blue Grass
Poa arnowiae,,FACU,,,,,,,FACU,,Arnow's Blue Grass
Poa atropurpurea,,FACW,,,,,,,,,San Bernardino Blue Grass
Poa autumnalis,FAC,,,FAC,FAC,,FAC,FAC,,,Autumn Blue Grass
Poa bulbosa,FACU,FACU,,FACU,FACU,,FACU,FACU,FACU,,Bulbous Blue Grass
Poa chapmaniana,FAC,,,UPL,FACU,,FACU,FACU,,,Chapman's Blue Grass
Poa compressa,FACU,FACU,,FACU,FACU,FACU,FACU,FACU,FACU,FAC,Flat-Stem Blue Grass
Poa douglasii,,FACU,,,,,,,FACU,,Seashore Blue Grass
Poa eminens,,,,,,,,,,FAC,Large-Flower Blue Grass
Poa interior,,FAC,,,FAC,,FAC,FAC,FAC,FAC,Inland Blue Grass
Poa leibergii,,FACU,,,,,,,FACU,,Leiberg's Blue Grass
Poa leptocoma,,FACW,,,OBL,,,,FACW,FAC,Marsh Blue Grass
Poa macrantha,,UPL,,,,,,,FACU,UPL,Sand-Dune Blue Grass
Poa macrocalyx,,,,,,,,,,FAC,Large-Glume Blue Grass
Poa mannii,,,,,,FAC,,,,,Olokele Gulch Blue Grass
Poa marcida,,,,,,,,,FACW,,Withered Blue Grass
Poa napensis,,OBL,,,,,,,,,Napa Blue Grass
Poa nemoralis,FAC,FAC,,FAC,FACU,,FACU,FACU,FAC,FAC,Forest Blue Grass
Poa nervosa,,,,,,,,,FACU,,Hooker's Blue Grass
Poa paludigena,FACW,,,FACW,,,OBL,OBL,,,Bog Blue Grass
Poa palustris,FAC,FAC,,FACW,FACW,,FACW,FACW,FAC,FAC,Fowl Blue Grass
Poa pratensis,FACU,FAC,FACU,FACU,FACU,FACU,FAC,FACU,FAC,FACU,Kentucky Blue Grass
Poa pseudoabbreviata,,,,,,,,,,FAC,Polar Blue Grass
Poa reflexa,,FAC,,,OBL,,,,OBL,,Nodding Blue Grass
Poa sandvicensis,,,,,,FAC,,,,,Hawaii Blue Grass
Poa secunda,FACU,FACU,,FACU,FACU,,FACU,FACU,FACU,FACU,Curly Blue Grass
Poa siphonoglossa,,,,,,FAC,,,,,Kauai Blue Grass
Poa stebbinsii,,FACU,,,,,,,FACU,,Subalpine Blue Grass
Poa stenantha,,FACU,,,FAC,,,,FACU,FAC,Narrow-Flower Blue Grass
Poa sylvestris,FACW,,,FACW,FAC,,FAC,FAC,,,Woodland Blue Grass
Poa trivialis,FACW,FACW,,FACW,FACW,,FACW,FACW,FAC,FAC,Rough-Stalk Blue Grass
Poa unilateralis,,FACU,,,,,,,FACU,,San Francisco Blue Grass
Podagrostis aequivalvis,,,,,,,,,OBL,OBL,Arctic False Bent
Podagrostis humilis,,FACW,,,FACW,,,,FACW,FACW,Alpine False Bent
Podocarpus coriaceus,,,FAC,,,,,,,,Yucca Plum-Pine
Podophyllum peltatum,FACU,,,FACU,FACU,,FACU,FACU,,,May-Apple
Podostemum ceratophyllum,OBL,,,OBL,,,OBL,OBL,,,Horn-Leaf Riverweed
Pogogyne abramsii,,OBL,,,,,,,,,San Diego Mesa-Mint
Pogogyne clareana,,FACW,,,,,,,,,Santa Lucia Mesa-Mint
Pogogyne douglasii,,OBL,,,,,,,OBL,,Douglas' Mesa-Mint
Pogogyne floribunda,,OBL,,,,,,,OBL,,Profuse-Flower Mesa-Mint
Pogogyne nudiuscula,,OBL,,,,,,,,,Otay Mesa-Mint
Pogogyne serpylloides,,FACW,,,,,,,FACW,,Thyme-Leaf Mesa-Mint
Pogogyne ziziphoroides,,OBL,,,,,,,OBL,,Sacramento Mesa-Mint
Pogonatherum crinitum,,,,,,FACW,,,,,Gold Grass
Pogonia ophioglossoides,OBL,,,OBL,OBL,,OBL,OBL,,,Snake-Mouth Orchid
Polanisia dodecandra,FACU,FACU,,FACU,FACU,,UPL,UPL,FACU,,Red-Whisker Clammyweed
Polemonium acutiflorum,,,,,,,,,,FAC,Tall Jacob's-Ladder
Polemonium caeruleum,FACW,,,FACW,,,FACW,FACW,,,Charity
Polemonium foliosissimum,,FAC,,,FAC,,,,FACU,,Towering Jacob's-Ladder
Polemonium longii,,,,FACU,,,,,,,Long's Jacob's-Ladder
Polemonium micranthum,,FACU,,FACU,FACU,,,FACU,FACU,,Annual Jacob's-Ladder
Polemonium occidentale,,FACW,,,FACW,,FACW,FACW,FACW,,Western Jacob's-Ladder
Polemonium pauciflorum,,FACW,,,,,,,,,Few-Flower Jacob's-Ladder
Polemonium reptans,FAC,,,FACU,FAC,,FAC,FAC,,,Greek-Valerian
Polemonium vanbruntiae,FACW,,,FACW,,,,FACW,,,Bog Jacob's-Ladder
Polyctenium fremontii,,FAC,,,,,,,FAC,,Desert Combleaf
Polygala ambigua,FACU,FACU,,FACU,FACU,,FACU,FACU,,,Alternate Milkwort
Polygala balduinii,OBL,,,,,,,,,,Baldwin's Milkwort
Polygala brevifolia,FACW,,,FACW,,,,OBL,,,Little-Leaf Milkwort
Polygala chapmanii,OBL,,,,,,,,,,Chapman's Milkwort
Polygala crenata,FACW,,,,,,,,,,Scalloped Milkwort
Polygala cruciata,OBL,,OBL,FACW,OBL,,FACW,FACW,,,Drumheads
Polygala cymosa,OBL,,,OBL,,,,,,,Tall Pine-Barren Milkwort
Polygala hookeri,FACW,,,FACW,,,,,,,Hooker's Milkwort
Polygala incarnata,FAC,,,FACU,FAC,,FACU,FACU,,,Procession-Flower
Polygala longicaulis,,,FAC,FAC,,,,,,,Long-Stem Milkwort
Polygala lutea,FACW,,,FACW,,,,FACW,,,Orange Milkwort
Polygala mariana,FACW,,,FACW,FACW,,FACW,FACW,,,Maryland Milkwort
Polygala nana,FACW,,,FAC,,,,,,,Candyroot
Polygala nuttallii,FACW,,,FAC,,,,FAC,,,Nuttall's Milkwort
Polygala paniculata,,,FACU,,,FACU,,,,,Orosne
Polygala polygama,FACU,,,UPL,FACU,,FACU,FACU,,,Racemed Milkwort
Polygala ramosa,OBL,,,FACW,OBL,,,,,,Low Pine-Barren Milkwort
Polygala rugelii,FACW,,,,,,,,,,Yellow Milkwort
Polygala sanguinea,FAC,FACU,,FAC,FACW,,FACU,FACU,FAC,,Purple Milkwort
Polygala senega,FACU,,,FACU,FACU,,FACU,FACU,FACU,,Seneca-Snakeroot
Polygala setacea,FACW,,,,,,,,,,Coastal-Plain Milkwort
Polygala smallii,FACU,,,,,,,,,,Tiny Milkwort
Polygala tenella,FACW,,,,FACW,,,,,,Swamp Milkwort
Polygala verticillata,UPL,FACU,,UPL,FACU,,UPL,UPL,UPL,,Whorled Milkwort
Polygaloides paucifolia,FACU,,,FACU,FACU,,FACU,FACU,,,Gaywings
Polygonatum biflorum,FACU,FACU,,FACU,FACU,,FACU,FACU,FACU,,King Solomon's-Seal
Polygonatum pubescens,FACU,,,FACU,FACU,,FACU,FACU,,,Hairy Solomon's-Seal
Polygonum achoreum,FAC,FACU,,FACU,FACU,,FAC,FACU,FACU,FAC,Leathery Knotweed
Polygonum argyrocoleon,OBL,FAC,,OBL,OBL,FAC,OBL,FAC,FAC,,Silver-Sheath Knotweed
Polygonum austiniae,,FACU,,,FACU,,,,FACU,,Mrs. Austin's Knotweed
Polygonum aviculare,FAC,FAC,UPL,FACU,FACU,FACU,FAC,FACU,FAC,FAC,Yard Knotweed
Polygonum douglasii,FACU,FACU,,UPL,FACU,,FACU,FACU,FACU,,Douglas' Knotweed
Polygonum engelmannii,,FACU,,,FACU,,,,FACU,,Engelmann's Knotweed
Polygonum erectum,FACU,FACU,,FACU,FAC,,FACU,FACU,FACU,,Erect Knotweed
Polygonum fowleri,,FACW,,,,,,FACW,FACW,FAC,Fowler's Knotweed
Polygonum glaucum,FACU,,,FACU,,,,FACU,,,Seaside Knotweed
Polygonum kelloggii,,FACW,,,FACW,,,,FACW,,Kellogg's Knotweed
Polygonum majus,,FACU,,,,,,,FACU,,Wiry Knotweed
Polygonum marinense,,OBL,,,,,,,OBL,,Marin Knotweed
Polygonum minimum,,FACU,,,FAC,,,,FACU,FACU,Zigzag Knotweed
Polygonum parryi,,FAC,,,,,,,FAC,,Parry's Knotweed
Polygonum patulum,FAC,FACW,,FAC,FACW,,UPL,FACU,FACW,,Bellard's Knotweed
Polygonum plebeium,FACW,,,,,,,,,,Common Knotweed
Polygonum polygaloides,,FACW,,,,,,,FACW,,White-Margin Knotweed
Polygonum raii,,,,,,,,FAC,,,Ray's Knotweed
Polygonum ramosissimum,FACU,FAC,,FAC,FACW,,FACU,FAC,FAC,FACU,Yellow-Flower Knotweed
Polygonum sawatchense,,FACU,,,FACU,,,,FACU,,Sawatch Knotweed
Polygonum spergulariiforme,,FACU,,,FACU,,,,FACU,,Fall Knotweed
Polygonum striatulum,FACW,FACW,,,FACW,,,,,,Striped Knotweed
Polymnia canadensis,,,,FACU,,,FACU,FACU,,,Whiteflower leafcup
Polypodium pellucidum,,,,,,FACU,,,,,Dotted Polypody
Polypogon australis,,FACW,,,,,,,FACW,,Chilean Rabbit's-Foot Grass
Polypogon elongatus,,OBL,,,OBL,,,,OBL,,Streambank Rabbit's-Foot Grass
Polypogon fugax,,FACU,,,,FACW,,,,,Hill Rabbit's-Foot Grass
Polypogon interruptus,OBL,FACW,,FACW,OBL,FACW,FACW,FACW,FACW,,Ditch Rabbit's-Foot Grass
Polypogon maritimus,OBL,OBL,,,FACW,,,,OBL,,Maritime Rabbit's-Foot Grass
Polypogon monspeliensis,FACW,FACW,,FACW,FACW,FACW,OBL,OBL,FACW,FACW,Annual Rabbit's-Foot Grass
Polypogon viridis,FACW,FACW,FACU,FACW,FACW,FAC,,FACW,FACW,,Beardless Rabbit's-Foot Grass
Polypremum procumbens,FACU,FACU,FAC,UPL,UPL,,UPL,,,,Juniper-Leaf
Polystichum acrostichoides,FACU,,,FACU,FACU,,UPL,FACU,,,Christmas Fern
Polystichum lonchitis,,FACU,,UPL,FACU,,,UPL,FACU,UPL,Northern Holly Fern
Polystichum munitum,,FACU,,FACU,FACU,,,FACU,FACU,FACU,Pineland Sword Fern
Pontederia cordata,OBL,OBL,OBL,OBL,OBL,,OBL,OBL,OBL,,Pickerelweed
Pontederia rotundifolia,OBL,,,,,,,,,,Tropical Pickerelweed
Ponthieva racemosa,FACW,,FAC,OBL,,,,,,,Hairy Shadow-Witch
Populus X acuminata,,FAC,,,FAC,,,,FAC,,_?_
Populus X hinckleyana,,FAC,,,FAC,,,,FACU,,_?_
Populus angustifolia,,FACW,,,FACW,,,,FACW,,Narrow-Leaf Cottonwood
Populus balsamifera,FACW,FAC,,FACW,FACW,,FACW,FACW,FAC,FACU,Balsam Poplar
Populus deltoides,FAC,FAC,,FAC,FAC,,FAC,FAC,FAC,,Eastern Cottonwood
Populus fremontii,,FACW,,,,,,,,,Fremont's Cottonwood
Populus grandidentata,FACU,,,FACU,FACU,,FACU,FACU,,,Big-Tooth Aspen
Populus heterophylla,OBL,,,OBL,,,OBL,OBL,,,Swamp Cottonwood
Populus tremula,,,,FACU,,,,FAC,,,European Aspen
Populus tremuloides,FAC,FACU,,FAC,FAC,,FAC,FACU,FACU,FACU,Quaking Aspen
Porterella carnosula,,OBL,,,,,,,OBL,,Porterplant
Portulaca grandiflora,UPL,UPL,UPL,UPL,UPL,,FACU,UPL,UPL,,Rose-Moss
Portulaca halimoides,FACW,FAC,FAC,FACW,FACW,,,,FACW,,Silk-Cotton Purslane
Portulaca oleracea,FACU,FAC,FAC,FAC,FAC,FACU,FACU,FACU,FAC,,Little-Hogweed
Portulaca pilosa,FACU,FACU,FACU,FACU,FACU,FACU,FACU,,FACU,,Kiss-Me-Quick
Portulaca sclerocarpa,,,,,,FACU,,,,,Ihi Makole
Portulaca umbraticola,FAC,FACU,,FAC,FAC,,,,FAC,,Wing-Pod Purslane
Posidonia oceanica,,,OBL,,,,,,,,Mediterranean Tapeweed
Potamogeton X absconditus,,,,,,,,OBL,,,_?_
Potamogeton X aemulans,,,,,,,,OBL,,,_?_
Potamogeton X argutulus,OBL,,,OBL,,,,OBL,,,_?_
Potamogeton X faxonii,OBL,OBL,,OBL,OBL,,OBL,OBL,,,_?_
Potamogeton X griffithii,,,,,,,OBL,OBL,,,_?_
Potamogeton X hagstroemii,,,,OBL,,,OBL,OBL,OBL,,_?_
Potamogeton X haynesii,,,,,,,OBL,OBL,,,_?_
Potamogeton X mirabilis,,,,,,,,OBL,,,_?_
Potamogeton X mysticus,OBL,,,,,,,OBL,,,_?_
Potamogeton X nericus,,OBL,,,OBL,,OBL,OBL,OBL,,_?_
Potamogeton X nitens,,,,OBL,,,,OBL,,,_?_
Potamogeton X prussicus,,,,,,,,OBL,,,_?_
Potamogeton X rectifolius,,,,OBL,,,OBL,OBL,OBL,,_?_
Potamogeton X scoliophyllus,,,,,,,OBL,OBL,,,_?_
Potamogeton X sparganiifolius,,,,OBL,,,,OBL,,,_?_
Potamogeton X spathuliformis,,OBL,,,OBL,,OBL,OBL,OBL,,_?_
Potamogeton X subdentatus,OBL,,,,,,,OBL,,,_?_
Potamogeton X subobtusus,,,,,,,,OBL,,,_?_
Potamogeton X subsessilis,,,,,,,,OBL,,,_?_
Potamogeton X undulatus,,,,,,,OBL,OBL,,,_?_
Potamogeton X versicolor,,,,,,,,OBL,,,_?_
Potamogeton alpinus,OBL,OBL,,OBL,OBL,,OBL,OBL,OBL,OBL,Reddish Pondweed
Potamogeton amplifolius,OBL,OBL,,OBL,OBL,,OBL,OBL,OBL,,Large-Leaf Pondweed
Potamogeton berchtoldii,OBL,OBL,,OBL,OBL,,OBL,OBL,OBL,OBL,Little Aguja Pondweed
Potamogeton bicupulatus,OBL,,,OBL,,,OBL,OBL,,,Snail-Seed Pondweed
Potamogeton clystocarpus,,OBL,,,,,,,,,Little Aguja Pondweed
Potamogeton confervoides,OBL,,,OBL,,,OBL,OBL,,,Tuckerman's Pondweed
Potamogeton crispus,OBL,OBL,,OBL,OBL,,OBL,OBL,OBL,,Curly Pondweed
Potamogeton diversifolius,OBL,OBL,,OBL,OBL,,OBL,OBL,OBL,,Waterthread
Potamogeton epihydrus,OBL,OBL,,OBL,OBL,,OBL,OBL,OBL,OBL,Ribbon-Leaf Pondweed
Potamogeton floridanus,OBL,,,,,,,,,,Florida Pondweed
Potamogeton foliosus,OBL,OBL,OBL,OBL,OBL,OBL,OBL,OBL,OBL,OBL,Leafy Pondweed
Potamogeton friesii,OBL,OBL,,OBL,OBL,,OBL,OBL,OBL,OBL,Flat-Stalk Pondweed
Potamogeton gramineus,OBL,OBL,,OBL,OBL,,OBL,OBL,OBL,OBL,Grassy Pondweed
Potamogeton hillii,,,,OBL,,,,OBL,,,Hill's Pondweed
Potamogeton illinoensis,OBL,OBL,OBL,OBL,OBL,OBL,OBL,OBL,OBL,,Illinois Pondweed
Potamogeton marianensis,,,,,,OBL,,,,,_?_
Potamogeton natans,OBL,OBL,,OBL,OBL,,OBL,OBL,OBL,OBL,Broad-Leaf Pondweed
Potamogeton nodosus,OBL,OBL,OBL,OBL,OBL,OBL,OBL,OBL,OBL,,Long-Leaf Pondweed
Potamogeton oakesianus,OBL,,,OBL,,,OBL,OBL,,,Oakes' Pondweed
Potamogeton oblongus,OBL,,,OBL,,,,OBL,,,Cinnamon-Spot Pondweed
Potamogeton obtusifolius,,OBL,,OBL,OBL,,OBL,OBL,OBL,OBL,Blunt-Leaf Pondweed
Potamogeton ogdenii,,,,,,,,OBL,,,Ogden's Pondweed
Potamogeton perfoliatus,OBL,,,OBL,,,OBL,OBL,,,Clasping-Leaf Pondweed
Potamogeton praelongus,,OBL,,OBL,OBL,,OBL,OBL,OBL,OBL,White-Stem Pondweed
Potamogeton pulcher,OBL,,,OBL,OBL,,OBL,OBL,,,Spotted Pondweed
Potamogeton pusillus,OBL,OBL,,OBL,OBL,,OBL,OBL,OBL,OBL,Small Pondweed
Potamogeton richardsonii,OBL,OBL,,OBL,OBL,,OBL,OBL,OBL,OBL,Red-Head Pondweed
Potamogeton robbinsii,OBL,OBL,,OBL,OBL,,OBL,OBL,OBL,OBL,Fern Pondweed
Potamogeton spirillus,OBL,,,OBL,OBL,,OBL,OBL,,,Spiral Pondweed
Potamogeton strictifolius,,OBL,,OBL,OBL,,OBL,OBL,OBL,,Straight-Leaf Pondweed
Potamogeton subsibiricus,,,,,,,,,,OBL,Yenisei River Pondweed
Potamogeton tennesseensis,OBL,,,OBL,,,OBL,OBL,,,Tennessee Pondweed
Potamogeton tricarinatus,,,,,,OBL,,,,,Floating Pondweed
Potamogeton vaseyi,OBL,,,OBL,OBL,,OBL,OBL,,,Vasey's Pondweed
Potamogeton zosteriformis,OBL,OBL,,OBL,OBL,,OBL,OBL,OBL,OBL,Flat-Stem Pondweed
Potentilla X nana,,FAC,,,FAC,,,,FAC,FAC,_?_
Potentilla anserina,OBL,OBL,,OBL,FACW,,FACW,FACW,OBL,FACW,Silverweed
Potentilla argentea,FACU,FACU,,UPL,FACU,,FACU,FACU,FACU,,Silver-Leaf Cinquefoil
Potentilla basaltica,,FACW,,,,,,,FACW,,Soldier Meadows Cinquefoil
Potentilla biennis,,FACW,,,FACW,,,,FACW,,Biennial Cinquefoil
Potentilla breweri,,FAC,,,,,,,FAC,,Brewer's Cinquefoil
Potentilla bruceae,,FAC,,,,,,,FAC,,Bruce's Cinquefoil
Potentilla drummondii,,FAC,,,,,,,FAC,UPL,Drummond's Cinquefoil
Potentilla flabellifolia,,FACW,,,,,,,FAC,,Fringe-Leaf Cinquefoil
Potentilla glaucophylla,,FACU,,,FACW,,,,FACU,FACW,Mountain-Meadow Cinquefoil
Potentilla gracilis,,FAC,,,FAC,,FAC,FAC,FAC,FAC,Graceful Cinquefoil
Potentilla hickmanii,,FACW,,,,,,,FACW,,Hickman's Cinquefoil
Potentilla indica,FACU,UPL,,FACU,FAC,,FACU,FACU,UPL,,Indian-Strawberry
Potentilla litoralis,,,,,,,,FACU,,,Coastal Cinquefoil
Potentilla millefolia,,FACW,,,,,,,FACW,,Cut-Leaf Cinquefoil
Potentilla multijuga,,OBL,,,,,,,,,Ballona Cinquefoil
Potentilla newberryi,,OBL,,,,,,,OBL,,Newberry's Cinquefoil
Potentilla norvegica,FAC,FAC,,FACU,FAC,,FAC,FAC,FAC,FAC,Norwegian Cinquefoil
Potentilla pensylvanica,,FACU,,FACU,FACU,,FACU,FACU,FACU,FACU,Pennsylvania Cinquefoil
Potentilla plattensis,,FACW,,,FACW,,FACW,,FACW,,Platte River Cinquefoil
Potentilla pulcherrima,,FAC,,,FAC,,,FAC,FAC,,Soft Cinquefoil
Potentilla rivalis,FACW,FACW,,FACW,FACW,,FACW,FACW,FACW,,Brook Cinquefoil
Potentilla rubricaulis,,FACU,,,FACU,,,,FACU,FACU,Rocky Mountain Cinquefoil
Potentilla simplex,FACU,,,FACU,UPL,,FACU,FACU,,,Oldfield Cinquefoil
Potentilla supina,FACW,FACW,,OBL,FACW,,FACW,FACW,FACW,,Bushy Cinquefoil
Potentilla thurberi,,FACW,,,FACW,,,,FACW,,Scarlet Cinquefoil
Potentilla uliginosa,,OBL,,,,,,,FACW,,Cunningham Marsh Cinquefoil
Poterium sanguisorba,FAC,FACU,,FAC,FACU,,FAC,FAC,UPL,,_?_
Pouteria multiflora,,,FACU,,,,,,,,Bullytree
Pouzolzia zeylanica,FAC,,,,,,,,,,Graceful Pouzolz's-Bush
Praxelis clematidea,FACU,,,,,,,,,,Praxelis
Prescottia oligantha,UPL,,FAC,,,,,,,,Small Prescott Orchid
Prescottia stachyodes,,,FACW,,,,,,,,Mountain Prescott Orchid
Prestoea acuminata,,,FACW,,,,,,,,Sierran Palm
Primula alcalina,,OBL,,,,,,,OBL,,Blue-Dome Primrose
Primula angustifolia,,FACU,,,FAC,,,,FACU,,Alpine Primrose
Primula capillaris,,FACW,,,,,,,,,Ruby Mountain Primrose
Primula cuneifolia,,,,,,,,,,OBL,Pixie-Eyes
Primula cusickiana,,FAC,,,,,,,FAC,,Wallowa Primrose
Primula egaliksensis,,OBL,,,FACW,,,,OBL,FACW,Greenland Primrose
Primula incana,,OBL,,,FACW,,,,OBL,FACW,Silvery Primrose
Primula laurentiana,,,,,,,,FAC,,,Bird-Eye Primrose
Primula mistassinica,,,,,FACW,,FACW,FACW,,FACW,Lake Mistassini Primrose
Primula nutans,,,,,,,,,,FACW,Sleepy Primrose
Primula parryi,,FAC,,,FAC,,,,FAC,,Brook Primrose
Primula rusbyi,,FAC,,,FAC,,,,FAC,,Rusby's Primrose
Primula suffrutescens,,FAC,,,,,,,FAC,,Sierran Primrose
Primula tschuktschorum,,,,,,,,,,FACW,Chukchi Primrose
Pristimera caribaea,,,FAC,,,,,,,,Bejuco-Prieto
Pritchardia affinis,,,,,,FACU,,,,,Hawaii Lo'ulu
Pritchardia arecina,,,,,,FAC,,,,,Maui Lo'ulu
Pritchardia beccariana,,,,,,FAC,,,,,Kilauea Lo'ulu
Pritchardia flynnii,,,,,,FACU,,,,,Flynn's Lo'ulu
Pritchardia forbesiana,,,,,,FAC,,,,,Mt. Eke Lo'ulu
Pritchardia hardyi,,,,,,FAC,,,,,Makaleha Lo'ulu
Pritchardia hillebrandii,,,,,,FAC,,,,,Lo'ulu Lelo
Pritchardia kaalae,,,,,,FACU,,,,,Waianae Lo'ulu
Pritchardia lanaiensis,,,,,,FACU,,,,,Lanai Lo'ulu
Pritchardia lanigera,,,,,,FAC,,,,,Lo'ulu
Pritchardia limahuliensis,,,,,,FAC,,,,,Limahuli Valley Lo'ulu
Pritchardia lowreyana,,,,,,FACU,,,,,Molokai Lo'ulu
Pritchardia martii,,,,,,FAC,,,,,Koolau Lo'ulu
Pritchardia minor,,,,,,FAC,,,,,Alakai Swamp Lo'ulu
Pritchardia munroi,,,,,,FACU,,,,,Kamalo Lo'ulu
Pritchardia remota,,,,,,FACU,,,,,Nihoa Lo'ulu
Pritchardia viscosa,,,,,,FAC,,,,,Sticky-Bud Lo'ulu
Pritchardia waialealeana,,,,,,FAC,,,,,Poleline Lo'ulu
Proboscidea louisiana,FACU,FACU,,FACU,FACU,FACW,FAC,FAC,FACU,,Ram's-Horn
Procris pedunculata,,,,,,FACU,,,,,Shrubby-Nettle
Prosartes trachycarpa,,FACU,,,UPL,,,UPL,FACU,,Rough-Fruit Fairybells
Proserpinaca intermedia,OBL,,,OBL,,,,OBL,,,Intermediate Mermaidweed
Proserpinaca palustris,OBL,,,OBL,OBL,,OBL,OBL,,,Marsh Mermaidweed
Proserpinaca pectinata,OBL,,,OBL,OBL,,,OBL,,,Comb-Leaf Mermaidweed
Prosopis glandulosa,UPL,FACU,FAC,UPL,FACU,,UPL,,UPL,,Honey Mesquite
Prosopis juliflora,,,UPL,,,FACU,,,,,Mesquite
Prosopis pallida,,,FAC,,,FACU,,,,,Kiawe
Prosopis pubescens,,FAC,,,FAC,,,,FAC,,American Screw-Bean
Prosopis velutina,,FACU,,,FACU,,,,FACU,,Velvet Mesquite
Prunella vulgaris,FAC,FACU,,FACU,FAC,FACU,FAC,FAC,FACU,FAC,Common Selfheal
Prunus americana,UPL,FACU,,FACU,UPL,,UPL,UPL,FACU,,American Plum
Prunus avium,UPL,FACU,,UPL,UPL,,FACU,FACU,FACU,,Sweet Cherry
Prunus caroliniana,FACU,FACU,,FACU,FACU,,,,FACU,,Carolina Laurel Cherry
Prunus emarginata,,FACU,,,FAC,,,,FACU,,Bitter Cherry
Prunus nigra,,,,UPL,FACU,,FACU,FACU,,,Canadian Plum
Prunus occidentalis,,,FAC,,,,,,,,Western Cherry-Laurel
Prunus padus,UPL,,,UPL,UPL,,UPL,UPL,UPL,FACU,European Bird Cherry
Prunus pensylvanica,FACU,FACU,,FACU,FACU,,FACU,FACU,UPL,,Fire Cherry
Prunus serotina,FACU,FACU,,FACU,FACU,,FACU,FACU,FACU,,Black Cherry
Prunus virginiana,FACU,FAC,,FACU,FACU,,FACU,FACU,FACU,FAC,Choke Cherry
Psathyrostachys juncea,,UPL,,,FACU,,FAC,,FAC,UPL,Russian-Wild Rye
Psathyrotes annua,,FACU,,,,,,,UPL,,Mealy Turtleback
Pseudelephantopus spicatus,FACU,,UPL,,,FAC,,,,,Dog's-Tongue
Pseuderanthemum variabile,FAC,,UPL,FACU,,FACU,,,,,Night-and-Afternoon
Pseudognaphalium canescens,,FACU,,FACU,UPL,,,,FACU,,Wright's Rabbit-Tobacco
Pseudognaphalium luteoalbum,FAC,FAC,,FAC,FAC,,,FAC,FACW,,Jersey Rabbit-Tobacco
Pseudognaphalium stramineum,FAC,FAC,,FAC,FAC,,FAC,FAC,FAC,,Cotton-Batting-Plant
Pseudolycopodiella caroliniana,OBL,,OBL,FACW,FACW,,,FACW,,,Carolina False Clubmoss
Pseudophegopteris keraudreniana,,,,,,FACU,,,,,False Beech Fern
Pseudophoenix sargentii,FACU,,UPL,,,,,,,,Florida Cherry Palm
Pseudotsuga menziesii,FACU,FACU,,FACU,FACU,,FACU,FACU,FACU,,Douglas-Fir
Psidium cattleianum,FACU,FACU,UPL,,,FACU,,,,,Purple Strawberry Guava
Psidium guajava,FAC,UPL,UPL,,,FACU,,,,,Guava
Psidium sintenisii,,,FAC,,,,,,,,Sintenis' Guava
Psilactis asteroides,,FACW,,,FACW,,,,FACW,,New Mexico Bare-Ray-Aster
Psilocarphus brevissimus,,FACW,,,FACW,,,,FACW,,Dwarf Woollyheads
Psilocarphus chilensis,,FACW,,,,,,,FACW,,Chilean Woollyheads
Psilocarphus elatior,,FACW,,,,,,,FACW,,Tall Woollyheads
Psilocarphus oregonus,,OBL,,,,,,,OBL,,Oregon Woollyheads
Psilocarphus tenellus,,OBL,,,,,,,OBL,,Slender Woollyheads
Psilochilus macrophyllus,,,FACW,,,,,,,,Ragged-Lip Orchid
Psilotum X intermedium,,,,,,FACU,,,,,_?_
Psilotum complanatum,,,,,,FAC,,,,,Flat Fork Fern
Psilotum nudum,FAC,FACW,FACU,FACU,FACW,FACU,,,,,Whisk Fern
Psorothamnus arborescens,,FACU,,,,,,,FACU,,Mojave Smokebush
Psychotria berteriana,,,FAC,,,,,,,,Cachimbo-Cumun
Psychotria brachiata,,,FAC,,,,,,,,Palo-de-Cachimbo
Psychotria domingensis,,,FAC,,,,,,,,Cheakyberry
Psychotria fauriei,,,,,,FAC,,,,,Koolau Range Wild Coffee
Psychotria grandiflora,,,,,,FACU,,,,,Large-Flower Wild Coffee
Psychotria grandis,,,FAC,,,,,,,,Cachimbo-Grande
Psychotria hathewayi,,,,,,FACU,,,,,Waianae Range Wild Coffee
Psychotria hawaiiensis,,,,,,FACU,,,,,Kopiko 'Ula
Psychotria hexandra,,,,,,FACU,,,,,Woodland Wild Coffee
Psychotria honbroniana,,,,,,FACU,,,,,_?_
Psychotria kaduana,,,,,,FACU,,,,,Kopiko Kea
Psychotria mariniana,,,,,,FACU,,,,,Forest Wild Coffee
Psychotria mauiensis,,,,,,FACU,,,,,Opiko
Psychotria nervosa,FAC,,FAC,,,,,,,,Seminole Balsamo
Psychotria rotensis,,,,,,FACU,,,,,_?_
Psychotria tenuifolia,FACW,,FACU,,,,,,,,Short-Leaf Wild Coffee
Psychotria uliginosa,,,FACW,,,,,,,,Tres-Cabezas
Ptelea trifoliata,FACU,UPL,,FAC,FAC,,FACU,FACU,UPL,,Common Hoptree
Pteridium aquilinum,FACU,FACU,,FACU,FACU,FACU,FACU,FACU,FACU,FACU,Northern Bracken Fern
Pteris altissima,,,OBL,,,,,,,,Tall Brake
Pteris arborea,,,FACW,,,,,,,,Tree Brake
Pteris biaurita,,,FACW,,,,,,,,Thin-Leaf Brake
Pteris ensiformis,,,,,,FAC,,,,,Slender Brake
Pteris excelsa,,,,,,FACU,,,,,Waimakanui
Pteris grandifolia,OBL,,OBL,,,,,,,,Elephant-Leaf Brake
Pteris hillebrandii,,,,,,FACU,,,,,Hillebrand's Brake
Pteris irregularis,,,UPL,,,FACU,,,,,Zigzag Brake
Pteris longifolia,,,UPL,,,FACU,,,,,Long-Leaf Brake
Pteris lydgatei,,,,,,FACW,,,,,Lidgate's Brake
Pteris plumula,FAC,,FACW,,,FAC,,,,,Striped Brake
Pteris pungens,,,OBL,,,,,,,,Sharp Brake
Pteris tripartita,FACW,,FACU,,,FACU,,,,,Giant Brake
Pteris vittata,FAC,FAC,UPL,FAC,FAC,FACU,,,,,Ladder Brake
Pterocarpus officinalis,,,OBL,,,,,,,,Dragon's-Blood-Tree
Pterocaulon pycnostachyum,FACU,,,FACU,,,,,,,Dense-Spike Blackroot
Pterocaulon virgatum,FAC,,FAC,,FAC,,,,,,Wand Blackroot
Pterolepis glomerata,,,UPL,,,FAC,,,,,False Meadow-Beauty
Ptilagrostis kingii,,FACU,,,,,,,FACU,,Sierran False Needle Grass
Ptilimnium capillaceum,OBL,,FACW,OBL,FACW,,OBL,OBL,,,Herbwilliam
Ptilimnium costatum,FACW,,,FACW,OBL,,OBL,,,,Ribbed Mock Bishopweed
Ptilimnium nuttallii,FAC,,,FACW,FACW,,FACW,,,,Laceflower
Puccinellia andersonii,,,,,,,,,,OBL,Anderson's Alkali Grass
Puccinellia angustata,,,,,,,,,,FACW,Northern Alkali Grass
Puccinellia arctica,,,,,,,,,,FAC,Arctic Alkali Grass
Puccinellia distans,OBL,FACW,,OBL,FACW,,OBL,FACW,FACW,,Spreading Alkali Grass
Puccinellia fasciculata,OBL,OBL,,OBL,,,,OBL,OBL,,Saltmarsh Alkali Grass
Puccinellia hauptiana,,,,,,,,,,FACW,Amphi-Beringian Alkali Grass
Puccinellia howellii,,OBL,,,,,,,OBL,,Howell's Alkali Grass
Puccinellia hultenii,,,,,,,,,,OBL,Port Hobron Alkali Grass
Puccinellia kamtschatica,,,,,,,,,,OBL,Alaska Alkali Grass
Puccinellia lemmonii,,FACW,,,FACW,,,,FAC,,Lemmon's Alkali Grass
Puccinellia lucida,,OBL,,,,,,,OBL,,Shining Alkali Grass
Puccinellia maritima,OBL,,,OBL,,,,OBL,OBL,,Seaside Alkali Grass
Puccinellia nutkaensis,FACW,OBL,,FACW,,,FACW,FACW,OBL,OBL,Nootka Alkali Grass
Puccinellia nuttalliana,,FACW,,,OBL,,OBL,OBL,FACW,FACW,Nuttall's Alkali Grass
Puccinellia parishii,,OBL,,,,,,,OBL,,Parish's Alkali Grass
Puccinellia phryganodes,,,,,,,,,,OBL,Creeping Alkali Grass
Puccinellia pumila,,FACW,,,,,,,FACW,FACW,Dwarf Alkali Grass
Puccinellia simplex,,FACW,,,,,,,FACW,,California Alkali Grass
Puccinellia tenella,,,,FACW,,,,FACW,,OBL,Tundra Alkali Grass
Puccinellia vaginata,,,,,,,,,,FACW,Arctic Tussock Alkali Grass
Puccinellia wrightii,,,,,,,,,,OBL,Wright's Alkali Grass
Pueraria montana,FACU,UPL,,UPL,UPL,FAC,UPL,UPL,UPL,,Kudzu
Pulicaria paludosa,,FAC,,,,,,,,,Spanish False Fleabane
Pycnanthemum albescens,FAC,,,UPL,FAC,,UPL,,,,White-Leaf Mountain-Mint
Pycnanthemum flexuosum,FACW,,,FACW,,,,,,,Appalachian Mountain-Mint
Pycnanthemum floridanum,FAC,,,,,,,,,,Florida Mountain-Mint
Pycnanthemum muticum,FAC,,,FAC,UPL,,FAC,FAC,,,Clustered Mountain-Mint
Pycnanthemum nudum,FACW,,,,,,,,,,Coastal-Plain Mountain-Mint
Pycnanthemum setosum,FACU,,,FACU,,,,,,,Awned Mountain-Mint
Pycnanthemum tenuifolium,FACW,,,FACW,FAC,,FAC,FAC,,,Narrow-Leaf Mountain-Mint
Pycnanthemum verticillatum,FAC,,,FAC,FACW,,FAC,FAC,,,Whorled Mountain-Mint
Pycnanthemum virginianum,FAC,,,FAC,FAC,,FACW,FACW,FAC,,Virginia Mountain-Mint
Pyrola americana,FACU,,,FAC,FACU,,FACU,FAC,FACU,,American Wintergreen
Pyrola asarifolia,FAC,FAC,,FAC,FACU,,FACW,FACW,FACU,FACU,Pink Wintergreen
Pyrola chlorantha,UPL,FAC,,UPL,FACU,,FACU,FACU,FACU,FACU,Green-Flower Wintergreen
Pyrola elliptica,UPL,UPL,,UPL,UPL,,FACU,FACU,UPL,,Shinleaf
Pyrola grandiflora,,,,,,,,,,FAC,Arctic Wintergreen
Pyrola minor,,FACU,,,FACU,,,FAC,FACU,FAC,Snowline Wintergreen
Pyrrocoma hirta,,FAC,,,,,,,UPL,,Tacky Goldenweed
Pyrrocoma lanceolata,FAC,FAC,,,FACU,,,,FAC,,Lance-Leaf Goldenweed
Pyrrocoma racemosa,,FAC,,,,,,,FAC,,Clustered Goldenweed
Pyrrocoma uniflora,,FACW,,,FAC,,,,FACW,,Plantain Goldenweed
Pyrularia pubera,FACU,,,UPL,,,,UPL,,,Buffalo-Nut
Pyxidanthera barbulata,FAC,,,FACU,,,,FACU,,,Flowering Pixie-Moss
Quadrella jamaicensis,FAC,,UPL,,,,,,,,Jamaican Capertree
Quararibea turbinata,,,FAC,,,,,,,,Swizzlestick-Tree
Quercus X beadlei,FACW,,,FACW,,,FAC,,,,_?_
Quercus X macnabiana,FACU,,,FACU,FACU,,FACU,,,,_?_
Quercus alba,FACU,,,FACU,FACU,,FACU,FACU,,,Northern White Oak
Quercus bicolor,FACW,,,FACW,,,FACW,FACW,,,Swamp White Oak
Quercus falcata,FACU,,,FACU,FACU,,FACU,FACU,,,Southern Red Oak
Quercus garryana,,UPL,,,,,,,FACU,,Oregon White Oak
Quercus hemisphaerica,FACU,FACU,,FACU,FACW,,,,,,Darlington's Oak
Quercus imbricaria,FAC,,,FAC,FAC,,FACU,FACU,,,Shingle Oak
Quercus laurifolia,FACW,,,FACW,FACW,,,FACW,,,Laurel Oak
Quercus lobata,,FACU,,,,,,,FACU,,Valley Oak
Quercus lyrata,OBL,,,OBL,OBL,,OBL,,,,Overcup Oak
Quercus macrocarpa,FACU,FAC,,FAC,FACU,,FAC,FACU,FACU,,Burr Oak
Quercus michauxii,FACW,,,FACW,FACW,,FACW,FACW,,,Swamp Chestnut Oak
Quercus minima,FAC,,,FAC,,,,,,,Dwarf Live Oak
Quercus montana,UPL,,,UPL,,,FACU,UPL,,,Chestnut Oak
Quercus muehlenbergii,UPL,FAC,,UPL,FAC,,FACU,FACU,FACU,,Chinkapin Oak
Quercus nigra,FAC,,,FAC,FAC,,FACW,,,,Water Oak
Quercus oglethorpensis,FAC,,,FAC,,,,,,,Oglethorpe Oak
Quercus pagoda,FAC,,,FACW,FAC,,FACW,FACW,,,Cherry-Bark Oak
Quercus palustris,FACW,,,FACW,FAC,,FACW,FACW,,,Pin Oak
Quercus phellos,FACW,,,FAC,FACW,,FACW,FACW,,,Willow Oak
Quercus prinoides,UPL,,,UPL,UPL,,FACU,FACU,,,Dwarf Chinkapin Oak
Quercus rubra,FACU,FACU,,FACU,FACU,,FACU,FACU,FACU,,Northern Red Oak
Quercus shumardii,FAC,,,FAC,FAC,,FACW,FACW,,,Shumard's Oak
Quercus similis,FACW,,,FACW,FACW,,,,,,Bottom-Land Post Oak
Quercus stellata,UPL,,,UPL,FACU,,FACU,FACU,,,Post Oak
Quercus texana,FACW,,,OBL,FACW,,OBL,,,,Texas Red Oak
Quercus virginiana,FACU,FACU,,FACU,FACU,,,,UPL,,Live Oak
Quincula lobata,UPL,FACU,,,UPL,,UPL,,FACU,,Chinese-Lantern
Quisqualis indica,FACU,,UPL,,,,,,,,Rangoon Creeper
Raillardella pringlei,,OBL,,,,,,,OBL,,Showy Raillardella
Raillardella scaposa,,FACU,,,,,,,FACU,,Green-Leaf Raillardella
Rajania cordata,,,FAC,,,,,,,,Himber
Randia aculeata,FAC,,UPL,,,,,,,,White Indigo-Berry
Ranunculus abortivus,FACW,FACW,,FACW,FAC,,FACW,FAC,FACW,FAC,Kidney-Leaf Buttercup
Ranunculus acriformis,,FACW,,,FACW,,,,FACW,,Sharp-Leaf Buttercup
Ranunculus acris,FACW,FACW,,FAC,FACW,,FAC,FAC,FAC,FACW,Tall Buttercup
Ranunculus adoneus,,FACW,,,FACW,,,,FACW,,Alpine Buttercup
Ranunculus aestivalis,,FACW,,,,,,,FACW,,Fall Buttercup
Ranunculus alismifolius,,FACW,,,OBL,,,,FACW,,Water-Plantain Buttercup
Ranunculus allegheniensis,FACU,,,FAC,,,FAC,FAC,,,Allegheny Mountain Buttercup
Ranunculus ambigens,OBL,,,OBL,,,OBL,OBL,,,Water-Plantain Spearwort
Ranunculus aquatilis,,OBL,,,OBL,,,,OBL,OBL,White Water-Crowfoot
Ranunculus arcticus,,FAC,,,OBL,,,,FAC,FAC,Northern Buttercup
Ranunculus arvensis,FAC,FACU,,FAC,,,FAC,FAC,UPL,,Hungerweed
Ranunculus bonariensis,,OBL,,,,,,,OBL,,Carter's Buttercup
Ranunculus bulbosus,FAC,FAC,,FAC,FAC,,FAC,FAC,FAC,,St. Anthony's-Turnip
Ranunculus californicus,,FACU,,,,,,,FAC,,California Buttercup
Ranunculus canus,,FAC,,,,,,,FAC,,Sacramento Valley Buttercup
Ranunculus cardiophyllus,,FACW,,,FACW,,,,FACW,,Heart-Leaf Buttercup
Ranunculus confervoides,,,,,,,,,,OBL,Panarctic Water-Crowfoot
Ranunculus eschscholtzii,,FAC,,,FACW,,,,FACW,FACW,Spruce-Fir Buttercup
Ranunculus fascicularis,FAC,,,FACU,FAC,,FACU,FACU,,,Early Buttercup
Ranunculus flabellaris,OBL,OBL,,OBL,OBL,,OBL,OBL,OBL,,Greater Yellow Water Buttercup
Ranunculus flammula,FACW,OBL,,FACW,FACW,,FACW,FACW,FACW,FACW,Greater Creeping Spearwort
Ranunculus glaberrimus,,FAC,,,FAC,,,,FACU,,Sagebrush Buttercup
Ranunculus gmelinii,,FACW,,,FACW,,FACW,FACW,FACW,FACW,Lesser Yellow Water Buttercup
Ranunculus gormanii,,FACW,,,,,,,FACW,,Gorman's Buttercup
Ranunculus grayi,,FAC,,,,,,,FAC,FACW,Arctic Buttercup
Ranunculus harveyi,FACU,,,FACU,FACU,,FACU,,,,Harvey's Buttercup
Ranunculus hederaceus,OBL,,,OBL,,,,,,,Ivy Water-Crowfoot
Ranunculus hispidus,FAC,,,FAC,FACW,,FAC,FAC,,,Bristly Buttercup
Ranunculus hydrocharoides,,OBL,,,OBL,,,,OBL,,Frog-Bit Buttercup
Ranunculus hyperboreus,,OBL,,,OBL,,,,OBL,OBL,Far-Northern Buttercup
Ranunculus inamoenus,,FACW,,,FACW,,,,FACW,,Graceful Buttercup
Ranunculus jovis,,FAC,,,FACU,,,,FAC,,Hillside Buttercup
Ranunculus laxicaulis,OBL,,,OBL,OBL,,OBL,,,,Mississippi Buttercup
Ranunculus lobbii,,OBL,,,,,,,OBL,,Lobb's Water-Crowfoot
Ranunculus longirostris,OBL,OBL,,OBL,OBL,,OBL,OBL,OBL,,Long-Beak Water-Crowfoot
Ranunculus macauleyi,,FACW,,,FACW,,,,FACW,,Rocky Mountain Buttercup
Ranunculus macounii,,OBL,,,OBL,,OBL,OBL,OBL,FACW,Macoun's Buttercup
Ranunculus macranthus,FACW,,,,FACW,,,,,,Large Buttercup
Ranunculus mauiensis,,,,,,FACW,,,,,Maui Buttercup
Ranunculus micranthus,FACU,,,FACU,FACU,,FACU,FACU,FAC,,Rock Buttercup
Ranunculus muricatus,FACW,FACW,,FACW,FACW,FACU,FACW,,FACW,,Spiny-Fruit Buttercup
Ranunculus nivalis,,,,,,,,,,FACW,Snow Buttercup
Ranunculus occidentalis,,FAC,,,,,,,FACW,FACW,Western Buttercup
Ranunculus oreogenes,,FACU,,,,,,,FACU,,Oregon Buttercup
Ranunculus orthorhynchus,,FACW,,,FACW,,,,FACW,FACW,Straight-Beak Buttercup
Ranunculus parviflorus,FAC,FAC,,FAC,FAC,FACU,FAC,FAC,FACU,,Small-Flower Buttercup
Ranunculus pensylvanicus,OBL,FACW,,OBL,FACW,,OBL,OBL,FACW,FACW,Pennsylvania Buttercup
Ranunculus platensis,FAC,,,FAC,FAC,,,,,,Prairie Buttercup
Ranunculus plebeius,,,,,,FAC,,,,,Common Australian Buttercup
Ranunculus populago,,OBL,,,,,,,FACW,,Mountain Buttercup
Ranunculus pusillus,FACW,OBL,,OBL,OBL,,OBL,OBL,OBL,,Low Spearwort
Ranunculus pygmaeus,,FACW,,,FACW,,,,FAC,FACW,Dwarf Buttercup
Ranunculus recurvatus,FACW,,FACU,FAC,FACW,,FACW,FACW,FAC,,Blisterwort
Ranunculus repens,FAC,FAC,,FAC,FACW,FAC,FAC,FAC,FAC,FAC,Creeping Buttercup
Ranunculus sabinei,,,,,,,,,,FACW,Sardinian Buttercup
Ranunculus sardous,FAC,FACW,,FAC,FAC,,FAC,FAC,FAC,,Hairy Buttercup
Ranunculus sceleratus,OBL,OBL,,OBL,OBL,,OBL,OBL,OBL,OBL,Cursed Buttercup
Ranunculus subrigidus,,OBL,,,OBL,,OBL,OBL,OBL,OBL,Short-Beak Water-Crowfoot
Ranunculus sulphureus,,FACW,,,OBL,,,,FACW,FACW,Sulphur Buttercup
Ranunculus trichophyllus,OBL,OBL,,OBL,OBL,,OBL,OBL,OBL,OBL,Thread-Leaf Water-Crowfoot
Ranunculus trilobus,FACW,FACU,,FAC,,,,,FACU,,Three-Lobe Buttercup
Ranunculus uncinatus,,FAC,,,FACW,,,,FAC,FAC,Woodland Buttercup
Rayjacksonia phyllocephala,FACU,,,,FAC,,,,,,Camphor Daisy
Reimarochloa oligostachya,OBL,,,,,,,,,,Florida Reimar Grass
Remirea maritima,FACU,,UPL,,,,,,,,Beachstar
Renealmia alpinia,,,OBL,,,,,,,,Jenjibre-de-Jardin
Renealmia aromatica,,,FACU,,,,,,,,Bijao
Renealmia jamaicensis,,,OBL,,,,,,,,Narciso-Colorado
Reynoutria X bohemica,FACU,FACU,,FACU,FACU,,FACU,FACU,FACU,FACU,_?_
Reynoutria japonica,UPL,FACU,,FACU,FACU,,FACU,FACU,FACU,UPL,Japanese-Knotweed
Reynoutria sachalinensis,UPL,FACU,,UPL,UPL,,UPL,UPL,FACU,UPL,Giant-Knotweed
Rhabdadenia biflora,FACW,,OBL,,,,,,,,Mangrovevine
Rhamnus alaternus,,FACU,,,,,,,,,Evergreen Buckthorn
Rhamnus alnifolia,FAC,OBL,,OBL,FACW,,OBL,OBL,FACW,,Alder-Leaf Buckthorn
Rhamnus cathartica,FACU,FAC,,FACU,FACU,,FAC,FAC,UPL,,European Buckthorn
Rhamnus lanceolata,FAC,,,FAC,FAC,,FACW,FACW,,,Lance-Leaf Buckthorn
Rhapidophyllum hystrix,FACW,,,FACW,,,,,,,Needle Palm
Rhexia X brevibracteata,FACW,,,,,,,,,,_?_
Rhexia alifanus,FACW,,,FACW,,,,,,,Savannah Meadow-Beauty
Rhexia aristosa,OBL,,,OBL,,,,,,,Awn-Petal Meadow-Beauty
Rhexia cubensis,FACW,,FACW,FACW,,,,,,,West Indian Meadow-Beauty
Rhexia lutea,FACW,,,FACW,FACW,,,,,,Yellow Meadow-Beauty
Rhexia mariana,FACW,,,OBL,FACW,,OBL,OBL,,,Maryland Meadow-Beauty
Rhexia nashii,FACW,,,OBL,,,,,,,Maid Marian
Rhexia nuttallii,FACW,,,,,,,,,,Nuttall's Meadow-Beauty
Rhexia parviflora,OBL,,,,,,,,,,White Meadow-Beauty
Rhexia petiolata,FACW,,,OBL,,,,,,,Fringed Meadow-Beauty
Rhexia salicifolia,OBL,,,,,,,,,,Panhandle Meadow-Beauty
Rhexia virginica,FACW,,,OBL,OBL,,OBL,OBL,,,Handsome-Harry
Rhinanthus minor,,FACU,,,FACU,,FACU,FAC,FACU,FACU,Little Yellow-Rattle
Rhinotropis cornuta,,FACW,,,,,,,FACW,,Sierran Desert-Milkwort
Rhizophora apiculata,,,,,,OBL,,,,,_?_
Rhizophora mangle,OBL,,OBL,OBL,OBL,OBL,,,,,Red Mangrove
Rhizophora mucronata,,,,,,OBL,,,,,_?_
Rhodiola integrifolia,,FACU,,,FACU,,FACU,UPL,FACU,FAC,Entire-Leaf Rosewort
Rhodiola rhodantha,,FACW,,,FAC,,,,FACW,,Queen's-Crown
Rhodiola rosea,FACU,,,FACU,,,,FACU,,,King's-Crown
Rhododendron albiflorum,,FACU,,,FACW,,,,FACU,,Cascade Azalea
Rhododendron arborescens,FACW,,,FAC,,,,FAC,,,Smooth Azalea
Rhododendron atlanticum,FAC,,,FAC,,,,,,,Dwarf Azalea
Rhododendron austrinum,FAC,,,FAC,,,,,,,Orange Azalea
Rhododendron canadense,FACW,,,FACW,,,,FACW,,,Rhodora
Rhododendron canescens,FACW,,,FACW,FACW,,FACW,FACW,,,Mountain Azalea
Rhododendron catawbiense,FACU,,,FACU,,,,FACU,,,Catawba Rosebay
Rhododendron chapmanii,FACW,,,,,,,,,,Chapman's Rhododendron
Rhododendron columbianum,,FACW,,,,,,,OBL,,Western Labrador-Tea
Rhododendron groenlandicum,,,,OBL,FACW,,OBL,OBL,OBL,FAC,Rusty Labrador-Tea
Rhododendron lapponicum,,,,,,,FACW,FACW,,FAC,Lapland Rhododendron
Rhododendron macrophyllum,,FACU,,,,,,,FACU,,California Rhododendron
Rhododendron maximum,FAC,,,FAC,,,FAC,FAC,,,Great-Laurel
Rhododendron occidentale,,FAC,,,,,,,FAC,,Western Azalea
Rhododendron periclymenoides,FAC,,,FAC,,,FAC,FAC,,,Pink Azalea
Rhododendron prinophyllum,FAC,FAC,,FAC,FAC,,FAC,FAC,,,Early Azalea
Rhododendron tomentosum,,,,,,,,,,FACW,Marsh Labrador-Tea
Rhododendron vaseyi,,,,FACU,,,,FACW,,,Pink-Shell Azalea
Rhododendron viscosum,OBL,,,FACW,FACW,,OBL,FACW,,,Clammy Azalea
Rhodomyrtus tomentosa,FAC,,,,,FACU,,,,,Rose-Myrtle
Rhus aromatica,UPL,FACU,,UPL,UPL,,UPL,UPL,UPL,,Fragrant Sumac
Rhus copallinum,UPL,FACU,,FACU,UPL,,UPL,UPL,,,Winged Sumac
Rhus sandwicensis,,,,,,FACU,,,,,Neneleau
Rhus taitensis,,,,,,FACU,,,,,Taition Sumac
Rhynchosia phaseoloides,,,FACU,,,,,,,,Crab's-Eye
Rhynchospora alba,OBL,OBL,OBL,OBL,OBL,,OBL,OBL,OBL,OBL,White Beak Sedge
Rhynchospora baldwinii,FACW,,,,,,,,,,Baldwin's Beak Sedge
Rhynchospora brachychaeta,FACW,FACW,OBL,,OBL,,,,,,West Indian Beak Sedge
Rhynchospora caduca,OBL,,,OBL,OBL,FACW,OBL,,,,Angle-Stem Beak Sedge
Rhynchospora californica,,OBL,,,,,,,OBL,,California Beak Sedge
Rhynchospora capillacea,OBL,,,OBL,OBL,,OBL,OBL,,,Needle Beak Sedge
Rhynchospora capitellata,OBL,OBL,,OBL,OBL,,OBL,OBL,OBL,,Brownish Beak Sedge
Rhynchospora careyana,OBL,,,OBL,,,,OBL,,,Broad-Fruit Horned Beak Sedge
Rhynchospora cephalantha,OBL,,,OBL,OBL,,,OBL,,,Bunched Beak Sedge
Rhynchospora chalarocephala,OBL,,,OBL,OBL,,,OBL,,,Loose-Head Beak Sedge
Rhynchospora chapmanii,OBL,,,OBL,,,,,,,Chapman's Beak Sedge
Rhynchospora chinensis,,,,,,FACW,,,,,Spiked Beak Sedge
Rhynchospora ciliaris,OBL,,,OBL,,,,,,,Fringed Beak Sedge
Rhynchospora colorata,FACW,,FACW,FACW,FACW,FAC,,,,,Narrow-Leaf Whitetop
Rhynchospora compressa,OBL,,,,,,,,,,Flat-Fruit Beak Sedge
Rhynchospora corniculata,OBL,,,OBL,OBL,,OBL,,,,Short-Bristle Horned Beak Sedge
Rhynchospora corymbosa,,,FACW,,,FACW,,,,,Matamat
Rhynchospora crinipes,OBL,,,OBL,,,,,,,Mosquito Bead Sedge
Rhynchospora curtissii,OBL,,,OBL,,,,,,,Curtiss' Beak Sedge
Rhynchospora debilis,OBL,,,OBL,,,,,,,Savannah Beak Sedge
Rhynchospora decurrens,OBL,,,OBL,,,,,,,Swamp-Forest Beak Sedge
Rhynchospora depressirostris,,,OBL,,,FACW,,,,,Quill Beak Sedge
Rhynchospora divergens,OBL,,OBL,OBL,OBL,,,,,,Spreading Beak Sedge
Rhynchospora domingensis,,,FACW,,,,,,,,Long-Leaf Beak Sedge
Rhynchospora elliottii,FACW,,,FACW,,,,,,,Elliott's Beak Sedge
Rhynchospora eximia,OBL,,,,,,,,,,Florida Beak Sedge
Rhynchospora fascicularis,FACW,,FACW,OBL,OBL,,,,,,Fascicled Beak Sedge
Rhynchospora fernaldii,FAC,,,,,,,,,,Fernald's Beak Sedge
Rhynchospora filifolia,FACW,,,FAC,FAC,,,,,,Thread-Leaf Beak Sedge
Rhynchospora filiformis,,,FACW,,,,,,,,Bird Beak Sedge
Rhynchospora floridensis,FACW,,,,,,,,,,Florida Whitetop
Rhynchospora fusca,OBL,,,OBL,OBL,,OBL,OBL,,,Brown Beak Sedge
Rhynchospora galeana,OBL,,OBL,OBL,,,,,,,Short-Bristle Beak Sedge
Rhynchospora gigantea,,,OBL,,,,,,,,Giant Beak Sedge
Rhynchospora globularis,FACW,OBL,,FACW,FACW,FAC,FACW,FACW,,,Globe Beak Sedge
Rhynchospora glomerata,OBL,,,OBL,OBL,,OBL,OBL,,,Clustered Beak Sedge
Rhynchospora gracilenta,OBL,,,OBL,OBL,,,OBL,,,Slender Beak Sedge
Rhynchospora grayi,UPL,,,FAC,FAC,,,,,,Gray's Beak Sedge
Rhynchospora harperi,OBL,,,OBL,,,,,,,Harper's Beak Sedge
Rhynchospora harveyi,FACW,,,FAC,FAC,,FAC,,,,Harvey's Beak Sedge
Rhynchospora holoschoenoides,,,OBL,,,,,,,,Fly Beak Sedge
Rhynchospora indianolensis,FACW,,,,FACW,,,,,,Indianola Beak Sedge
Rhynchospora inexpansa,FACW,,,FACW,FACW,,,,,,Nodding Beak Sedge
Rhynchospora inundata,OBL,,,OBL,OBL,,,OBL,,,Narrow-Fruit Horned Beak Sedge
Rhynchospora knieskernii,OBL,,,,,,,,,,Knieskern's Beak Sedge
Rhynchospora latifolia,FACW,,,,OBL,,FACW,,,,Sand-Swamp Whitetop
Rhynchospora leptocarpa,OBL,,,OBL,OBL,,,,,,Slender-Fruit Beak Sedge
Rhynchospora lindeniana,,,OBL,,,,,,,,Bahama Beak Sedge
Rhynchospora macra,OBL,,,OBL,OBL,,,,,,Large Beak Sedge
Rhynchospora macrostachya,OBL,,,OBL,OBL,,OBL,OBL,,,Tall Horned Beak Sedge
Rhynchospora marisculus,,,FACW,,,,,,,,Caribbean Beak Sedge
Rhynchospora megaplumosa,FACW,,,,,,,,,,Manatee Beak Sedge
Rhynchospora microcarpa,OBL,,FACW,FACW,FACW,,,,,,Southern Beak Sedge
Rhynchospora microcephala,FACW,,,FACW,,,,,,,Small-Head Beak Sedge
Rhynchospora miliacea,OBL,,,OBL,OBL,,,,,,Millet Beak Sedge
Rhynchospora mixta,OBL,,,OBL,OBL,,,,,,Mingled Beak Sedge
Rhynchospora nitens,OBL,,OBL,OBL,OBL,,OBL,OBL,,,Short-Beak Beak Sedge
Rhynchospora nivea,FACW,,,FACW,FACW,,,,,,Showy Whitetop
Rhynchospora odorata,OBL,,OBL,OBL,,,,,,,Fragrant Beak Sedge
Rhynchospora oligantha,OBL,,,OBL,OBL,,,,,,Feather-Bristle Beak Sedge
Rhynchospora pallida,OBL,,,OBL,,,,OBL,,,Pale Beak Sedge
Rhynchospora perplexa,OBL,,,FACW,OBL,,,,,,Pineland Beak Sedge
Rhynchospora pineticola,FAC,,,,,,,,,,Pine-Barren Beak Sedge
Rhynchospora pleiantha,OBL,,,OBL,,,,,,,Coastal Beak Sedge
Rhynchospora plumosa,FACW,,OBL,FACW,FACW,,,,,,Plumed Beak Sedge
Rhynchospora punctata,OBL,,,,,,,,,,Dotted Beak Sedge
Rhynchospora pusilla,FACW,,OBL,FACW,FACW,,,,,,Fairy Beak Sedge
Rhynchospora racemosa,,,FACU,,,,,,,,Racemed Beak Sedge
Rhynchospora radicans,,,FAC,,,FACW,,,,,Tropical Whitetop
Rhynchospora rariflora,OBL,,OBL,OBL,OBL,,OBL,,,,Few-Flower Beak Sedge
Rhynchospora recognita,FACW,FACW,FACW,FACW,FACW,FACW,FACW,FACW,FACW,,Coarse Globe Beak Sedge
Rhynchospora rubra,,,,,,FAC,,,,,_?_
Rhynchospora rugosa,,,FAC,,,FACW,,,,,Claybank Beak Sedge
Rhynchospora scirpoides,OBL,,,OBL,OBL,,OBL,OBL,,,Long-Beak Beak Sedge
Rhynchospora solitaria,OBL,,,,,,,,,,One-Spike Beak Sedge
Rhynchospora stenophylla,OBL,,,FACW,OBL,,,,,,Coastal-Plain Beak Sedge
Rhynchospora tenerrima,,,FACW,,,,,,,,Soldier Beak Sedge
Rhynchospora torreyana,OBL,,,FACW,,,,FACW,,,Torrey's Beak Sedge
Rhynchospora tracyi,OBL,,,,,,,,,,Tracy's Beak Sedge
Rhynchospora velutina,,,OBL,,,,,,,,Red Beak Sedge
Rhynchospora wrightiana,OBL,,FACW,OBL,,,,,,,Wright's Beak Sedge
Rhytidophyllum auriculatum,,,FACU,,,,,,,,Tibey-Amarillo
Ribes acerifolium,,FACU,,,,,,,FACU,,Maple-Leaf Currant
Ribes americanum,FACW,FACW,,FACW,FACW,,FACW,FACW,FAC,,Wild Black Currant
Ribes aureum,FAC,FAC,,FACW,FACU,,FAC,FACU,FAC,,Golden Currant
Ribes bracteosum,,FAC,,,,,,,FAC,FAC,California Black Currant
Ribes cynosbati,FACU,,,FACU,FACU,,FAC,FACU,,,Eastern Prickly Gooseberry
Ribes divaricatum,,FAC,,,,,,,FAC,,Coastal Black Gooseberry
Ribes echinellum,FAC,,,FAC,,,,,,,Miccosukee Gooseberry
Ribes glandulosum,FACW,,,FACW,OBL,,FACW,FACW,,FAC,Skunk Currant
Ribes hirtellum,FAC,,,FAC,FAC,,FACW,FACW,FAC,,Hairy-Stem Gooseberry
Ribes hudsonianum,,FACW,,,OBL,,OBL,OBL,FACW,FAC,Northern Black Currant
Ribes inerme,,FAC,,,FACW,,,,FAC,,White-Stem Gooseberry
Ribes lacustre,,FACW,,FACW,FACW,,FACW,FACW,FAC,FAC,Bristly Black Gooseberry
Ribes laxiflorum,,FACU,,,FACU,,,,FACU,FACU,Trailing Black Currant
Ribes lobbii,,FACU,,,,,,,FACU,,Oregon Gooseberry
Ribes nevadense,,FAC,,,,,,,FAC,,Sierran Currant
Ribes oxyacanthoides,,FACU,,FACU,FACU,,FACU,FACU,FACW,FACU,Canadian Gooseberry
Ribes sanguineum,,UPL,,,,,,,FACU,,Blood Currant
Ribes thacherianum,,FACU,,,,,,,,,Santa Cruz Gooseberry
Ribes triste,OBL,OBL,,OBL,OBL,,OBL,OBL,FAC,FAC,Swamp Red Currant
Ribes viscosissimum,,FAC,,,FACU,,,,FAC,,Sticky Currant
Ribes wolfii,,FAC,,,FAC,,,,FAC,,Winaha Currant
Ricinus communis,FACU,FACU,FACU,UPL,FACU,FACU,FACU,FACU,FACU,,Castor-Bean
Rivina humilis,UPL,FAC,UPL,UPL,FAC,UPL,FAC,,FAC,,Rougeplant
Robinia pseudoacacia,UPL,FACU,,FACU,UPL,,FACU,FACU,FACU,,Black Locust
Rollinia mucosa,,,FACW,,,,,,,,Wild Sugar-Apple
Romanzoffia californica,,FAC,,,,,,,FAC,,California Mistmaiden
Romanzoffia sitchensis,,FACW,,,FACW,,,,FACW,FACW,Sitka Mistmaiden
Rondeletia portoricensis,,,FAC,,,,,,,,Juan Tomas
Rorippa X prostrata,FAC,,,FAC,,,FAC,FAC,,,_?_
Rorippa amphibia,,,,,,,,FACW,,,Great Yellowcress
Rorippa aquatica,OBL,,,OBL,OBL,,OBL,OBL,,,Lakecress
Rorippa austriaca,FAC,FACW,,FAC,FACW,,FACW,FAC,FAC,,Austrian Yellowcress
Rorippa barbareifolia,,,,,,,,,,FAC,Hoary Yellowcress
Rorippa calycina,,FACW,,,OBL,,,,FACW,,Persistent-Sepal Yellowcress
Rorippa columbiae,,OBL,,,,,,,OBL,,Columbian Yellowcress
Rorippa curvipes,FACW,FACW,,FACW,OBL,,FACW,FACW,FACW,,Blunt-Leaf Yellowcress
Rorippa curvisiliqua,,OBL,,,OBL,,,,OBL,FACW,Curve-Pod Yellowcress
Rorippa dubia,FACW,FAC,FAC,,,,,FACW,FACW,,_?_
Rorippa indica,FACW,,FAC,FACW,,,,FACW,FACW,,Variable-Leaf Yellowcress
Rorippa microtitis,,FACW,,,,,,,FACW,,Chihuahuan Yellowcress
Rorippa palustris,OBL,OBL,FACW,OBL,OBL,,OBL,OBL,OBL,FAC,Bog Yellowcress
Rorippa portoricensis,,,OBL,,,,,,,,Puerto Rico Yellowcress
Rorippa ramosa,,FACW,,,FACW,,,,,,Durango Yellowcress
Rorippa sarmentosa,,,,,,FACW,,,,,Longrunner
Rorippa sessiliflora,OBL,,,OBL,OBL,,OBL,OBL,OBL,,Stalkless Yellowcress
Rorippa sinuata,FACW,FACW,,FACW,FACW,,FACW,FACW,FAC,,Spreading Yellowcress
Rorippa sphaerocarpa,,FACW,,,OBL,,,,FAC,,Round-Fruit Yellowcress
Rorippa subumbellata,,OBL,,,,,,,OBL,,Lake Tahoe Yellowcress
Rorippa sylvestris,OBL,OBL,,FACW,FACW,,OBL,OBL,OBL,FAC,Creeping Yellowcress
Rorippa tenerrima,,FAC,,FAC,FAC,,FAC,,FAC,,Modoc Yellowcress
Rorippa teres,OBL,FACW,,FACW,OBL,,,,,,Southern Marsh Yellowcress
Rosa acicularis,,FACU,,FACU,FACU,,FACU,FACU,FACU,FACU,Prickly Rose
Rosa arkansana,FACU,FACU,,FACU,FACU,,FACU,FACU,FACU,,Prairie Rose
Rosa blanda,FACU,,,FACU,FACU,,FACU,FACU,FACU,,Smooth Rose
Rosa bracteata,UPL,,,UPL,FACU,,,,,,Chickasaw Rose
Rosa californica,,FAC,,,,,,,FAC,,California Rose
Rosa carolina,FACU,,,FACU,FACU,,FACU,FACU,,,Carolina Rose
Rosa gymnocarpa,,FACU,,,UPL,,,,FACU,UPL,Bald-Hip Rose
Rosa micrantha,FACU,FACU,,FACU,,,FACU,FACU,UPL,,Small-Flower Sweetbrier
Rosa multiflora,FACU,FACU,,FACU,UPL,,FACU,FACU,FACU,,Rambler Rose
Rosa nitida,,,,FACW,,,,FACW,,,Shining Rose
Rosa nutkana,,FACU,,,FACU,,,,FAC,FACU,Nootka Rose
Rosa palustris,OBL,,,OBL,OBL,,OBL,OBL,,,Swamp Rose
Rosa pisocarpa,,FAC,,,,,,,FAC,,Clustered Rose
Rosa rubiginosa,UPL,UPL,,UPL,UPL,,UPL,FACU,UPL,,Sweetbrier
Rosa rugosa,FACU,,,FACU,,,FACU,FACU,UPL,UPL,Rugosa Rose
Rosa setigera,FACU,,,FACU,FACU,,FACU,FACU,,,Climbing Rose
Rosa virginiana,FAC,,,FAC,,,FAC,FAC,,,Virginia Rose
Rosa woodsii,,FACU,,,FACU,,FACU,FACU,FACU,UPL,Woods' Rose
Rotala indica,OBL,OBL,,OBL,,,,,OBL,,Indian Toothcup
Rotala ramosior,OBL,OBL,OBL,OBL,OBL,,OBL,OBL,OBL,,Lowland Toothcup
Rotala rotundifolia,OBL,,,OBL,,,,,,,Round-Leaf Toothcup
Rottboellia cochinchinensis,FACU,FAC,FACU,FACU,FACU,,FACU,,,,Itch Grass
Rourea surinamensis,,,FAC,,,,,,,,Juan Caliente
Rousselia humilis,FACU,,FAC,,,,,,,,Shineseed
Roystonea borinquena,,,FAC,,,,,,,,Puerto Rico Royal Palm
Roystonea elata,FACW,,FAC,,,FACU,,,,,Florida Royal Palm
Rubus allegheniensis,UPL,FACU,,FACU,UPL,,FACU,FACU,FAC,,Allegheny Blackberry
Rubus alumnus,FACU,,,FACU,FAC,,FACU,FACU,,,Oldfield Blackberry
Rubus apogaeus,UPL,,,FAC,FACU,,,,,,Falling Dewberry
Rubus arcticus,,FAC,,,FACW,,FACW,FACW,FAC,FAC,Northern Blackberry
Rubus argutus,FAC,,,FACU,FAC,FAC,FAC,FACU,,,Saw-Tooth Blackberry
Rubus arizonensis,FACU,FACU,,,FACU,,,,FACU,,Arizona Dewberry
Rubus armeniacus,UPL,FAC,,UPL,FAC,UPL,UPL,UPL,FAC,,Himalayan Blackberry
Rubus arvensis,FAC,,,FAC,FAC,,,,,,Field Blackberry
Rubus baileyanus,FACU,,,FACU,FACU,,FACU,FACU,,,Bailey's Dewberry
Rubus bartonianus,,FACW,,,,,,,FACW,,Barton's Raspberry
Rubus bushii,FACW,,,FACW,FACU,,FACW,,,,Bush's Blackberry
Rubus caesius,,,,FACU,,,FACU,FACU,,,European Dewberry
Rubus chamaemorus,,,,,,,,FACW,,FACW,Cloudberry
Rubus cuneifolius,FACU,,,UPL,,,,UPL,,,Sand Blackberry
Rubus dalibarda,FACW,,,FAC,,,,FAC,,,Robin-Run-Away
Rubus flagellaris,UPL,FACU,,FACU,UPL,,FACU,FACU,,,Whiplash Dewberry
Rubus floricomus,FAC,,,FAC,,,,FAC,,,Many-Flower Blackberry
Rubus florulentus,,,FAC,,,,,,,,Big Blackberry
Rubus hawaiensis,,,,,,FAC,,,,,Hawaii Blackberry
Rubus hispidoides,,,,,,,,FACW,,,Bog Dewberry
Rubus hispidus,FACW,,,FACW,,,FACW,FACW,,,Bristly Dewberry
Rubus hypolasius,OBL,,,FAC,,,,,,,Pineland Dewberry
Rubus idaeus,FACU,FACU,,FAC,FACU,,FACU,FACU,FACU,FACU,Common Red Raspberry
Rubus inclinis,,,,FACW,,,,FACW,,,Marshland Blackberry
Rubus laciniatus,UPL,FACU,,UPL,FACU,,UPL,UPL,FACU,,Cut-Leaf Blackberry
Rubus lasiococcus,,FACU,,,,,,,FACU,,Hairy-Fruit Smooth Dewberry
Rubus lawrencei,FAC,,,FAC,,,,FAC,,,Adirondack Blackberry
Rubus leucodermis,,FACU,,,FAC,,,,FACU,FAC,White-Stem Raspberry
Rubus longii,FAC,,,FAC,,,,FAC,,,Long's Blackberry
Rubus macraei,,,,,,FACU,,,,,Akala
Rubus missouricus,FACU,,,FACU,,,FACU,FACU,,,Missouri Dewberry
Rubus multiformis,,,,FAC,,,FAC,FAC,,,Variable Blackberry
Rubus oklahomus,FAC,,,FAC,FAC,,FACU,,,,Oklahoma Blackberry
Rubus paganus,,,,FAC,,,,FACW,,,St. Lawrence Dewberry
Rubus paludivagus,,,,,,,,FAC,,,Cape Cod Blackberry
Rubus parviflorus,FACU,FAC,,FACU,FACU,,FACU,FACU,FACU,FACU,Western Thimble-Berry
Rubus pedatus,,FACU,,,FAC,,,,FACU,FAC,Strawberry-Leaf Raspberry
Rubus pensilvanicus,FAC,FAC,,FAC,FAC,,UPL,FACU,FAC,,Pennsylvania Blackberry
Rubus pergratus,FACU,,,FACU,,,FACU,FACU,,,Upland Blackberry
Rubus phoenicolasius,FACU,FACU,,FACU,,,FACU,FACU,FAC,,Wine Raspberry
Rubus plexus,OBL,,,,,,,,,,Tangled Dewberry
Rubus plus,,,,FACU,,,FAC,FAC,,,Hairy-Leaf Dewberry
Rubus probabilis,FAC,,,FACU,,,,,,,Tree Blackberry
Rubus pubescens,FACW,FAC,,FACW,FACW,,FACW,FACW,FAC,FACW,Dwarf Red Raspberry
Rubus rosifolius,,,FAC,,,FACU,,,,,West Indian Raspberry
Rubus schoolcraftianus,,,,,,,,FAC,,,Schoolcraft's Dewberry
Rubus semisetosus,FAC,,,FAC,,,FAC,FAC,,,Swamp Blackberry
Rubus setosus,FACW,,,FACW,FACW,,FACW,FACW,,,Setose Blackberry
Rubus sons,FAC,,,FAC,,,,,,,New Orleans Dewberry
Rubus spectabilis,,FAC,,,,,,FACW,FAC,FACU,Salmon Raspberry
Rubus spectatus,,,,,,,OBL,OBL,,,Sphagnum Blackberry
Rubus stipulatus,,,,,,,FAC,FAC,,,Big Horseshoe Lake Dewberry
Rubus suus,FAC,,,FAC,FAC,,FACU,,,,Branched Blackberry
Rubus tardatus,FACU,,,FAC,,,FAC,FAC,,,Wet-Thicket Dewberry
Rubus trivialis,FACU,,,FACU,FACU,,FACU,FACU,,,Southern Dewberry
Rubus ursinus,,FAC,,,,,,,FACU,,California Dewberry
Rubus uvidus,,,,,,,FAC,FAC,,,Kalamazoo Dewberry
Rubus vigilis,FACW,,,FACW,,,,,,,Missouri Blackberry
Rubus wheeleri,,,,FACW,,,FAC,FAC,,,Wheeler's Blackberry
Rudbeckia alpicola,,FACW,,,,,,,OBL,,Showy Coneflower
Rudbeckia auriculata,FACW,,,FACW,,,,,,,Eared Coneflower
Rudbeckia californica,,FACW,,,,,,,FACU,,California Coneflower
Rudbeckia fulgida,FAC,,,FAC,FAC,,OBL,OBL,,,Orange Coneflower
Rudbeckia glaucescens,,FACW,,,,,,,FACU,,Waxy Coneflower
Rudbeckia graminifolia,FACW,,,,,,,,,,Grass-Leaf Coneflower
Rudbeckia hirta,FACU,FACU,,FACU,FACU,,FACU,FACU,FACU,,Black-Eyed-Susan
Rudbeckia klamathensis,,FACW,,,,,,,FACW,,Klamath Coneflower
Rudbeckia laciniata,FACW,FAC,,FACW,FAC,,FACW,FACW,FAC,,Green-Head Coneflower
Rudbeckia maxima,FAC,,,FAC,FACW,,FAC,,,,Great Coneflower
Rudbeckia missouriensis,UPL,,,UPL,UPL,,FACU,,,,Missouri Orange Coneflower
Rudbeckia mohrii,OBL,,,,,,,,,,Mohr's Coneflower
Rudbeckia montana,,FACW,,,,,,,FACW,,Montane Coneflower
Rudbeckia nitida,FACW,,,FAC,,,,,,,Shiny Coneflower
Rudbeckia occidentalis,,FAC,,,FAC,,,,FAC,,Western Coneflower
Rudbeckia subtomentosa,FAC,,,FAC,FAC,,FACU,FACU,,,Sweet Coneflower
Rudbeckia triloba,FACU,FACU,,FACU,FACU,,FACU,FACU,FACU,,Brown-Eyed-Susan
Ruellia blechum,FACW,,FACU,,,FAC,,,,,Yerba-de-Papagayo
Ruellia caroliniensis,FACU,,,FACU,FAC,,FAC,,,,Carolina Wild Petunia
Ruellia coccinea,,,FACW,,,,,,,,Yerba-Maravilla
Ruellia humilis,FACU,,,FACU,FAC,,FACU,FACU,,,Fringe-Leaf Wild Petunia
Ruellia malacosperma,FACU,,,,FACW,,,,,,Soft-Seed Wild Petunia
Ruellia noctiflora,FACW,,,FACW,,,,,,,Night-Flowering Wild Petunia
Ruellia prostrata,,,,,,FAC,,,,,Prostrate Wild Petunia
Ruellia simplex,FAC,,FACW,FAC,FAC,FAC,,,,,Linear-Leaf Wild Petunia
Ruellia strepens,FAC,,,FAC,FAC,,FAC,FAC,,,Limestone Wild Petunia
Ruellia tuberosa,,,FACU,,,,,,,,Minnieroot
Rumex acetosa,FACU,FAC,,FACU,,,UPL,UPL,FAC,FAC,Garden Sorrel
Rumex acetosella,FACU,FACU,,UPL,FAC,FACU,FACU,FACU,FACU,FAC,Common Sheep Sorrel
Rumex altissimus,FACW,FACW,,FACW,FAC,,FACW,FACW,FAC,,Pale Dock
Rumex arcticus,,,,,,,,,,FAC,Arctic Dock
Rumex britannica,OBL,OBL,,OBL,OBL,,OBL,OBL,OBL,,Greater Water Dock
Rumex californicus,,FACW,,,FACW,,,,FACW,,California Willow Dock
Rumex chrysocarpus,FACW,,,,FACW,,,,,,Amamastla
Rumex conglomeratus,FACW,FACW,,FAC,FACW,FACU,FACW,FACW,FACW,,Sharp Dock
Rumex crassus,,FACW,,,,,,,FACW,,Fleshy Willow Dock
Rumex crispus,FAC,FAC,FAC,FAC,FAC,FAC,FAC,FAC,FAC,FAC,Curly Dock
Rumex densiflorus,,FACW,,,FACW,,,,FACW,,Dense-Flower Dock
Rumex dentatus,,FACW,,FACU,FACU,,FACU,FACU,FACW,,Toothed Dock
Rumex floridanus,FACW,,,FACW,,,,FACW,,,Florida Dock
Rumex fueginus,OBL,FACW,,OBL,FACW,,FACW,FACW,FACW,FACW,Tierra del Fuego Dock
Rumex giganteus,,,,,,FACU,,,,,Pawale
Rumex hastatulus,FACU,FAC,,FACU,FAC,,FACU,FACU,FAC,,Heart-Wing Sorrel
Rumex hesperius,,FACW,,,,,,,FACW,,Western Willow dock
Rumex kerneri,,FACW,,,,,,,FACW,,Kerner's Dock
Rumex lacustris,,OBL,,,,,,,OBL,,Lake Willow Dock
Rumex lapponicus,,FAC,,,FAC,,,,UPL,UPL,Lapland Sorrel
Rumex longifolius,,,,,FAC,,FAC,FAC,,FAC,Door-Yard Dock
Rumex maritimus,FACW,,,FAC,,,,FACW,,,Golden Dock
Rumex mexicanus,,FAC,,,FAC,,,FACW,FAC,,Mexican Dock
Rumex obovatus,OBL,,,,,,,,,,Tropical Dock
Rumex obtusifolius,FACW,FAC,,FACU,FACW,FAC,FACW,FAC,FAC,FACW,Bitter Dock
Rumex occidentalis,OBL,FACW,,OBL,OBL,,OBL,OBL,FACW,OBL,Western Dock
Rumex pallidus,,,,,,,,FACW,,,Seaside Dock
Rumex palustris,,FACW,,,,,,,FAC,,Marsh Dock
Rumex paraguayensis,FACW,,,,,,,,,,Paraguayan Dock
Rumex paucifolius,,FAC,,,FAC,,,,FAC,,Alpine Sheep Sorrel
Rumex persicarioides,FACW,FACW,,FACW,,,,FACW,FACW,,Coastal Dock
Rumex pseudoxyria,,,,,,,,,,FAC,_?_
Rumex pulcher,FACW,FAC,,FACW,FACW,,FAC,FACU,FAC,,Fiddle Dock
Rumex salicifolius,,FACW,,,,,,,FACW,,Willow Dock
Rumex spiralis,FACW,FAC,,,FACW,,,,,,Winged Dock
Rumex stenophyllus,FACW,FACW,,,FACW,,FACW,FACW,FACW,,Narrow-Leaf Dock
Rumex thyrsiflorus,,,,,,,,FAC,,,Narrow-Leaf Sorrel
Rumex transitorius,,FACW,,,,,,,FACW,FACW,Pacific Willow Dock
Rumex triangulivalvis,FACW,FACW,,FACW,FACW,,FACW,FAC,FAC,,Triangular-Valved Dock
Rumex venosus,FAC,UPL,,FAC,FAC,,FAC,UPL,FACU,,Veiny Dock
Rumex verticillatus,FACW,FACW,,OBL,FACW,,OBL,OBL,FACW,,Swamp Dock
Rumex violascens,,FACW,,,,,,FACW,FACW,,Violet Dock
Ruppia cirrhosa,OBL,OBL,OBL,OBL,OBL,,OBL,OBL,OBL,OBL,Spiral Ditch-Grass
Ruppia didyma,,,OBL,,,,,,,,Yerba-de-Zanja
Ruppia maritima,OBL,OBL,OBL,OBL,OBL,OBL,,OBL,OBL,OBL,Beaked Ditch-Grass
Sabal minor,FACW,,,FACW,FACW,,FACW,,,,Dwarf Palmetto
Sabal palmetto,FAC,,,,FACW,,,,,,Cabbage Palmetto
Sabatia angularis,FACW,FAC,,FAC,FAC,,FAC,FAC,,,Rose-Pink
Sabatia arenicola,FACW,,,,FACW,,,,,,Sand Rose-Gentian
Sabatia bartramii,OBL,,,,,,,,,,Bartram's Rose-Gentian
Sabatia brachiata,FAC,,,FACU,,,,,,,Narrow-Leaf Rose-Gentian
Sabatia brevifolia,FACW,,,,,,,,,,Short-Leaf Rose-Gentian
Sabatia calycina,OBL,,,OBL,,,,,,,Coastal Rose-Gentian
Sabatia campanulata,FACW,,,FACW,FACW,,FACW,FACW,,,Slender Rose-Gentian
Sabatia campestris,FACU,,,FACU,FACU,,FACU,FACU,,,Texas-Star
Sabatia difformis,OBL,,,OBL,,,,,,,Lance-Leaf Rose-Gentian
Sabatia dodecandra,OBL,,,OBL,,,,OBL,,,Marsh Rose-Gentian
Sabatia gentianoides,OBL,,,OBL,FACW,,,,,,Pinewoods Rose-Gentian
Sabatia grandiflora,FACW,,,,,,,,,,Large-Flower Rose-Gentian
Sabatia kennedyana,OBL,,,OBL,,,,OBL,,,Plymouth Rose-Gentian
Sabatia macrophylla,FACW,,,FACW,,,,,,,Large-Leaf Rose-Gentian
Sabatia quadrangula,FACW,,,FAC,,,,,,,Four-Angle Rose-Gentian
Sabatia stellaris,OBL,,,FACW,,,,FACW,,,Rose-of-Plymouth
Sabicea villosa,,,FAC,,,,,,,,Woolly Woodvine
Saccharum alopecuroides,FAC,,,FAC,FACW,,FACU,FACU,,,Silver Plume Grass
Saccharum baldwinii,OBL,,,OBL,FACW,,OBL,,,,Narrow Plume Grass
Saccharum brevibarbe,FACW,,,OBL,FACW,,FACW,,,,Short-Beard Plume Grass
Saccharum giganteum,FACW,,,FACW,FACW,,FACW,FACW,,,Giant Plume Grass
Saccharum officinarum,FACU,,FACU,,UPL,FACU,,,,,Sugar-Cane
Saccharum ravennae,FAC,FAC,,UPL,UPL,,FAC,UPL,FAC,,Ranenna Grass
Saccharum spontaneum,FAC,,FAC,,,FAC,,,,,Wild Sugar-Cane
Sacciolepis indica,FAC,,FACW,FACW,,FAC,,,,,Glenwood Grass
Sacciolepis striata,OBL,,OBL,OBL,OBL,,OBL,OBL,,,American Cupscale
Saccoloma domingense,,,OBL,,,,,,,,Caribbean Soral-Pouch Fern
Saccoloma inaequale,,,OBL,,,,,,,,Forest Soral-Pouch Fern
Sacoila lanceolata,FAC,,FAC,,,,,,,,Scarlet Beak Lady Orchid
Sadleria cyatheoides,,,,,,FACU,,,,,Amaumau
Sadleria pallida,,,,,,FAC,,,,,Ama'u
Sadleria souleyetiana,,,,,,FACU,,,,,Long-Leaf Plume Fern
Sadleria squarrosa,,,,,,FACW,,,,,Forest Plume Fern
Sadleria unisora,,,,,,FACW,,,,,Single-Sorus Plume Fern
Sadleria wagneriana,,,,,,FACW,,,,,Wagner's Plume Fern
Sageretia minutiflora,FAC,,,,,,,,,,Small-Flower Mock Buckthorn
Sagina apetala,FAC,FAC,,FAC,,,FAC,,FAC,,Annual Pearlwort
Sagina decumbens,FACU,FACU,,FAC,FAC,FACU,FAC,FAC,FACU,FACU,Trailing Pearlwort
Sagina maxima,,FAC,,,,,,FACU,FAC,FACW,Sticky-Stem Pearlwort
Sagina nivalis,,,,,FACW,,,,FACW,FAC,Snow Pearlwort
Sagina nodosa,,,,,,,,FACU,,,Knotted Pearlwort
Sagina procumbens,FACW,FAC,,FACW,FACW,FAC,FACW,FAC,FAC,FAC,Bird-Eye Pearlwort
Sagina saginoides,,FACW,,,FACW,,,,FACW,FAC,Alpine Pearlwort
Sagittaria ambigua,OBL,,,OBL,OBL,,OBL,OBL,,,Kansas Arrowhead
Sagittaria australis,OBL,,,OBL,,,OBL,OBL,,,Long-Beak Arrowhead
Sagittaria brevirostra,OBL,OBL,,OBL,OBL,,OBL,OBL,OBL,,Short-Beak Arrowhead
Sagittaria calycina,OBL,OBL,,OBL,OBL,,OBL,OBL,OBL,,Hooded Arrowhead
Sagittaria chapmanii,OBL,,,,OBL,,,,,,Chapman's Arrowhead
Sagittaria cristata,,,,,OBL,,OBL,OBL,,,Crested Arrowhead
Sagittaria cuneata,OBL,OBL,,OBL,OBL,,OBL,OBL,OBL,OBL,Arum-Leaf Arrowhead
Sagittaria demersa,,,,,OBL,,,,OBL,,Chihuahuan Arrowhead
Sagittaria engelmanniana,OBL,,,OBL,,,,OBL,,,Engelmann's Arrowhead
Sagittaria fasciculata,,,,OBL,,,,,,,Bunched Arrowhead
Sagittaria filiformis,OBL,,,OBL,,,,OBL,,,Narrow-Leaf Arrowhead
Sagittaria graminea,OBL,,,OBL,OBL,,OBL,OBL,OBL,,Grass-Leaf Arrowhead
Sagittaria guayanensis,OBL,,,,,,,,,,Guayanese Arrowhead
Sagittaria intermedia,,,OBL,,,,,,,,Intermediate Arrowhead
Sagittaria isoetiformis,OBL,,,OBL,,,,,,,Quillwort Arrowhead
Sagittaria kurziana,OBL,,,,,OBL,,,,,Springtape
Sagittaria lancifolia,OBL,,OBL,OBL,OBL,,,,,,Bull-Tongue Arrowhead
Sagittaria latifolia,OBL,OBL,OBL,OBL,OBL,OBL,OBL,OBL,OBL,,Duck-Potato
Sagittaria longiloba,OBL,OBL,,,OBL,,,,OBL,,Long-Barb Arrowhead
Sagittaria macrocarpa,OBL,,,OBL,,,,,,,_?_
Sagittaria montevidensis,OBL,,,,,,,,,,Giant Arrowhead
Sagittaria papillosa,OBL,,,OBL,OBL,,,,,,Nipple-Bract Arrowhead
Sagittaria platyphylla,OBL,,,OBL,OBL,,OBL,OBL,OBL,,Delta Arrowhead
Sagittaria rigida,OBL,OBL,,OBL,OBL,,OBL,OBL,OBL,,Sessile-Fruit Arrowhead
Sagittaria sanfordii,,OBL,,,,,,,OBL,,Valley Arrowhead
Sagittaria secundifolia,OBL,,,OBL,,,,,,,Little River Arrowhead
Sagittaria spathulata,OBL,,,OBL,,,,OBL,,,Spoon-Shape Arrowhead
Sagittaria subulata,OBL,,,OBL,,,,OBL,,,Awl-Leaf Arrowhead
Sagittaria teres,OBL,,,OBL,,,,OBL,,,Slender Arrowhead
Sagittaria weatherbiana,OBL,,,OBL,,,,,,,_?_
Sagraea domingensis,,,FACW,,,,,,,,Woodland Hogwood
Sagraea umbrosa,,,FACW,,,,,,,,White Hogwood
Salicornia bigelovii,OBL,OBL,OBL,OBL,OBL,,,OBL,,,Dwarf Saltwort
Salicornia depressa,OBL,OBL,OBL,OBL,,OBL,,OBL,OBL,OBL,Woody Saltwort
Salicornia maritima,,,,,,,,OBL,,,Sea Saltwort
Salicornia rubra,,OBL,,OBL,OBL,,OBL,OBL,OBL,,Red Saltwort
Salix X fragilis,FAC,FAC,,FAC,FAC,,FAC,FAC,FAC,,_?_
Salix X glatfelteri,FACW,,,FACW,,,FACW,FACW,,,_?_
Salix X pendulina,FACW,FACW,,FACW,FACW,,FACW,FACW,FAC,,_?_
Salix X sepulcralis,FACW,FACW,FACU,FACW,,,FACW,FACW,FACW,FAC,_?_
Salix alaxensis,,,,,,,,,,FAC,Felt-Leaf Willow
Salix alba,FACW,FACW,,FACW,FACW,,FACW,FACW,FACW,,White Willow
Salix amygdaloides,FACW,FACW,,FACW,FACW,,FACW,FACW,FACW,,Peach-Leaf Willow
Salix arbusculoides,,,,,,,,,,FACW,Little-Tree Willow
Salix arctica,,FAC,,,,,,,FAC,FACU,Arctic Willow
Salix arctophila,,,,,,,,FACW,,OBL,Northern Willow
Salix argyrocarpa,,,,,,,,FACU,,,Labrador Willow
Salix arizonica,,OBL,,,OBL,,,,FACW,,Arizona Willow
Salix athabascensis,,,,,,,,,,OBL,Athabasca Willow
Salix atrocinerea,FACW,,,FACW,FACW,,FACW,FACW,,,Smooth-Twig Gray Willow
Salix babylonica,FACW,FAC,,FACW,,,FAC,,FACW,,Chinese Willow
Salix barclayi,,FACW,,,OBL,,,,FACW,FAC,Barclay's Willow
Salix barrattiana,,FACW,,,,,,,FACW,FACW,Barratt's Willow
Salix bebbiana,FACW,FACW,,FACW,FACW,,FACW,FACW,FACW,FAC,Gray Willow
Salix bonplandiana,,FACW,,,,,,,FACW,,Red Willow
Salix boothii,,FACW,,,,,,,FACW,OBL,Booth's Willow
Salix brachycarpa,,FACW,FACW,,,,,,FACW,,Short-Fruit Willow
Salix breweri,,FAC,,,,,,,FAC,,Brewer's Willow
Salix candida,,OBL,,OBL,OBL,,OBL,OBL,OBL,OBL,Sage Willow
Salix caprea,OBL,FACW,,OBL,,,FACW,FAC,FACW,,Goat Willow
Salix caroliniana,OBL,,,OBL,FACW,,OBL,OBL,,,Carolina Willow
Salix cascadensis,,FACU,,,,,,,FACU,,Cascade Willow
Salix chamissonis,,,,,,,,,,FACW,Chamisso's Willow
Salix cinerea,FACW,,,FACW,FACW,,FACW,FACW,FACW,,Large Gray Willow
Salix columbiana,,FACW,,,,,,,FACW,,_?_
Salix commutata,,OBL,,,,,,,OBL,FAC,Under-Green Willow
Salix cordata,,,,,,,FAC,FAC,,,Heart-Leaf Willow
Salix daphnoides,,,,,,,,FAC,,,Violet Willow
Salix delnortensis,,FAC,,,,,,,FACW,,Del Norte Willow
Salix discolor,FACW,FACW,,FACW,FACW,,FACW,FACW,FACW,,Pussy Willow
Salix drummondiana,,FACW,,,FACW,,,,FACW,,Drummond's Willow
Salix eastwoodiae,,FACW,,,,,,,FACW,,Sierran Willow
Salix elaeagnos,FAC,,,FACW,,,FACW,FACW,,,Elaeagnus Willow
Salix eriocephala,FACW,,,FACW,FACW,,FACW,FACW,,,Missouri Willow
Salix exigua,,FACW,,,FACW,,,,FACW,,Narrow-Leaf Willow
Salix exilifolia,,FACW,FACW,,FAC,,,,FACW,,Yew-Leaf Willow
Salix famelica,,FACW,,FACW,FACW,,FACW,FACW,FACW,,_?_
Salix farriae,,OBL,,,OBL,,,,OBL,,Farr's Willow
Salix floridana,FACW,,,,,,,,,,Florida Willow
Salix fuscescens,,,,,,,,,,FACW,Alaska Bog Willow
Salix geyeriana,,OBL,,,OBL,,,,FACW,,Geyer's Willow
Salix glauca,,FACW,,,FACW,,,,FACW,FAC,Gray-Leaf Willow
Salix gooddingii,,FACW,,,FACW,,,,FACW,,Goodding's Black Willow
Salix hastata,,,,,,,,,,FAC,Halberd Willow
Salix hookeriana,,FACW,,,,,,,FACW,FACW,Coastal Willow
Salix humilis,FACU,,,FACU,FACU,,FACU,FACU,,,Prairie Willow
Salix interior,OBL,FACW,,FACW,FACW,,FACW,FACW,FACW,FACW,Sandbar Willow
Salix irrorata,,FACW,,,FACW,,,,FACW,,Dewy-Stem Willow
Salix jepsonii,,OBL,,,,,,,OBL,,Jepson's Willow
Salix laevigata,,FACW,,,,,,,FACW,,Polished Willow
Salix lasiandra,,FACW,,,FACW,,,,FACW,FACW,Pacific Willow
Salix lasiolepis,,FACW,,,FACW,,,,FACW,,Arroyo Willow
Salix lemmonii,,FACW,,,,,,,FACW,,Lemmon's Willow
Salix ligulifolia,,FACW,,,FACW,,,,FAC,,Strap-Leaf Willow
Salix lucida,FACW,,,FACW,FACW,,FACW,FACW,FACW,,Shining Willow
Salix lutea,,OBL,,,FACW,,,,OBL,,Yellow Willow
Salix maccalliana,,FACW,,,OBL,,OBL,OBL,FACW,,Mccalla's Willow
Salix melanopsis,,OBL,,,FACW,,,,OBL,,Dusky Willow
Salix monochroma,,FACW,,,,,,,FACW,,One-Color Willow
Salix monticola,,OBL,,,OBL,,,,OBL,,Park Willow
Salix myricoides,FACW,,,FACW,,,FACW,FACW,,,Bayberry Willow
Salix myrsinifolia,,,,,,,,OBL,,,Dark-Leaf Willow
Salix myrtillifolia,,FACW,,,,,,,FACW,FACW,Blueberry Willow
Salix nigra,OBL,OBL,,OBL,FACW,,OBL,OBL,,,Black Willow
Salix nivalis,,FACW,,,,,,,FACW,,Snow Willow
Salix orestera,,FACW,,,,,,,FACW,,Gray-Leaf Sierran Willow
Salix ovalifolia,,,,,,,,,,FAC,Arctic Seashore Willow
Salix pedicellaris,,OBL,,OBL,OBL,,OBL,OBL,OBL,,Bog Willow
Salix pellita,,,,,FACW,,,FACW,,,Satiny Willow
Salix petiolaris,FACW,,,FACW,OBL,,OBL,FACW,OBL,,Meadow Willow
Salix phlebophylla,,,,,,,,,,FACU,Skeleton-Leaf Willow
Salix planifolia,,OBL,,,OBL,,OBL,OBL,OBL,FACW,Tea-Leaf Willow
Salix polaris,,,,,,,,,,FACW,Polar Willow
Salix prolixa,,OBL,,,FACW,,,,OBL,FACW,Mackenzie's Willow
Salix pseudomonticola,,FACW,,,FACW,,,FACW,FACW,FAC,False Mountain Willow
Salix pulchra,,,,,,,,,,FACW,Diamond-Leaf Willow
Salix purpurea,FACW,FACW,,FACW,OBL,,FACW,FACW,OBL,,Purple Willow
Salix pyrifolia,,,,,OBL,,FACW,FACW,,,Balsam Willow
Salix reticulata,,FAC,,,,,,,FAC,FAC,Net-Vein Willow
Salix richardsonii,,,,,,,,,,FACW,Richardson's Willow
Salix rotundifolia,,FACW,,,,,,,FACW,FAC,Round-Leaf Willow
Salix scouleriana,,FAC,,,FACU,,,,FAC,FAC,Scouler's Willow
Salix sericea,OBL,,,OBL,,,OBL,OBL,,,Silky Willow
Salix serissima,,OBL,,OBL,OBL,,OBL,OBL,OBL,,Autumn Willow
Salix sessilifolia,,,,,,,,,FACW,,Sessile-Leaf Willow
Salix setchelliana,,,,,,,,,,FAC,Setchell's Willow
Salix sitchensis,,FACW,,,FACW,,,,FACW,FAC,Sitka Willow
Salix sphenophylla,,,,,,,,,,FAC,Wedge-Leaf Willow
Salix thurberi,FAC,FAC,,,FAC,,,,,,_?_
Salix tracyi,,,,,,,,,FACW,,Tracy's Willow
Salix triandra,OBL,,,FACW,,,FACW,FACW,,,Almond-Leaf Willow
Salix tweedyi,,FACW,,,,,,,FACW,,Tweedy's Willow
Salix vestita,,FAC,,,,,,,FAC,,Rock Willow
Salix viminalis,FACW,FACW,,FACW,,,FACW,FACW,OBL,,Basket Willow
Salix wolfii,,OBL,,,FACW,,,,OBL,,Idaho Willow
Salsola kali,FACU,,,FACU,FACU,,,FACU,,,Russian-Thistle
Salsola soda,,FACW,,,,,,,FACW,,Opposite-Leaf Russian-Thistle
Salsola tragus,FACU,FACU,,FACU,FACU,UPL,FACU,FACU,FACU,,Prickly Russian-Thistle
Salvia lycioides,,FACU,,,FACU,,,,UPL,,Canyon Sage
Salvia lyrata,FACU,,,FACU,FAC,,FACW,FACW,,,Lyre-Leaf Sage
Salvia occidentalis,FAC,,FACU,,,FACU,,,,,West Indian Sage
Salvia pentstemonoides,,,,,FACW,,,,,,Big Red Sage
Salvinia auriculata,,,OBL,,,,,,,,Eared Water-Moss
Salvinia minima,OBL,OBL,OBL,OBL,OBL,,,OBL,OBL,,Water-Spangles
Salvinia molesta,OBL,OBL,OBL,OBL,OBL,OBL,,,OBL,,Kariba-Weed
Salvinia natans,,,,OBL,,,OBL,,,,Floating Water-Moss
Salvinia oblongifolia,,OBL,,,,,,,,,Oblong-Leaf Water-Moss
Samanea saman,,,FACU,,,UPL,,,,,Raintree
Sambucus nigra,FACW,FACU,FAC,FAC,FAC,FACU,FAC,FACW,FAC,,Black Elder
Sambucus racemosa,FACU,FACU,,FACU,FACU,,FACU,FACU,FACU,FACU,Red Elder
Samolus ebracteatus,OBL,FACW,,,FACW,,,,FACW,,Limewater Brookweed
Samolus parviflorus,OBL,OBL,OBL,OBL,OBL,,OBL,OBL,OBL,,_?_
Samolus vagans,,OBL,,,,,,,,,Chiricahua Mountain Brookweed
Samolus valerandi,OBL,,,OBL,,,,,,,Seaside Brookweed
Sanguinaria canadensis,UPL,,,UPL,UPL,,FACU,FACU,UPL,,Bloodroot
Sanguisorba canadensis,FACW,FACW,,FACW,,,FACW,FACW,FACW,FACW,Canadian Burnet
Sanguisorba menziesii,,,,,,,,,OBL,FAC,Small-Head Burnet
Sanguisorba officinalis,,FACW,,,,,,FACW,FACW,FACW,Great Burnet
Sanicula canadensis,FACU,,,UPL,FACU,,FACU,FACU,,,Canadian Black-Snakeroot
Sanicula kauaiensis,,,,,,FACW,,,,,Kauai Black-Snakeroot
Sanicula marilandica,FACU,FAC,,FACU,FACU,,FACU,FACU,FAC,,Maryland Black-Snakeroot
Sanicula maritima,,FACW,,,,,,,,,Adobe Black-Snakeroot
Sanicula odorata,FACU,,,FACU,FAC,,FAC,FAC,,,Clustered Black-Snakeroot
Sanicula purpurea,,,,,,FACW,,,,,Purple-Flower Black-Snakeroot
Santalum freycinetianum,,,,,,FACU,,,,,Forest Sandalwood
Santalum involutum,,,,,,FACU,,,,,Involute Sandalwood
Santalum pyrularium,,,,,,FACU,,,,,iliahi
Sapindus saponaria,FACU,FACU,UPL,FACU,FACU,UPL,UPL,,FACU,,Wing-Leaf Soapberry
Sapium laurocerasus,,,FACU,,,,,,,,Milktree
Saponaria officinalis,FACU,FACU,,FACU,FACU,,FACU,FACU,UPL,,Bouncing-Bett
Sarcobatus vermiculatus,,FACU,,,FAC,,,,FACU,,Greasewood
Sarcocornia ambigua,OBL,,OBL,OBL,OBL,,,OBL,,,Chickenclaws
Sarcocornia pacifica,,OBL,,,,,,,OBL,,Pacific Swampfire
Sarcocornia utahensis,OBL,OBL,,,FACW,,,,OBL,,Utah Swampfire
Sarracenia alabamensis,OBL,,,OBL,,,,,,,Alabama Cranebrake Pitcherplant
Sarracenia alata,OBL,,,,OBL,,,,,,Yellow-Trumpets
Sarracenia flava,OBL,,,OBL,,,,OBL,,,Yellow Pitcherplant
Sarracenia jonesii,,,,OBL,,,,,,,Mountain Sweet Pitcherplant
Sarracenia leucophylla,OBL,,,OBL,,,,,OBL,,White-Top Pitcherplant
Sarracenia minor,OBL,,,OBL,,,,,,,Hooded Pitcherplant
Sarracenia oreophila,OBL,,,OBL,,,,,,,Green Pitcherplant
Sarracenia psittacina,OBL,,,,,,,,,,Parrot Pitcherplant
Sarracenia purpurea,OBL,OBL,,OBL,OBL,,OBL,OBL,OBL,,Purple Pitcherplant
Sarracenia rosea,OBL,,,OBL,,,,,,,Rosy Pitcherplant
Sarracenia rubra,OBL,OBL,,OBL,,,,,OBL,,Sweet Pitcherplant
Sassafras albidum,FACU,,,FACU,FACU,,FACU,FACU,,,Sassafras
Saururus cernuus,OBL,,,OBL,OBL,,OBL,OBL,,,Lizard's-Tail
Saussurea americana,,FACW,,,,,,,FACW,FACW,American Saw-Wort
Saussurea angustifolia,,,,,,,,,,FAC,Narrow-Leaf Saw-Wort
Saussurea nuda,,,,,,,,,,FAC,Dwarf Saw-Wort
Sauvagesia erecta,,,FACU,,,UPL,,,,,Creole-Tea
Saxifraga adscendens,,FACW,,,FACW,,,,FACW,FACU,Wedge-Leaf Saxifrage
Saxifraga aizoides,,,,,,,,FACW,,FACW,Yellow Mountain Saxifrage
Saxifraga austromontana,,FACU,,,FACU,,,,FACU,,Matted Saxifrage
Saxifraga caespitosa,,FAC,,,FACU,,,,FAC,FAC,Tufted Alpine Saxifrage
Saxifraga cernua,,FACW,,,FACU,,,FACW,FACW,FACW,Nodding Saxifrage
Saxifraga cherlerioides,,,,,,,,,,FACU,_?_
Saxifraga chrysantha,,FACU,,,FACU,,,,FACU,,Golden Saxifrage
Saxifraga funstonii,,,,,,,,,,FACU,Funston's Saxifrage
Saxifraga hirculus,,OBL,,,OBL,,,,OBL,OBL,Yellow Marsh Saxifrage
Saxifraga hyperborea,,,,,,,,,,FACU,Pygmy Saxifrage
Saxifraga mertensiana,,FACW,,,OBL,,,,FACW,FACW,Woodland Saxifrage
Saxifraga oppositifolia,,FACU,,,FAC,,,FAC,FACU,FAC,Purple Mountain Saxifrage
Saxifraga paniculata,,,,,,,,FAC,,,White Mountain Saxifrage
Saxifraga radiata,,,,,,,,,,FACW,Siberian Saxifrage
Saxifraga rivularis,,FACW,,,FACW,,,FACW,FACW,OBL,Alpine-Brook Saxifrage
Saxifraga tricuspidata,,,,,,,,UPL,,FACU,Prickly Saxifrage
Saxifraga vespertina,,FACU,,,,,,,FACU,,Yellow-Dot Saxifrage
Scaevola chamissoniana,,,,,,FAC,,,,,Half-Flower Kuahiwi
Scaevola gaudichaudiana,,,,,,FACU,,,,,Mountain Half-Flower
Scaevola glabra,,,,,,FACW,,,,,Ohe Half-Flower
Scaevola mollis,,,,,,FAC,,,,,Purple Half-Flower
Scaevola plumieri,FACU,,UPL,,FAC,,,,,,Gullfeed
Scaevola procera,,,,,,FACU,,,,,Forest Half-Flower
Scaevola sericea,FACU,,,,,FACU,,,,,Half-Flower
Sceptridium biternatum,FAC,,,FAC,FAC,,FAC,FAC,,,Sparse-Lobe Grape Fern
Sceptridium dissectum,FAC,,,FAC,FAC,,FAC,FAC,,,Cut-Leaf Grape Fern
Sceptridium jenmanii,FAC,,UPL,FAC,,,,,,,Dixie Grape Fern
Sceptridium multifidum,FAC,FAC,,FACU,FAC,,FACU,FACU,FAC,FAC,Leathery Grape Fern
Sceptridium oneidense,FAC,,,FAC,,,FAC,FAC,,,Blunt-Lobe Grape Fern
Schedonorus arundinaceus,FAC,FACU,,FACU,FACU,FACU,FACU,FACU,FAC,UPL,Tall False Rye Grass
Schedonorus giganteus,,,,,,,,FACU,,,Giant False Rye Grass
Schedonorus pratensis,FACU,FACU,,FACU,FACU,FACU,FACU,FACU,FACU,FACU,Meadow False Rye Grass
Schefflera gleasonii,,,FAC,,,,,,,,Yuquilla
Schefflera morototonii,,,FAC,,,,,,,,Matchwood
Schenkia spicata,FACW,,,FACW,,,,FACW,,,Mediterranean Schenkia
Scheuchzeria palustris,OBL,OBL,,OBL,OBL,,OBL,OBL,OBL,OBL,Rannoch-Rush
Schiedea jacobii,,,,,,FACU,,,,,Jacobi's Schiedea
Schiedea lychnoides,,,,,,FAC,,,,,Kuawawaenohu
Schiedea obovata,,,,,,FACU,,,,,Waianae Range Schiedea
Schiedea trinervis,,,,,,FACW,,,,,Mountain Schiedea
Schiedea viscosa,,,,,,FACW,,,,,Climbing Schiedea
Schinus molle,FACU,FACU,FACU,,FACU,UPL,,,UPL,,Peruvian Peppertree
Schinus terebinthifolia,FAC,FAC,FACW,,FAC,FACU,,,,,Brazilian Peppertree
Schizachne purpurascens,FACU,FACU,,FACU,FACU,,FACU,FACU,UPL,FAC,False Melic Grass
Schizachyrium littorale,FAC,FACU,,FACW,FACW,,FACW,FACW,,,Dune False Bluestem
Schizachyrium maritimum,FAC,,,,,,,,,,Gulf False Bluestem
Schizachyrium rhizomatum,FACW,,,,,,,,,,Florida False Bluestem
Schizachyrium scoparium,FACU,FACU,,FACU,FACU,UPL,FACU,FACU,FACU,,Little False Bluestem
Schizaea dichotoma,,,,,,FAC,,,,,_?_
Schizaea fluminensis,,,OBL,,,,,,,,Caribbean Curly-Grass Fern
Schizaea poeppigiana,,,FACU,,,,,,,,Epiphytic Curly-Grass Fern
Schizaea pusilla,OBL,,,,,,,OBL,,,Little Curly-Grass Fern
Schizaea robusta,,,,,,OBL,,,,,Robust Curly-Grass Fern
Schizostachyum glaucifolium,,,,,,FAC,,,,,Polynesian-'ohe
Schlegelia brachyantha,,,FACW,,,,,,,,Higuerito-de-Sierra
Schoenolirion albiflorum,OBL,,,FACW,,,,,,,White Sunnybell
Schoenolirion croceum,OBL,,,OBL,OBL,,,,,,Yellow Sunnybell
Schoenolirion wrightii,OBL,,,OBL,FACW,,,,,,Texas Sunnybell
Schoenoplectus X steinmetzii,,,,,,,,OBL,,,_?_
Schoenoplectus acutus,OBL,OBL,,OBL,OBL,,OBL,OBL,OBL,OBL,Hard-Stem Club-Rush
Schoenoplectus americanus,OBL,OBL,OBL,OBL,OBL,,OBL,OBL,OBL,OBL,Chairmaker's Club-Rush
Schoenoplectus californicus,OBL,OBL,,OBL,OBL,OBL,OBL,,OBL,,California Club-Rush
Schoenoplectus deltarum,FACW,,,FACW,OBL,,OBL,,,,Delta Club-Rush
Schoenoplectus erectus,OBL,,,,OBL,,,,,,Sharp-Scale Club-Rush
Schoenoplectus etuberculatus,OBL,,,OBL,,,,OBL,,,Canby's Club-Rush
Schoenoplectus fluviatilis,OBL,OBL,,OBL,OBL,,OBL,OBL,OBL,,River Club-Rush
Schoenoplectus glaucus,OBL,OBL,,OBL,,,,OBL,OBL,,Tuberous Club-Rush
Schoenoplectus hallii,OBL,,,OBL,OBL,,OBL,OBL,,,Hall's Club-Rush
Schoenoplectus heterochaetus,OBL,OBL,,OBL,OBL,,OBL,OBL,OBL,,Pale Great Club-Rush
Schoenoplectus juncoides,,,,,,OBL,,,,,Rock's Club-Rush
Schoenoplectus lacustris,OBL,,,OBL,,,,OBL,,,Common Club-Rush
Schoenoplectus litoralis,,,,,,OBL,,,,,Plumes of Water from the bristles
Schoenoplectus maritimus,OBL,OBL,,OBL,OBL,OBL,OBL,OBL,OBL,OBL,Saltmarsh Club-Rush
Schoenoplectus mucronatus,OBL,OBL,,OBL,,OBL,OBL,OBL,OBL,,Bog Club-Rush
Schoenoplectus novae-angliae,OBL,,,OBL,,,,OBL,,,New England Club-Rush
Schoenoplectus pungens,OBL,OBL,OBL,OBL,OBL,,OBL,OBL,OBL,,Three-Square
Schoenoplectus purshianus,OBL,,,OBL,OBL,,OBL,OBL,,,Weak-Stalk Club-Rush
Schoenoplectus robustus,OBL,OBL,,OBL,OBL,,,OBL,OBL,,Seaside Club-Rush
Schoenoplectus saximontanus,OBL,OBL,,OBL,OBL,,OBL,,OBL,,Rocky Mountain Club-Rush
Schoenoplectus smithii,OBL,,,OBL,OBL,,OBL,OBL,,,Smith's Club-Rush
Schoenoplectus subterminalis,OBL,OBL,,OBL,OBL,,OBL,OBL,OBL,OBL,Swaying Club-Rush
Schoenoplectus subulatus,,,,,,OBL,,,,,_?_
Schoenoplectus tabernaemontani,OBL,OBL,OBL,OBL,OBL,OBL,OBL,OBL,OBL,OBL,Soft-Stem Club-Rush
Schoenoplectus torreyi,OBL,,,OBL,OBL,,OBL,OBL,,,Torrey's Club-Rush
Schoenoplectus triqueter,,,,,,,,,OBL,,Streambank Club-Rush
Schoenus apogon,,,,,,OBL,,,,,Tufted Bog-Rush
Schoenus nigricans,OBL,OBL,,,OBL,,,,OBL,,Black Bog-Rush
Schoenus punctatus,,,,,,FAC,,,,,_?_
Schradera exotica,,,FACU,,,,,,,,Yellowshrub
Schultesia heterophylla,,,OBL,,,,,,,,Caribbean Wingcup
Schwalbea americana,FAC,,,FACU,,,,FACU,,,Chaffseed
Scilla luciliae,FAC,FACU,,FAC,,,FAC,FAC,,,Boissier's Glory-of-the-Snow
Scirpoides holoschoenus,OBL,,,OBL,,,,OBL,,,Round-Head Club-Rush
Scirpus X peckii,,,,,,,,OBL,,,_?_
Scirpus ancistrochaetus,,,,OBL,,,,OBL,,,Barbed-Bristle Bulrush
Scirpus atrocinctus,,OBL,,FACW,OBL,,OBL,OBL,OBL,,Black-Girdle Bulrush
Scirpus atrovirens,OBL,OBL,,OBL,OBL,,OBL,OBL,OBL,,Dark-Green Bulrush
Scirpus congdonii,,FACW,,,,,,,FACW,,Congdon's Bulrush
Scirpus cyperinus,OBL,OBL,,FACW,OBL,,OBL,OBL,OBL,,Cottongrass Bulrush
Scirpus diffusus,,FACW,,,,,,,OBL,,Umbrella Bulrush
Scirpus divaricatus,OBL,,,OBL,,,OBL,,,,Spreading Bulrush
Scirpus expansus,OBL,,,OBL,,,OBL,OBL,,,Woodland Bulrush
Scirpus flaccidifolius,OBL,,,OBL,,,,,,,Reclining Bulrush
Scirpus georgianus,OBL,,,OBL,OBL,,OBL,OBL,,,Georgia Bulrush
Scirpus hattorianus,OBL,,,OBL,OBL,,OBL,OBL,,,Mosquito Bulrush
Scirpus longii,OBL,,,OBL,,,,OBL,,,Long's Bulrush
Scirpus microcarpus,OBL,OBL,,OBL,OBL,,OBL,OBL,OBL,OBL,Red-Tinge Bulrush
Scirpus nevadensis,,OBL,,,OBL,,,,OBL,,Nevada Bulrush
Scirpus pallidus,OBL,OBL,,OBL,OBL,,OBL,OBL,OBL,,Pale Bulrush
Scirpus pedicellatus,OBL,,,OBL,OBL,,OBL,OBL,,,Stalked Bulrush
Scirpus pendulus,OBL,OBL,,OBL,OBL,,OBL,OBL,OBL,,Rufous Bulrush
Scirpus polyphyllus,OBL,,,OBL,,,OBL,OBL,,,Leafy Bulrush
Scleranthus annuus,FACU,FACU,,FACU,FACU,,FACU,FACU,UPL,,Annual Knawel
Scleria baldwinii,FACW,,,,,,,,,,Baldwin's Nut-Rush
Scleria brittonii,FACW,,FACW,OBL,,,,,,,Britton's Nut-Rush
Scleria canescens,,,FAC,,,,,,,,Puerto Rico Nut-Rush
Scleria caricina,,,,,,FAC,,,,,_?_
Scleria ciliata,FAC,,FAC,FAC,FAC,,FAC,,,,Fringed Nut-Rush
Scleria distans,OBL,,FACW,,OBL,,,,,,River-Swamp Nut-Rush
Scleria eggersiana,,,OBL,,,,,,,,Eggers' Nut-Rush
Scleria georgiana,FACW,,FACW,FACW,FACW,,,,,,Slender-Fruit Nut-Rush
Scleria hirtella,,,OBL,,,,,,,,_?_
Scleria lacustris,FACW,,,,,,,,,,Deep-Root Nut-Rush
Scleria lithosperma,FAC,,UPL,,,FAC,,,,,Florida Keys Nut-Rush
Scleria melaleuca,,,FACW,,,,,,,,Cortadora-Blanca
Scleria microcarpa,,,OBL,,,,,,,,Tropical Nut-Rush
Scleria minor,FACW,,,FACW,,,,FACW,,,Slender Nut-Rush
Scleria mucronata,,,FACW,,,,,,,,Cuban Nut-Rush
Scleria muehlenbergii,OBL,,OBL,FAC,OBL,,FAC,FACW,,,Muehlenberg's Nut-Rush
Scleria novae-hollandiae,,,,,,FAC,,,,,_?_
Scleria oligantha,FAC,,,FACU,FAC,,FACU,FAC,,,Little-Head Nut-Rush
Scleria pauciflora,FAC,,FACW,FACU,FACW,,FACU,FACU,,,Few-Flower Nut-Rush
Scleria polycarpa,,,,,,FAC,,,,,_?_
Scleria reticularis,FACW,,OBL,OBL,FACW,,OBL,OBL,,,Netted Nut-Rush
Scleria rugosa,,,,,,FAC,,,,,_?_
Scleria scindens,,,FACW,,,,,,,,Hairy Nut-Rush
Scleria secans,,,FACW,,,,,,,,Razor-Grass
Scleria testacea,,,,,,FAC,,,,,Hawaii Nut-Rush
Scleria triglomerata,FACW,,,FAC,FAC,,FAC,FAC,,,Whip Nut-Rush
Scleria verticillata,OBL,,OBL,OBL,OBL,,OBL,OBL,,,Low Nut-Rush
Sclerolepis uniflora,OBL,,,OBL,,,,OBL,,,Pink Bogbutton
Sclerolinon digynum,,FACW,,,,,,,FAC,,Northwestern Yellow-Flax
Scolochloa festucacea,,OBL,,,OBL,,OBL,OBL,OBL,OBL,Common River Grass
Scoparia dulcis,FAC,,FAC,,FACU,FAC,,,,,Licorice-Weed
Scorzoneroides autumnalis,FAC,FAC,,FAC,,FACU,FACU,FACU,FAC,UPL,August-Flower
Scrophularia atrata,,FACU,,,,,,,,,Black-Flower Figwort
Scrophularia californica,,FAC,UPL,,,,,,FAC,,California Figwort
Scrophularia lanceolata,FAC,FAC,,FACU,FAC,,FACU,FACU,FAC,,Lance-Leaf Figwort
Scrophularia marilandica,FACU,,,FACU,FACU,,FACU,FACU,,,Carpenter's-Square
Scrophularia minutiflora,,,OBL,,,,,,,,Little-Flower Figwort
Scutellaria X churchilliana,,,,,,,,FACW,,,_?_
Scutellaria arenicola,FAC,,,,,,,,,,Florida Scrub Skullcap
Scutellaria bolanderi,,FACW,,,,,,,FACW,,Sierran Skullcap
Scutellaria cardiophylla,FAC,,,FAC,FAC,,,,,,Gulf Skullcap
Scutellaria floridana,OBL,,,,,,,,,,Florida Skullcap
Scutellaria galericulata,OBL,OBL,,OBL,OBL,,OBL,OBL,OBL,OBL,Hooded Skullcap
Scutellaria integrifolia,FAC,,,FACW,FACW,,FACW,FACW,,,Helmet-Flower
Scutellaria lateriflora,OBL,FACW,,FACW,FACW,,OBL,OBL,FACW,FACW,Mad Dog Skullcap
Scutellaria nervosa,FAC,,,FAC,,,FAC,FAC,,,Veiny Skullcap
Scutellaria ocmulgee,FACW,,,FACW,,,,,,,Ocmulgee Skullcap
Scutellaria ovata,UPL,,,FACU,FACU,,FACU,FACU,,,Heart-Leaf Skullcap
Scutellaria parvula,FACU,,,UPL,UPL,,FACU,FACU,,,Small Skullcap
Scutellaria racemosa,FACW,,,OBL,FACW,,,,,,South American Skullcap
Scutellaria siphocampyloides,,FACU,,,,,,,FACU,,Gray-Leaf Skullcap
Scutellaria thieretii,FACW,,,,FACW,,,,,,Thieret's Skullcap
Securidaca virgata,,,FAC,,,,,,,,Wand Jaboncillo
Sedella leiocarpa,,FAC,,,,,,,FAC,,Lake County Mock Stonecrop
Sedella pumila,,FAC,,,,,,,FAC,,Sierran Mock Stonecrop
Sedum pulchellum,UPL,,,FACU,FACU,,FACU,,,,Widow's-Cross
Sedum pusillum,FAC,,,FAC,,,,,,,Granite Stonecrop
Sedum ternatum,FACU,,,FACU,,,FACU,FACU,,,Woodland Stonecrop
Selaginella apoda,FACW,,,FACW,FACW,,FACW,FACW,,,Meadow Spike-Moss
Selaginella arbuscula,,,,,,FAC,,,,,Dwarf Spike-Moss
Selaginella armata,,,OBL,,,,,,,,Armored Spike-Moss
Selaginella cordifolia,,,OBL,,,,,,,,Heart-Leaf Spike-Moss
Selaginella deflexa,,,,,,OBL,,,,,Deflexed Spike-Moss
Selaginella eclipes,FACW,,,FACW,,,FACW,FACW,,,Hidden Spike-Moss
Selaginella kraussiana,FACW,FACW,,FACW,,FACW,,,FACW,,Krauss' Spike-Moss
Selaginella laxifolia,,,FACW,,,,,,,,Limp-Leaf Spike-Moss
Selaginella ludoviciana,FACW,,,,,,,,,,Gulf Spike-Moss
Selaginella ovifolia,,,OBL,,,,,,,,Oval-Leaf Spike-Moss
Selaginella selaginoides,,FACW,,,,,,FACW,FACW,FACU,Northern Spike-Moss
Selaginella stellata,,,,,,FACU,,,,,Starry Spike-Moss
Selaginella substipitata,,,OBL,,,,,,,,Stalked Spike-Moss
Selaginella tenella,,,OBL,,,,,,,,Delicate Spike-Moss
Selaginella umbrosa,,,,,,FACU,,,,,Red Spike-Moss
Selaginella uncinata,OBL,,,OBL,,,,,,,Blue Spike-Moss
Selaginella willdenowii,FAC,,FACU,,,,,,,,Willdenow's Spike-Moss
Selenia dissecta,,FACW,,,FACW,,,,FACW,,Texas Selenia
Selenia grandis,FACW,,,,FACW,,,,,,Large Selenia
Selenia jonesii,,FACW,,,FACW,,,,,,Jones' Selenia
Senecio amplectens,,FACW,,,FACW,,,,FACU,,Showy Alpine Ragwort
Senecio clarkianus,,FACW,,,,,,,FACW,,Clark's Ragwort
Senecio cliffordii,,UPL,,,,,,,FACU,,Clifford's Ragwort
Senecio crassulus,,FACU,,,FACU,,,,FACU,,Thick-Leaf Ragwort
Senecio eremophilus,,FACU,,,FAC,,,FACW,FACU,FACU,Desert Ragwort
Senecio hieraciifolius,FAC,FACU,FAC,FACU,FACU,FAC,FAC,FACU,FACU,,American Burnweed
Senecio hydrophiloides,,FACW,,,FACW,,,,FACW,,Stout Meadow Ragwort
Senecio hydrophilus,,OBL,,,OBL,OBL,,,OBL,,Alkali-Marsh Ragwort
Senecio integerrimus,,FACU,,,FAC,,FAC,FAC,FACU,,Lamb-Tongue Ragwort
Senecio lugens,,FAC,,,FACW,,,,FAC,FAC,Small Black-Tip Ragwort
Senecio madagascariensis,,,,,,FACU,,,,,Madagascar Ragwort
Senecio minimus,,FACU,,,,,,,FACU,,Coastal Burnweed
Senecio pseudoarnica,,,,,,,,FACU,,FACU,Seaside Ragwort
Senecio scorzonella,,FAC,,,,,,,FAC,,Sierran Ragwort
Senecio serra,,FACU,,,FACW,,,,FACU,,Tall Ragwort
Senecio sphaerocephalus,,FACW,,,FAC,,,,FACW,,Mountain-Marsh Ragwort
Senecio suaveolens,FACW,,,FACW,,,FACW,FACW,,,False Indian-Plantain
Senecio sylvaticus,UPL,UPL,,UPL,,FACU,,UPL,FACU,,Woodland Ragwort
Senecio triangularis,,FACW,,,OBL,,,,FACW,FACW,Arrow-Leaf Ragwort
Senecio valerianifolius,,,FAC,,,FAC,,,,,Tropical Burnweed
Senecio vulgaris,UPL,FACU,,FACU,FACU,FACU,UPL,FACU,FACU,FACU,Old-Man-in-the-Spring
Senegalia greggii,,FACU,,,UPL,,,,FACU,,Long-Flower Catclaw
Senna X floribunda,,,FACU,,,,,,,,_?_
Senna alata,FACU,,FACW,FACU,,FACU,,,,,Emperor's-Candlesticks
Senna bicapsularis,,,FAC,,,,,,,,Christmasbush
Senna hebecarpa,FAC,,,FAC,,,FACW,FACW,,,American Wild Sensitive-Plant
Senna hirsuta,,FACU,FAC,,,,,,FACU,,Woolly Wild Sensitive-Plant
Senna marilandica,FAC,,,FAC,FAC,,FACW,FACW,,,Maryland Wild Sensitive-Plant
Senna mexicana,FAC,,,,,,,,,,Mexican Wild Sensitive-Plant
Senna nitida,,,FACW,,,,,,,,Hediondilla
Senna obtusifolia,FACU,UPL,UPL,FACU,FACU,UPL,FACU,FACU,FACU,,Coffeeweed
Senna occidentalis,FAC,,UPL,UPL,UPL,FAC,FACU,UPL,,,Septicweed
Senna pendula,FAC,FAC,FAC,,FAC,FACU,,,,,Valamuerto
Senna septentrionalis,,,UPL,,,FACU,,,,,Hedionda-Macho
Senna surattensis,FAC,,UPL,,,UPL,,,,,Glossy-Shower
Serenoa repens,FACU,,,FACU,,,,,,,Saw-Palmetto
Serpocaulon loriceum,,,OBL,,,,,,,,_?_
Sesbania cannabina,,,,,,FAC,,,,,_?_
Sesbania drummondii,FACW,,,FACW,FACW,,,,,,Poison-Bean
Sesbania emerus,,FAC,OBL,,,,,,,,Danglepod
Sesbania grandiflora,FACU,,UPL,,,,,,,,Vegetable-Hummingbird
Sesbania herbacea,FACW,FACW,,FAC,FACW,,FACW,FACW,FACW,,Peatree
Sesbania punicea,FAC,FACW,,FAC,FACW,,,,FACW,,Purple River-Hemp
Sesbania sericea,FAC,,FACW,,,,,,,,Papagayo
Sesbania sesban,,,FACW,,,FACU,,,,,Egyptian River-Hemp
Sesbania vesicaria,FAC,,,FAC,FAC,,OBL,,,,Bagpod
Sesuvium maritimum,FACW,FACW,OBL,FACW,FACW,,,FACW,,,Slender Sea-Purslane
Sesuvium portulacastrum,FACW,FACW,FACW,FACW,FACW,FAC,,,,,Shoreline Sea-Purslane
Sesuvium trianthemoides,OBL,,,,OBL,,,,,,Texas Sea-Purslane
Sesuvium verrucosum,FACW,FACW,,,FACW,,,,FACW,,Verrucose Sea-Purslane
Setaria X ambigua,FAC,,,FAC,,,,FACU,,,_?_
Setaria adhaerens,UPL,FACU,,UPL,UPL,,,,UPL,,Adherent Bristle Grass
Setaria faberi,UPL,UPL,,UPL,UPL,,FACU,FACU,UPL,,Japanese Bristle Grass
Setaria italica,FACU,FACU,UPL,FACU,FACU,,FACU,FACU,FAC,,Italian Bristle Grass
Setaria macrosperma,FAC,,,,,,,,,,Coral Bristle Grass
Setaria magna,FACW,FACW,FACW,FACW,FACW,,,,FACW,,Giant Bristle Grass
Setaria palmifolia,FAC,,,,,FAC,,,,,Palm Grass
Setaria parviflora,FACW,FAC,FAC,FAC,FAC,FACU,FAC,FAC,FAC,,Marsh Bristle Grass
Setaria pumila,FAC,FAC,UPL,FAC,FACU,,FAC,FAC,FAC,,Yellow Bristle Grass
Setaria sphacelata,FAC,OBL,,FAC,,FAC,,,OBL,,African Bristle Grass
Setaria verticillata,FAC,FACU,,FAC,FAC,FACU,FAC,FACU,FACU,,Rough Bristle Grass
Setaria verticilliformis,FAC,FAC,,FAC,,,FAC,FAC,,,Foreward-Barb Bristle Grass
Seymeria cassioides,FAC,FAC,,FAC,FAC,,,,,,Yaupon Black-Senna
Shepherdia argentea,,FACU,,,UPL,,FACU,FACU,FACU,,Silver Buffalo-Berry
Shepherdia canadensis,,UPL,,UPL,FACU,,UPL,UPL,UPL,FACU,Russet Buffalo-Berry
Shinnersia rivularis,,,,,OBL,,,,,,Rio Grande Shinner's Aster
Shortia galacifolia,,,,FACU,,,,FACU,,,Oconee-Bells
Sibbaldia procumbens,,FACU,,,FACU,,,FACU,FACU,FACU,Creeping-Glow-Wort
Sibbaldia tridentata,FACU,,,FACU,FACU,,FACU,FACU,,,Shrubby-Fivefingers
Sicyos angulatus,FACW,,,FACU,FACW,,FACW,FACW,,,One-Seed Burr-Cucumber
Sida acuta,UPL,UPL,UPL,UPL,UPL,FAC,,FACU,,,Common-Wireweed
Sida hermaphrodita,UPL,,,FAC,,,FACU,FACU,,,Virginia Fanpetals
Sida rhombifolia,FACU,FACU,FACU,UPL,FACU,FACU,UPL,,FACU,,Cuban-Jute
Sida spinosa,FACU,UPL,UPL,UPL,UPL,UPL,FACU,FACU,UPL,,Prickly Fanpetals
Sidalcea calycosa,,OBL,,,,,,,OBL,,Annual Checkerbloom
Sidalcea campestris,,FACU,,,,,,,FACU,,Meadow Checkerbloom
Sidalcea candida,,FACW,,,FAC,,,,FACW,,White Checkerbloom
Sidalcea covillei,,FACU,,,,,,,FACU,,Owens Valley Checkerbloom
Sidalcea cusickii,,FACW,,,,,,,FACW,,Cusick's Checkerbloom
Sidalcea hendersonii,,,,,,,,,FACW,FACU,Henderson's Checkerbloom
Sidalcea hirsuta,,OBL,,,,,,,OBL,,Hairy Checkerbloom
Sidalcea malviflora,,FACW,,,,,,,FACW,,Dwarf Checkerbloom
Sidalcea nelsoniana,,,,,,,,,FAC,,Nelson's Checkerbloom
Sidalcea neomexicana,FACW,FACW,,,FACW,,,,FACW,,Rocky Mountain Checkerbloom
Sidalcea oregana,,FACW,,,,,,FACW,FACW,,Oregon Checkerbloom
Sidalcea pedata,,OBL,,,,,,,,,Mountain Checkerbloom
Sidalcea ranunculacea,,OBL,,,,,,,OBL,,Marsh Checkerbloom
Sidalcea reptans,,OBL,,,,,,,OBL,,Sierran Checkerbloom
Sidalcea stipularis,,OBL,,,,,,,OBL,,Scadden Flat Checkerbloom
Sideroxylon celastrinum,FAC,,,,FAC,,,,,,Saffron-Plum
Sideroxylon lanuginosum,FACU,FACU,,FACU,FACU,,FACW,,FACU,,Gum Bully
Sideroxylon lycioides,FAC,,,FACW,,,FACW,,,,Buckthorn Bully
Sideroxylon reclinatum,FAC,,,,,,,,,,Florida Bully
Silene acaulis,,UPL,,,FAC,,,UPL,UPL,UPL,Cushion-Pink
Silene flos-cuculi,FACU,,,FACU,,,FACU,FACU,FACW,,Ragged-Robin
Silene menziesii,,FAC,,,UPL,,,,FAC,FAC,White Catchfly
Silene nivea,FAC,,,FAC,FACW,,FACW,FACW,FACW,,Snowy Catchfly
Silene spaldingii,,FACU,,,,,,,FACU,,Spalding's Silene
Silene uralensis,,FACW,,,FACW,,,,FAC,FAC,Apetalous Catchfly
Silphium integrifolium,FAC,,,FAC,FAC,,FACU,FAC,FAC,,Entire-Leaf Rosinweed
Silphium perfoliatum,FAC,FACW,,FAC,FAC,,FACW,FACW,,,Cup-Plant
Silphium terebinthinaceum,FACU,,,FACU,,,FAC,FAC,,,Prairie Rosinweed
Sinapis alba,FAC,FAC,FAC,FAC,FAC,,FACU,FACU,FAC,,White-Mustard
Siphoneugena densiflora,,,OBL,,,,,,,,Hoja-Menuda
Sisymbrium altissimum,FACU,FACU,,FACU,FACU,UPL,FACU,FACU,FACU,FACU,Tall Hedge-Mustard
Sisyrinchium acre,,,,,,FACU,,,,,Hawaii Blue-Eyed-Grass
Sisyrinchium albidum,FAC,,,FAC,FACU,,FACU,FACU,,,White Blue-Eyed-Grass
Sisyrinchium angustifolium,FACW,,,FACW,FACW,,FAC,FAC,,,Narrow-Leaf Blue-Eyed-Grass
Sisyrinchium atlanticum,FACW,,,FACW,FACW,,FACW,FACW,,,Eastern Blue-Eyed-Grass
Sisyrinchium bellum,,FACW,,,,,,,FACW,,California Blue-Eyed-Grass
Sisyrinchium biforme,FAC,,,,FAC,,,,,,Wiry Blue-Eyed-Grass
Sisyrinchium californicum,,FACW,,,,,,,FACW,,Golden Blue-Eyed-Grass
Sisyrinchium capillare,FACW,,,FACW,,,,,,,Needle Blue-Eyed-Grass
Sisyrinchium cernuum,,FAC,,,,,,,,,Nodding Blue-Eyed-Grass
Sisyrinchium demissum,,OBL,,,OBL,,,,OBL,,Stiff Blue-Eyed-Grass
Sisyrinchium elmeri,,OBL,,,,,,,OBL,,Elmer's Blue-Eyed-Grass
Sisyrinchium funereum,,FACW,,,,,,,FACW,,Funeral Mountain Blue-Eyed-Grass
Sisyrinchium fuscatum,UPL,,,FACU,,,FACU,FACU,,,Coastal-Plain Blue-Eyed-Grass
Sisyrinchium halophilum,,FACW,,,,,,,FACW,,Nevada Blue-Eyed-Grass
Sisyrinchium hitchcockii,,,,,,,,,FAC,,Hitchcock's Blue-Eyed-Grass
Sisyrinchium idahoense,,FACW,,,OBL,,,,FACW,,Idaho Blue-Eyed-Grass
Sisyrinchium littorale,,,,,,,,,FACW,FACW,Alaska Blue-Eyed-Grass
Sisyrinchium longipes,,FACW,,,,,,,FACW,,Timberland Blue-Eyed-Grass
Sisyrinchium minus,FACU,FACU,,FACU,FACU,,,,,,Dwarf Blue-Eyed-Grass
Sisyrinchium montanum,,FACW,,FAC,FAC,,FAC,FAC,FAC,FACW,Strict Blue-Eyed-Grass
Sisyrinchium mucronatum,FACW,,,FAC,FAC,,FACW,FAC,,,Needle-Tip Blue-Eyed-Grass
Sisyrinchium nashii,FAC,,,FAC,,,,,,,Nash's Blue-Eyed-Grass
Sisyrinchium pallidum,,,,,,,,,FACU,,Pale Blue-Eyed Grass
Sisyrinchium rosulatum,FAC,,FACU,FAC,FAC,FAC,,,,,Annual Blue-Eyed-Grass
Sisyrinchium sagittiferum,FAC,,,FACW,FACW,,,,,,Spear-Bract Blue-Eyed-Grass
Sisyrinchium sarmentosum,,OBL,,,,,,,OBL,,Mountain Blue-Eyed-Grass
Sisyrinchium septentrionale,,FACW,,,FAC,,,,FACW,,Northern Blue-Eyed-Grass
Sisyrinchium strictum,,,,,,,FAC,FAC,,,_?_
Sium carsonii,OBL,,,OBL,,,,OBL,,,Carson's Water-Parsnip
Sium suave,OBL,OBL,,OBL,OBL,,OBL,OBL,OBL,OBL,Hemlock Water-Parsnip
Sloanea berteriana,,,FAC,,,,,,,,Bullwood
Smilax auriculata,FACU,,,FACU,,,,,,,Ear-Leaf Greenbrier
Smilax bona-nox,FAC,,,FACU,FACU,,FACU,,,,Fringed Greenbrier
Smilax coriacea,FAC,,FAC,,,,,,,,Everglades Greenbrier
Smilax glauca,FAC,,,FACU,UPL,,FACU,FACU,FACU,,Sawbrier
Smilax herbacea,FAC,,,FAC,,,FAC,FAC,,,Smooth Carrion-Flower
Smilax hispida,FAC,,,FAC,FAC,,FAC,FAC,,,Chinaroot
Smilax jamesii,,FACW,,,,,,,FACW,,English Peak Greenbrier
Smilax laurifolia,FACW,,,OBL,OBL,,,,,,Laurel-Leaf Greenbrier
Smilax melastomifolia,,,,,,FACU,,,,,Hawaii Greenbrier
Smilax pseudochina,FAC,,,FAC,,,,FAC,,,Bamboovine
Smilax pulverulenta,FAC,,,FACU,FACU,,FACU,FACU,,,Downy Carrion-Flower
Smilax pumila,UPL,,,UPL,FAC,,,,,,Sarsparilla-Vine
Smilax rotundifolia,FAC,,,FAC,FAC,,FAC,FAC,,,Horsebrier
Smilax smallii,FACU,,,FACU,FACU,,,,,,Lance-Leaf Greenbrier
Smilax walteri,OBL,,,OBL,,,,,,,Coral Greenbrier
Solandra grandiflora,FACU,,UPL,,,FACU,,FACU,,,Showy Chalicevine
Solanum americanum,FACU,FACU,FAC,FACU,FACU,FACU,FACU,,FACU,,American Black Nightshade
Solanum bahamense,FAC,,UPL,,,,,,,,Bahama Nightshade
Solanum campechiense,FACU,,FACU,,FACU,,,,,,Red-Berry Nightshade
Solanum capsicoides,FACU,,FAC,FACU,FACU,FACU,,,,,Cockroach-Berry
Solanum carolinense,FACU,FACU,,FACU,UPL,,FACU,FACU,UPL,,Carolina Horse-Nettle
Solanum donianum,FAC,,UPL,,,,,,,,Mullein Nightshade
Solanum douglasii,FACU,FAC,,,FAC,,,,FAC,,Green-Spot Nightshade
Solanum dulcamara,FAC,FAC,,FAC,FACU,,FAC,FAC,FAC,,Climbing Nightshade
Solanum erianthum,FAC,,UPL,,FAC,,,,,,Potato-Tree
Solanum jamaicense,FACU,,FAC,,,,,,,,Jamaican Nightshade
Solanum mammosum,,,FACW,,,,,,,,Nipplefruit
Solanum nigrum,FACU,FACU,UPL,FACU,,FACU,,FACU,FACU,FACU,European Black Nightshade
Solanum nudum,,,OBL,,,,,,,,Forest Nightshade
Solanum pseudogracile,FACU,,,,,,,,,,Glowing Nightshade
Solanum ptychanthum,FACU,FACU,,FACU,FACU,,FACU,FACU,FACU,,Eastern Black Nightshade
Solanum rugosum,,,FACU,,,,,,,,Tabacon-Aspero
Solanum torvum,FACU,,FACU,FACU,,FAC,,,,,Turkey-Berry
Solanum woodburyi,,,OBL,,,,,,,,Woodbury's Nightshade
Solenostemon scutellarioides,FACU,,FACU,FACU,,FACU,,FACU,,,Painted-Nettle
Solidago X asperula,FACU,,,,,,,FACW,,,_?_
Solidago altissima,FACU,FACU,,FACU,FACU,UPL,FACU,FACU,FACU,,Tall Goldenrod
Solidago arguta,UPL,,,UPL,FACU,,UPL,FACU,,,Atlantic Goldenrod
Solidago caesia,FACU,,,FACU,FACU,,FACU,FACU,,,Wreath Goldenrod
Solidago canadensis,FACU,,,FACU,FACU,,FACU,FACU,FACU,,Canadian Goldenrod
Solidago confinis,,OBL,,,,,,,FACW,,Southern Goldenrod
Solidago curtisii,FACU,,,FACU,,,,,,,Curtis' Goldenrod
Solidago elongata,,FACU,,,,,,,FACU,,Cascade Canada Goldenrod
Solidago fistulosa,FAC,,,FACW,,,,FACW,,,Pine-Barren Goldenrod
Solidago flexicaulis,FACU,,,FACU,FACU,,FACU,FACU,,,Zigzag Goldenrod
Solidago gigantea,FACW,FACW,,FACW,FAC,,FACW,FACW,FACW,,Late Goldenrod
Solidago glomerata,,,,FAC,,,,,,,Clustered Goldenrod
Solidago gracillima,OBL,,,OBL,,,,,,,Virginia Goldenrod
Solidago houghtonii,,,,,,,,OBL,,,Houghton's Goldenrod
Solidago latissimifolia,OBL,,,OBL,,,,OBL,,,Elliott's Goldenrod
Solidago leavenworthii,FAC,,,FAC,,,,,,,Leavenworth's Goldenrod
Solidago lepida,,FAC,,,FACU,,FACU,FACU,FAC,FACU,Western Canada Goldenrod
Solidago multiradiata,,FACU,,FACU,FACU,,,FACU,FACU,FACU,Rocky Mountain Goldenrod
Solidago ohioensis,,,,OBL,,,OBL,OBL,,,Ohio Goldenrod
Solidago patula,OBL,,,OBL,OBL,,OBL,OBL,,,Round-Leaf Goldenrod
Solidago puberula,FACU,,,FACU,,,,FACU,,,Downy Goldenrod
Solidago riddellii,OBL,,,OBL,OBL,,OBL,OBL,,,Riddell's Goldenrod
Solidago rigida,FACU,FACU,,UPL,FACU,,FACU,FACU,FACU,,Hard-Leaf Flat-Top-Goldenrod
Solidago rugosa,FAC,,,FAC,FAC,,FAC,FAC,,,Wrinkle-Leaf Goldenrod
Solidago sempervirens,FACW,,FACU,FACW,FACW,,FACW,FACW,,,Seaside Goldenrod
Solidago simplex,FACU,FACU,,FACU,FACU,,FACU,FACU,FACU,UPL,Mt. Albert Goldenrod
Solidago spathulata,,FACU,,,,,,,FACU,,Coast Goldenrod
Solidago spectabilis,,FACW,,,,,,,FACW,,Nevada Goldenrod
Solidago stricta,OBL,,,FACW,OBL,,,,,,Wand Goldenrod
Solidago uliginosa,OBL,,,OBL,OBL,,OBL,OBL,,,Bog Goldenrod
Solidago verna,OBL,,,OBL,,,,,,,Spring-Flowering Goldenrod
Soliva sessilis,FACU,FACU,,FACU,UPL,UPL,,,FAC,,Lawn Burrweed
Sonchus arvensis,UPL,FACU,,FACU,FAC,,FACU,FACU,FACU,FACU,Field Sow-Thistle
Sonchus asper,FACU,FAC,FAC,FAC,FAC,FACU,FACU,FACU,FACU,FACU,Spiny-Leaf Sow-Thistle
Sonchus oleraceus,FACU,UPL,FACU,UPL,UPL,FACU,FACU,FACU,UPL,UPL,Common Sow-Thistle
Sophora tomentosa,FAC,,FACU,,UPL,UPL,,,,,Yellow Necklacepod
Sophronanthe hispida,FAC,,,,,,,,,,Rough False Hedge-Nettle
Sophronanthe pilosa,FACW,,,FACU,FACW,,FACW,,,,Shaggy False Hedge-Nettle
Sorbus americana,FACU,,,FACU,,,FAC,FAC,,,American Mountain-Ash
Sorbus decora,,,,,FAC,,UPL,FACU,,,Northern Mountain-Ash
Sorbus scopulina,,FACU,,,FACU,,,,FACU,FACU,Cascade Mountain-Ash
Sorbus sitchensis,,FAC,,,FAC,,,,FAC,FACU,Sitka Mountain-Ash
Sorghastrum nutans,FACU,FACU,,FACU,FACU,,FACU,FACU,FACU,,Yellow Indian Grass
Sorghastrum secundum,FACU,,,FACU,,,,,,,Lopsided Indian Grass
Sorghum bicolor,FACU,FACU,UPL,UPL,FACU,FACU,UPL,UPL,FACU,,Broom-Corn
Sorghum halepense,FACU,FACU,FAC,FACU,FACU,FACU,FACU,FACU,FACU,,Johnson Grass
Sparganium americanum,OBL,,,OBL,OBL,,OBL,OBL,,,American Burr-Reed
Sparganium androcladum,OBL,,,OBL,OBL,,OBL,OBL,,,Branched Burr-Reed
Sparganium angustifolium,,OBL,,OBL,OBL,,OBL,OBL,OBL,OBL,Narrow-Leaf Burr-Reed
Sparganium emersum,,OBL,,OBL,OBL,,OBL,OBL,OBL,OBL,European Burr-Reed
Sparganium eurycarpum,OBL,OBL,,OBL,OBL,,OBL,OBL,OBL,,Broad-Fruit Burr-Reed
Sparganium fluctuans,OBL,,,OBL,OBL,,OBL,OBL,OBL,,Floating Burr-Reed
Sparganium glomeratum,,,,,OBL,,OBL,OBL,,,Clustered Burr-Reed
Sparganium hyperboreum,,,,,,,,,,OBL,Northern Burr-Reed
Sparganium natans,,OBL,,OBL,OBL,,OBL,OBL,OBL,OBL,Arctic Burr-Reed
Spartina X caespitosa,OBL,,,OBL,,,,OBL,,,_?_
Spartina alterniflora,OBL,OBL,,OBL,OBL,,,OBL,OBL,,Saltwater Cord Grass
Spartina bakeri,FACW,,,,,,,,,,Bunch Cord Grass
Spartina cynosuroides,OBL,,,OBL,OBL,,,OBL,OBL,,Big Cord Grass
Spartina densiflora,OBL,OBL,,,OBL,,,,OBL,,Dense-Flower Cord Grass
Spartina foliosa,,OBL,,,,,,,OBL,,California Cord Grass
Spartina gracilis,,FACW,,,FACW,,FACW,FACW,FACW,,Alkali Cord Grass
Spartina patens,FACW,OBL,FACW,FACW,FACW,,FACW,FACW,OBL,,Salt-Meadow Cord Grass
Spartina pectinata,OBL,OBL,,OBL,FACW,,FACW,FACW,OBL,,Freshwater Cord Grass
Spartina spartinae,OBL,,,,FAC,,,,,,Gulf Cord Grass
Spathodea campanulata,FACU,,FACU,,,FACU,,,,,African-Tuliptree
Spathoglottis carolinensis,,,,,,FACU,,,,,_?_
Spathoglottis micronesiaca,,,,,,FACU,,,,,_?_
Spathoglottis plicata,UPL,,UPL,,,FACU,,,,,Philippine Ground Orchid
Spergularia atrosperma,,FACW,,,,,,,FACU,,Black-Seed Sandspurry
Spergularia bocconi,,FACW,,,,,,,FAC,,Boccone's Sandspurry
Spergularia canadensis,,FACW,,,,,,OBL,FACW,FACW,Canadian Sandspurry
Spergularia diandra,,FACW,,,FACW,,,,FACW,,Alkali Sandspurry
Spergularia echinosperma,OBL,OBL,,,OBL,,,,OBL,,Bristle-Seed Sandspurry
Spergularia macrotheca,,FAC,,,,,,,FAC,,Sticky Sandspurry
Spergularia marina,OBL,OBL,,OBL,OBL,FAC,OBL,FACW,OBL,,Saltmarsh Sandspurry
Spergularia media,FACW,FACW,,FACW,FACU,,FACU,FACU,FAC,,Satin-Flower
Spergularia platensis,FACW,OBL,,,FACW,,,,,,La Plata Sandspurry
Spergularia rubra,UPL,FAC,,FACU,FACU,,FACU,FACU,FAC,FAC,Ruby Sandspurry
Spermacoce exilis,,,UPL,,,FACU,,,,,Pacific False Buttonweed
Spermacoce glabra,FACW,,,FACW,FACW,,FACW,,,,Smooth False Buttonweed
Spermacoce ovalifolia,,,,,,FACU,,,,,Oval-Leaf False Buttonweed
Spermacoce prostrata,FACW,,FACU,,,FAC,,,,,Prostrate False Buttonweed
Spermacoce remota,UPL,,UPL,,,FAC,,,,,Woodland False Buttonweed
Spermacoce sintenisii,,,FAC,,,,,,,,West Indian False Buttonweed
Spermacoce tenuior,FACU,,FACU,,FACW,,,,,,Slender False Buttonweed
Spermolepis divaricata,FAC,FACW,,FACU,FACW,,FACU,,FACW,,Rough-Fruit Scaleseed
Spermolepis echinata,FACU,FACU,,FACU,FACU,,FACU,,FACU,,Bristly-Fruit Scaleseed
Sphaerophysa salsula,,FACU,,,FACU,,,,UPL,,Red Bladder-Vetch
Sphagneticola trilobata,FAC,,FACU,,,FAC,,,,,Bay Biscayne Creeping-Oxeye
Sphenoclea zeylanica,FACW,,OBL,OBL,OBL,,,,,,Chickenspike
Sphenopholis X pallens,FACW,,,FAC,,,FAC,FAC,,,_?_
Sphenopholis filiformis,FACU,,,UPL,FAC,,,,,,Long-Leaf Wedgescale
Sphenopholis intermedia,FAC,FAC,,FAC,FAC,,FAC,FAC,FAC,FAC,Slender Wedgescale
Sphenopholis nitida,UPL,,,FAC,UPL,,FAC,UPL,,,Shiny Wedgescale
Sphenopholis obtusata,FAC,FAC,,FAC,FAC,UPL,FAC,FAC,FAC,,Prairie Wedgescale
Sphenopholis pensylvanica,OBL,,,OBL,,,OBL,OBL,,,Swamp Wedgescale
Sphenosciadium capitellatum,,FACW,,,,,,,FACW,,Swamp Whiteheads
Spigelia loganioides,FACW,,,,,,,,,,Florida Pinkroot
Spinulum annotinum,FAC,FAC,,FAC,FAC,,FAC,FAC,FAC,FACU,Interrupted Club-Moss
Spiraea X hitchcockii,,FAC,,,,,,,FAC,,_?_
Spiraea alba,FACW,,,FACW,FACW,,FACW,FACW,FACW,,White Meadowsweet
Spiraea betulifolia,FAC,FACU,,FAC,FACU,,FAC,FACU,FACU,,Shiny-Leaf Meadowsweet
Spiraea douglasii,FAC,FACW,,FAC,,,FAC,,FACW,FACW,Douglas' Meadowsweet
Spiraea japonica,FACU,,,FACU,,,UPL,UPL,,,Japanese Meadowsweet
Spiraea latifolia,FACW,,,FACW,,,FACW,FACW,,,Broad-Leaf Meadowsweet
Spiraea salicifolia,FACW,,,FACW,,,,OBL,,,Willow-Leaf Meadowsweet
Spiraea stevenii,,,,,,,,,,FACU,Steven's Meadowsweet
Spiraea tomentosa,FACW,,,FACW,FACW,,FACW,FACW,FACW,,Steeplebush
Spiraea virginiana,FACW,,,FACU,,,,,,,Virginia Meadowsweet
Spiranthes X folsomii,FAC,,,,,,,,,,_?_
Spiranthes X itchetuckneensis,FAC,,,,,,,,,,_?_
Spiranthes X meridionalis,FAC,,,,,,,,,,_?_
Spiranthes brevilabris,FACW,,,,FAC,,,,,,Texas Ladies'-Tresses
Spiranthes cernua,FACW,,,FACW,FACW,,FACW,FACW,,,White Nodding Ladies'-Tresses
Spiranthes delitescens,,OBL,,,,,,,,,Madrean Ladies'-Tresses
Spiranthes diluvialis,,FACW,,,FACW,,,,FACW,,Diluvim Ladies'-Tresses
Spiranthes eatonii,FACU,,,FACU,,,,,,,Eaton's Ladies'-Tresses
Spiranthes floridana,FACW,,,FAC,,,,,,,Florida Ladies'-Tresses
Spiranthes infernalis,,FACW,,,,,,,,,Ash Meadows Ladies'-Tresses
Spiranthes lacera,FAC,,,FACU,FAC,,FAC,FAC,,,Northern Slender Ladies'-Tresses
Spiranthes laciniata,FACW,,,OBL,OBL,,,OBL,,,Lace-Lip Ladies'-Tresses
Spiranthes longilabris,FACW,,,OBL,,,,,,,Giant-Spiral Ladies'-Tresses
Spiranthes lucida,FACW,,,FACW,FACW,,FACW,FACW,,,Shining Ladies'-Tresses
Spiranthes magnicamporum,FACU,FAC,,FACU,FAC,,FAC,FACU,FAC,,Great Plains Ladies'-Tresses
Spiranthes odorata,OBL,,,OBL,OBL,,,OBL,,,Marsh Ladies'-Tresses
Spiranthes ovalis,FAC,,,FAC,FAC,,FAC,FAC,,,October Ladies'-Tresses
Spiranthes porrifolia,,FACW,,,,,,,FACW,,Western Ladies'-Tresses
Spiranthes praecox,FACW,,,OBL,FACW,,,OBL,,,Green-Vein Ladies'-Tresses
Spiranthes romanzoffiana,,FACW,,OBL,OBL,,OBL,OBL,FACW,OBL,Hooded Ladies'-Tresses
Spiranthes torta,FACU,,FAC,,,,,,,,Southern Ladies'-Tresses
Spiranthes tuberosa,FACU,,,FACU,UPL,,UPL,UPL,,,Little Ladies'-Tresses
Spiranthes vernalis,FACW,,,FAC,FACW,,FAC,FAC,,,Spring Ladies'-Tresses
Spirodela polyrhiza,OBL,OBL,OBL,OBL,OBL,OBL,OBL,OBL,OBL,,Common Duckmeat
Sporobolus airoides,FAC,FAC,,FAC,FAC,,FAC,FAC,FAC,,Alkali-Sacaton
Sporobolus cryptandrus,UPL,FACU,,UPL,FACU,,FACU,FACU,FACU,,Sand Dropseed
Sporobolus curtissii,FACU,,,,,,,,,,Pineland Dropseed
Sporobolus diandrus,UPL,UPL,,,UPL,FACU,,,,,Tussock Dropseed
Sporobolus domingensis,FACU,,FAC,,FACU,,,,,,Coral Dropseed
Sporobolus flexuosus,FAC,FACU,,,FAC,,,,UPL,,Mesa Dropseed
Sporobolus floridanus,FACW,,,FAC,,,,,,,Florida Dropseed
Sporobolus giganteus,UPL,FACU,,,UPL,,,,UPL,,Giant Dropseed
Sporobolus heterolepis,UPL,,,UPL,UPL,,FACU,FACU,FACU,,Prairie Dropseed
Sporobolus indicus,FACU,FACU,FACU,FACU,FACU,FACU,FACU,FACU,FACU,,Smut Grass
Sporobolus neglectus,UPL,UPL,,FACU,UPL,,UPL,FACU,UPL,,Small Dropseed
Sporobolus pinetorum,FACW,,,FACW,,,,,,,Carolina Dropseed
Sporobolus pyramidatus,FAC,FACU,FAC,UPL,FAC,FACU,UPL,UPL,FACU,,Target Dropseed
Sporobolus teretifolius,FACW,,,FACW,,,,,,,Wire-Leaf Dropseed
Sporobolus texanus,FAC,FACW,,FACU,FAC,,FAC,,FAC,,Texas Dropseed
Sporobolus virginicus,FACW,,FACW,FAC,FACW,FAC,,,,,Seashore Dropseed
Sporobolus wrightii,FAC,FAC,,,FAC,,,,FACW,,Wright's Dropseed
Stachydeoma graveolens,FACW,,,,,,,,,,Mock Pennyroyal
Stachys ajugoides,,OBL,,,,,,,OBL,,Bugle Hedge-Nettle
Stachys albens,,OBL,,,,,,,OBL,,White-Stem Hedge-Nettle
Stachys appalachiana,,,,OBL,,,,,,,Blue Ridge Hedge-Nettle
Stachys aspera,FAC,,,FACW,,,FACW,FACW,,,Gritty Hedge-Nettle
Stachys chamissonis,,OBL,,,,,,,FACW,FACW,Coastal Hedge-Nettle
Stachys clingmanii,UPL,,,FAC,,,FACU,FACU,,,Clingman's Hedge-Nettle
Stachys coccinea,,FAC,,,,,,,FAC,,Scarlet Hedge-Nettle
Stachys cordata,FAC,,,FAC,,,FAC,FAC,,,Heart-Leaf Hedge-Nettle
Stachys crenata,FACU,FAC,,FACU,FAC,,FAC,,FAC,,Mouse's-Ear
Stachys eplingii,FAC,,,FAC,,,,,,,Epling's Hedge-Nettle
Stachys floridana,FAC,FAC,,FAC,FAC,,,,,,Florida Hedge-Nettle
Stachys hyssopifolia,OBL,,,FACW,,,FACW,FACW,,,Hyssop-Leaf Hedge-Nettle
Stachys latidens,FAC,,,FAC,,,,,,,Broad-Tooth Hedge-Nettle
Stachys mexicana,,FACW,,,,,,,FACW,FACU,Mexican Hedge-Nettle
Stachys palustris,OBL,,,OBL,,,OBL,OBL,,FACW,Woundwort
Stachys pilosa,FACW,FACW,,FACW,FACW,,FACW,FACW,FACW,FACW,Hairy Hedge-Nettle
Stachys pycnantha,,FACW,,,,,,,FACW,,Short-Spike Hedge-Nettle
Stachys rigida,,FACW,,,,,,,FACW,,Rough Hedge-Nettle
Stachys stricta,,OBL,,,,,,,OBL,,Sonoma Hedge-Nettle
Stachys tenuifolia,FACW,,,FACW,FACW,,OBL,FACW,,,Smooth Hedge-Nettle
Stachytarpheta australis,,,,,,FAC,,,,,Branched Porterweed
Stachytarpheta cayennensis,FACU,,FACU,,,FAC,,,,,Cayenne Porterweed
Stachytarpheta jamaicensis,FACU,,FACU,,,FACU,,,,,Blueflower
Stahlia monosperma,,,FACW,,,,,,,,Cobana-Negra
Staphylea trifolia,FAC,,,FAC,FAC,,FAC,FAC,,,American Bladdernut
Steinchisma hians,OBL,FACW,,FACW,FACW,,FACW,,,,Gaping Grass
Steinchisma laxum,FACW,,FACW,,,,,,,,Lax Gaping Grass
Stellaria alsine,OBL,OBL,,OBL,,,OBL,OBL,FAC,,Bog Chickweed
Stellaria antillana,,,OBL,,,,,,,,West Indian Starwort
Stellaria borealis,FACW,FACW,,FACW,FACW,,OBL,FACW,FACW,FACW,Boreal Starwort
Stellaria calycantha,,FACW,,,FACW,,,,FACW,FACW,Northern Bog Starwort
Stellaria crassifolia,,FACW,,,OBL,,FACW,FACW,FACW,FACW,Fleshy Starwort
Stellaria crispa,,FAC,,,FACW,,,,FAC,FAC,Ruffled Starwort
Stellaria cuspidata,FAC,FAC,,FAC,FAC,,,,FAC,,Mexican Starwort
Stellaria fontinalis,,,,FACW,,,,,,,American Water Starwort
Stellaria graminea,FAC,FAC,,FACU,FACU,,UPL,UPL,FACU,,Grass-Leaf Starwort
Stellaria humifusa,,OBL,,,,,,OBL,OBL,OBL,Saltmarsh Starwort
Stellaria littoralis,,OBL,,,,,,,OBL,,Beach Starwort
Stellaria longifolia,FACW,FACW,,FACW,FACW,,FACW,FACW,FACW,FAC,Long-Leaf Starwort
Stellaria longipes,,FACW,,,FACW,,OBL,FAC,FACW,FAC,Long-Stalk Starwort
Stellaria media,FACU,FACU,,UPL,FACU,FACU,FACU,FACU,FACU,UPL,Common Chickweed
Stellaria obtusa,,FACW,,,FACW,,,,FACW,,Rocky Mountain Starwort
Stellaria palustris,,,,,,,FAC,FAC,,,European Water Starwort
Stellaria umbellata,,FACW,,,FACW,,,,FACW,FACW,Umbrella Starwort
Stemodia durantifolia,FACW,OBL,FACW,,,,,,OBL,,White-Woolly Twintip
Stemodia maritima,,,FACW,,,,,,,,Seaside Twintip
Stenandrium dulce,OBL,,,FACW,FACW,,,,,,Sweet Shaggytuft
Stenandrium tuberosum,,,FACW,,,,,,,,Mata-Espiritista
Stenanthium densum,FACW,,,OBL,FACW,,,,,,Osceola's-Plume
Stenanthium gramineum,FAC,,,FACW,FAC,,FAC,FAC,,,Eastern Featherbells
Stenanthium leimanthoides,FACW,,,OBL,FACW,,,OBL,,,Pine-Barren Featherbells
Stenogyne calaminthoides,,,,,,FAC,,,,,Bog Stenogyne
Stenogyne calycosa,,,,,,FACU,,,,,Maui Stenogyne
Stenogyne cranwelliae,,,,,,FACW,,,,,Kohala Mountain Stenogyne
Stenogyne kamehamehae,,,,,,FAC,,,,,Forest Stenogyne
Stenogyne kealiae,,,,,,FAC,,,,,Keal's Stenogyne
Stenogyne macrantha,,,,,,FACU,,,,,Hawaii Stenogyne
Stenogyne oxygona,,,,,,FACU,,,,,Jeweled Stenogyne
Stenogyne purpurea,,,,,,FAC,,,,,Purple Stenogyne
Stenogyne rotundifolia,,,,,,FAC,,,,,Pua'ainaka
Stenogyne sessilis,,,,,,FACU,,,,,Fuzzy-Flower Stenogyne
Stenotaphrum secundatum,FAC,FAC,FAC,FAC,FAC,FACU,,,FAC,,St. Augustine Grass
Stephanomeria fluminea,,,,,,,,,FACW,,Teton Wirelettuce
Sticherus bifidus,,,OBL,,,,,,,,Mexican Umbrella Fern
Sticherus brevipubis,,,FACU,,,,,,,,Clothed Umbrella Fern
Sticherus owhyensis,,,,,,FACU,,,,,Hawaii Umbrella Fern
Stictocardia tiliifolia,FACU,,FACW,,,FACU,,,,,Spottedheart
Stigmaphyllon bannisterioides,,,FACW,,,,,,,,Egg-Leaf Amazon-Vine
Stillingia aquatica,OBL,,,,,,,,,,Water Toothleaf
Stokesia laevis,FAC,,,FAC,,,,,,,Stokes'-Aster
Streblus pendulinus,,,,,,FACU,,,,,Hawaii Roughbush
Streptopus amplexifolius,,FAC,,FAC,FACW,,FAC,FAC,FAC,FACU,Clasping Twistedstalk
Streptopus lanceolatus,,FAC,,FAC,FAC,,FAC,FACU,FAC,FACU,Lance-Leaf Twistedstalk
Streptopus streptopoides,,,,,,,,,FACW,FAC,Small Twistedstalk
Strophostyles helvola,FAC,FACU,,FACU,FACU,,FAC,FAC,FAC,,Trailing Fuzzy-Bean
Strophostyles umbellata,FAC,,,FACU,FACU,,FACU,FACU,,,Pink Fuzzy-Bean
Struchium sparganophorum,,,OBL,,,,,,,,Yerba-de-Faja
Strumpfia maritima,FAC,,UPL,,,,,,,,Pride-of-Big-Pine
Stuckenia X suecica,,,,,,,OBL,OBL,,,_?_
Stuckenia filiformis,OBL,OBL,,OBL,OBL,,OBL,OBL,OBL,OBL,Slender-Leaf False Pondweed
Stuckenia pectinata,OBL,OBL,,OBL,OBL,OBL,OBL,OBL,OBL,OBL,Sago False Pondweed
Stuckenia striata,OBL,OBL,,,OBL,,,,OBL,,Striped False Pondweed
Stuckenia vaginata,,OBL,,OBL,OBL,,OBL,OBL,OBL,OBL,Sheathed False Pondweed
Stylisma aquatica,FACW,,,FACW,FACW,,,,,,Water Dawnflower
Stylisma pickeringii,FAC,,,FAC,FAC,,UPL,,,,Pickering's Dawnflower
Stylogyne lateriflora,,,OBL,,,,,,,,Quiebrahacha
Stylosanthes guianensis,,,UPL,,,UPL,,,,,Brazilian Pencil-Flower
Styrax americanus,FACW,,,OBL,FACW,,OBL,OBL,,,American Snowbell
Styrax grandifolius,FACU,,,FACU,FAC,,UPL,,,,Big-Leaf Snowbell
Styrax platanifolius,,FAC,,,FAC,,,,,,Sycamore-Leaf Snowbell
Styrax portoricensis,,,FAC,,,,,,,,Palo-de-Jazmin
Suaeda calceoliformis,FACW,FACW,,FACW,FACW,,FACW,FACW,FACW,FACW,Paiuteweed
Suaeda californica,,FACW,,,,,,,FACW,,Broom Seepweed
Suaeda conferta,OBL,,,,OBL,,,,,,Beach Seepweed
Suaeda esteroa,,FACW,,,,,,,,,Seablite
Suaeda linearis,OBL,,,OBL,OBL,,,OBL,,,Annual Seepweed
Suaeda maritima,OBL,,,OBL,,,,OBL,FACW,FAC,Herbaceous Seepweed
Suaeda mexicana,,FACW,,,,,,,,,Mexican Seepweed
Suaeda nigra,OBL,OBL,FACW,,OBL,,,,OBL,,Shrubby Seepweed
Suaeda occidentalis,,FACW,,,FACW,,,,FACW,,Western Seepweed
Suaeda taxifolia,,FACW,,,,,,,,,Needle-Leaf Seepweed
Subularia aquatica,,OBL,,,OBL,,,OBL,OBL,OBL,American Water-Awlwort
Succisella inflexa,,,,FACW,,,,FACW,,,Frosted Pearls
Suckleya suckleyana,,FACW,,,FACW,,,,FACW,,Poison Suckleya
Suksdorfia violacea,,FAC,,,FAC,,,,FAC,,Violet Mock Brookfoam
Sullivantia hapemanii,,FACW,,,FACW,,,,OBL,,Hapeman's Coolwort
Suriana maritima,FAC,,FACU,,,,,,,,Bay-Cedar
Swertia perennis,,FACW,,,FAC,,,,FACW,FACW,Felwort
Swietenia macrophylla,,,FACU,,,FACU,,,,,Honduras Mahogany
Swietenia mahagoni,UPL,,UPL,,,FACU,,,,,West Indian Mahogany
Symphoricarpos albus,FACU,FACU,,FACU,UPL,,FACU,FACU,FACU,FACU,Common Snowberry
Symphoricarpos mollis,,FACU,,,,,,,FACU,,Creeping Snowberry
Symphoricarpos occidentalis,FAC,FAC,,UPL,UPL,,UPL,FACU,FAC,,Western Snowberry
Symphoricarpos orbiculatus,FACU,UPL,,FACU,FACU,,FACU,FACU,UPL,,Coral-Berry
Symphyotrichum adnatum,FACW,,,,,,,,,,Scale-Leaf American-Aster
Symphyotrichum ascendens,,FAC,,,FACU,,,,FACU,,Western American-Aster
Symphyotrichum bahamense,OBL,OBL,,OBL,,,,,,,Island American-Aster
Symphyotrichum boreale,,OBL,,OBL,OBL,,OBL,OBL,OBL,OBL,Boreal American-Aster
Symphyotrichum bracteolatum,,FAC,,,FAC,,,,FAC,,Bracted American-Aster
Symphyotrichum chapmanii,OBL,,,,,,,,,,Savannah American-Aster
Symphyotrichum chilense,,FAC,,,,,,,FAC,,Pacific American-Aster
Symphyotrichum ciliatum,,FACW,,FAC,FACW,,FAC,FAC,FACW,FACU,Alkali American-Aster
Symphyotrichum defoliatum,,OBL,,,,,,,OBL,,San Bernardino American-Aster
Symphyotrichum divaricatum,OBL,OBL,FACW,OBL,OBL,,OBL,,OBL,,Lawn American-Aster
Symphyotrichum dumosum,FAC,,,FAC,FAC,,FAC,FAC,,,Rice Button American-Aster
Symphyotrichum elliottii,OBL,,,OBL,,,,,,,Marsh American-Aster
Symphyotrichum ericoides,UPL,FAC,,FACU,FACU,,FACU,FACU,FAC,,White Heath American-Aster
Symphyotrichum eulae,FAC,,,,FAC,,,,,,Eula's American-Aster
Symphyotrichum expansum,OBL,OBL,FACW,OBL,OBL,FAC,OBL,,OBL,,Desert American-Aster
Symphyotrichum falcatum,FAC,FACU,,FAC,FACU,,FAC,FAC,FACU,FACU,Rough White Prairie American-Aster
Symphyotrichum foliaceum,,UPL,,,UPL,,,,FACU,UPL,Alpine Leafy-Head American-Aster
Symphyotrichum frondosum,,FACW,,,FACW,,,FACW,FACW,,Leafy American-Aster
Symphyotrichum kralii,FAC,,,FAC,,,,,,,Simmonds' American-Aster
Symphyotrichum laeve,UPL,FACU,,FACU,FACU,,FACU,FACU,FACU,,Smooth Blue American-Aster
Symphyotrichum lanceolatum,FACW,OBL,,FACW,FACW,,FAC,FACW,OBL,,White Panicled American-Aster
Symphyotrichum lateriflorum,FAC,,,FACW,FACW,,FACW,FAC,,,Farewell-Summer
Symphyotrichum lentum,,OBL,,,,,,,,,Suisun Marsh American-Aster
Symphyotrichum novae-angliae,FACW,FACW,,FACW,FACW,,FACW,FACW,FACW,,New England American-Aster
Symphyotrichum novi-belgii,OBL,,,FACW,,,,FACW,,,New Belgium American-Aster
Symphyotrichum ontarionis,FAC,FAC,,FAC,FAC,,FAC,FAC,,,Ontario American-Aster
Symphyotrichum pilosum,FAC,FACU,,FAC,FACU,,FACU,FACU,FACU,,White Oldfield American-Aster
Symphyotrichum porteri,,FACU,,,FACU,,,,FACU,,Smooth White American-Aster
Symphyotrichum praealtum,FACW,OBL,,FACW,FACW,,FACW,FACW,OBL,,Willow-Leaf American-Aster
Symphyotrichum prenanthoides,FAC,,,FAC,,,FAC,FAC,,,Crooked-Stem American-Aster
Symphyotrichum priceae,,,,FACU,,,,,,,Price's American-Aster
Symphyotrichum puniceum,OBL,,,OBL,OBL,,OBL,OBL,,,Purple-Stem American-Aster
Symphyotrichum racemosum,FACW,,,FACW,FACW,,FACW,FACW,,,Fragile-Stem American-Aster
Symphyotrichum robynsianum,,,,,FACW,,FACW,FACW,,,Robyns' American-Aster
Symphyotrichum spathulatum,,FAC,,,FAC,,,,FAC,,Mountain American-Aster
Symphyotrichum squamatum,OBL,OBL,,OBL,OBL,,,,OBL,,_?_
Symphyotrichum subspicatum,,FACW,,,FAC,,,,FACW,FAC,Leafy-Bract American-Aster
Symphyotrichum subulatum,OBL,OBL,,OBL,OBL,,OBL,FACW,,,Seaside American-Aster
Symphyotrichum tenuifolium,OBL,,,OBL,,,,OBL,,,Perennial Saltmarsh American-Aster
Symphyotrichum tradescantii,,,,FACW,,,,FACW,,,Tradescant's American-Aster
Symphyotrichum walteri,FAC,,,FAC,,,,,,,Walter's American-Aster
Symphyotrichum yukonense,,,,,,,,,,FACW,Yukon American-Aster
Symphysia racemosa,,,FACW,,,,,,,,Leather-Leaf Eelvine
Symphytum asperum,,FAC,,UPL,,,UPL,UPL,FAC,UPL,Prickly Comfrey
Symplocarpus foetidus,OBL,,,OBL,OBL,,OBL,OBL,,,Skunk-Cabbage
Symplocos tinctoria,FAC,,,FAC,FAC,,FAC,FAC,,,Horsesugar
Synandra hispidula,FACU,,,FAC,,,FAC,,,,Guyandotte-Beauty
Synedrella nodiflora,FAC,,UPL,,,FAC,,,,,Nodeweed
Syngonanthus flavidulus,FACW,,,FACW,,,,,,,Yellow-Hatpins
Syngonium angustatum,,,,,,FAC,,,,,Five Fingers
Synthyris ranunculina,,OBL,,,,,,,,,Charleston Mountain Kitten's-Tail
Syringodium filiforme,OBL,,OBL,,OBL,,,,,,Manatee-Grass
Syzygium cumini,UPL,,,,,FAC,,,,,Jambolan-Plum
Syzygium grande,,,UPL,,,FACU,,,,,Sea-Apple
Syzygium jambos,FACU,,FAC,,,FAC,,,,,Malabar-Plum
Syzygium malaccense,,,UPL,,,FACU,,,,,Malaysian-Apple
Syzygium sandwicense,,,,,,FACU,,,,,Ohi'a Ha
Tabebuia rigida,,,FAC,,,,,,,,Roble-de-Sierra
Tabebuia schumanniana,,,FACW,,,,,,,,Roble-Colorado
Tacca leontopetaloides,,,,,,FAC,,,,,Batflower
Tagetes lucida,FACU,,,,,,,,,,Mexican Tarragon
Talipariti tiliaceum,FACU,,FACW,,,FACW,,,,,Hawaii Sea-Hibiscus
Tamarix aphylla,FACW,FAC,FACW,,FACW,FACU,,,FAC,,Athel Tamarisk
Tamarix chinensis,FACW,FAC,,FACW,FACW,,FACW,FAC,FAC,,Five-Stamen Tamarisk
Tamarix gallica,FACW,FAC,FAC,FAC,FACW,,,,FAC,,French Tamarisk
Tamarix parviflora,FACW,FAC,FACW,FAC,FACW,,FAC,FAC,FAC,,Small-Flower Tamarisk
Tanacetum vulgare,UPL,FACU,,UPL,FACU,UPL,UPL,FACU,FACU,UPL,Common Tansy
Taraxacum californicum,,FACW,,,,,,,,,California Dandelion
Taraxacum ceratophorum,,UPL,,,UPL,,,FAC,FACU,UPL,Horned Dandelion
Taraxacum officinale,FACU,FACU,FAC,FACU,FACU,FACU,FACU,FACU,FACU,FACU,Common Dandelion
Taraxia breviflora,,FAC,,,FACU,,,,FAC,,Nested Goldeneggs
Taraxia subacaulis,,FACW,,,FACW,,,,FACW,,Spreading Goldeneggs
Taraxia tanacetifolia,,FACU,,,,,,,FACU,,Tansy-Leaf Goldeneggs
Tarenaya hassleriana,FACU,FACU,FAC,FACU,FAC,FAC,FACU,FACU,,,Pinkqueen
Tarenaya spinosa,FACU,,FAC,,,,,,,,Spiny Pinkqueen
Tarenna sambucina,,,,,,FAC,,,,,_?_
Tauschia tenuissima,,FACW,,,,,,,FACW,,Leiberg's Umbrella-Wort
Tauschia texana,FACW,,,,FACW,,,,,,Texas Umbrella-Wort
Taxodium ascendens,OBL,,,OBL,,,,,,,Pond-Cypress
Taxodium distichum,OBL,OBL,,OBL,OBL,,OBL,OBL,OBL,,Southern Bald-Cypress
Taxus brevifolia,,FACU,,,FACU,,,,FACU,FACU,Pacific Yew
Taxus canadensis,FAC,,,FAC,FAC,,FACU,FACU,,,American Yew
Tecoma stans,UPL,UPL,UPL,,UPL,FACU,,,UPL,,Yellow Trumpetbush
Tectaria X amesiana,OBL,,,,,,,,,,_?_
Tectaria coriandrifolia,OBL,,,,,,,,,,Hattie Bauer's Halberd Fern
Tectaria crenata,,,,,,FACU,,,,,_?_
Tectaria fimbriata,FACW,,FACW,,,,,,,,Fringed Halberd Fern
Tectaria heracleifolia,FACU,,UPL,,FACU,,,,,,Broad Halberd Fern
Tectaria incisa,FACW,,FACW,,,FACU,,,,,Incised Halberd Fern
Tectaria plantaginea,,,OBL,,,,,,,,Plantain-Leaf Halberd Fern
Tectaria trifoliata,,,FAC,,,,,,,,Three-Leaf Halberd Fern
Tectona grandis,,,UPL,,,UPL,,,,,Teak
Teliostachya alopecuroidea,,,FACU,,,,,,,,Pata-de-Gallina
Tellima grandiflora,,FACU,,,,,,,FACU,FACU,Fragrant Fringecup
Tephroseris atropurpurea,,,,,,,,,,FAC,Dark-Purple Squaw-Weed
Tephroseris frigida,,,,,,,,,,FAC,Arctic Squaw-Weed
Tephroseris palustris,,,,,FACW,,FACW,FACW,,FACW,Clustered Marsh Squaw-Weed
Tephrosia hispidula,FACU,,,FACU,,,,,,,Sprawling Hoary-Pea
Teramnus labialis,,,,,,FAC,,,,,Blue Wiss
Terminalia catappa,UPL,,FACU,,,FAC,,,,,Tropical-Almond
Terminalia samoensis,,,,,,FAC,,,,,_?_
Ternstroemia albopunctata,,,FAC,,,,,,,,Teta-Prieta
Ternstroemia heptasepala,,,OBL,,,,,,,,Saintedwood
Ternstroemia luquillensis,,,OBL,,,,,,,,Palo-Colorado
Ternstroemia peduncularis,,,FACW,,,,,,,,Copey-Vera
Ternstroemia stahlii,,,FACU,,,,,,,,Mamey-de-Cura
Ternstroemia subsessilis,,,FAC,,,,,,,,El Yunque-Colorado
Tetragastris balsamifera,,,FACU,,,,,,,,Masa
Tetraplasandra gymnocarpa,,,,,,FACU,,,,,Koolau 'Ohe
Tetraplasandra hawaiensis,,,,,,FACU,,,,,Hawaii 'Ohe
Tetraplasandra kavaiensis,,,,,,FACU,,,,,Ohe'ohe
Tetraplasandra oahuensis,,,,,,FACU,,,,,Ohe Mauka
Tetraplasandra waialealae,,,,,,FAC,,,,,Mt. Waialeale 'Ohe
Tetraplasandra waimeae,,,,,,FAC,,,,,Ohe Kiko 'Ola
Tetrazygia bicolor,FAC,,,,,FACU,,,,,Florida Clover-Ash
Tetrazygia biflora,,,FAC,,,,,,,,Puerto Rico Clover-Ash
Tetrazygia crotonifolia,,,FACU,,,,,,,,Hillside Clover-Ash
Tetrazygia urbanii,,,FAC,,,,,,,,Cenizo
Teucrium canadense,FACW,FACW,,FACW,FACW,,FACW,FACW,FAC,,American Germander
Teucrium chamaedrys,,FACU,,,,,,,FACU,,Wall Germander
Teucrium cubense,FACW,FACW,,,FAC,,,,FACW,,Small Coastal Germander
Thalassia testudinum,OBL,,OBL,,OBL,,,,,,Turtle-Grass
Thalia dealbata,OBL,,,OBL,OBL,,OBL,,,,Powdery Alligator-Flag
Thalia geniculata,OBL,,OBL,OBL,,,,,,,Bent Alligator-Flag
Thalictrum alpinum,,FACW,,,FACW,,,,FACW,FAC,Alpine Meadow-Rue
Thalictrum clavatum,FACW,,,FACW,,,,,,,Mountain Meadow-Rue
Thalictrum cooleyi,FACW,,,,,,,,,,Cooley's Meadow-Rue
Thalictrum coriaceum,FACU,,,FACU,,,,,,,Maid-of-the-Mist
Thalictrum dasycarpum,FAC,FACW,,FACW,FAC,,FACW,FACW,FACW,,Purple Meadow-Rue
Thalictrum debile,FAC,,,FAC,,,,,,,Southern Meadow-Rue
Thalictrum dioicum,FAC,,,FAC,FACW,,FACU,FACU,FACW,,Early Meadow-Rue
Thalictrum fendleri,,FAC,,,FAC,,,,FAC,,Fendler's Meadow-Rue
Thalictrum macrostylum,FACW,,,FACW,,,,,,,Small-Leaf Meadow-Rue
Thalictrum mirabile,OBL,,,FAC,,,,,,,Little Mountain Meadow-Rue
Thalictrum occidentale,,FACU,,,,,,,FACU,FACU,Western Meadow-Rue
Thalictrum pubescens,FACW,,,FACW,,,FAC,FACW,,,King-of-the-Meadow
Thalictrum revolutum,FAC,FACU,,FAC,FACW,,FAC,FAC,FACW,,Waxy-Leaf Meadow-Rue
Thalictrum sparsiflorum,,FAC,,,,,,,FAC,FACU,Few-Flower Meadow-Rue
Thalictrum thalictroides,FACU,,,FACU,FAC,,FACU,FACU,,,Rue-Anemone
Thalictrum venulosum,,FACU,,,FAC,,FAC,FACW,FAC,,Veiny-Leaf Meadow-Rue
Thaspium barbinode,UPL,,,FACU,FAC,,FACU,UPL,,,Hairy-Joint Meadow-Parsnip
Thelypodium brachycarpum,,UPL,,,,,,,FACU,,Short-Pod Thelypody
Thelypodium crispum,,FACU,,,,,,,FACU,,Crisped Thelypody
Thelypodium integrifolium,,FACW,,,FACW,,,,FACW,,Entire-Leaf Thelypody
Thelypodium sagittatum,,FACW,,,FACU,,,,FACW,,Arrowhead Thelypody
Thelypodium stenopetalum,,FAC,,,,,,,,,Slender-Petal Thelypody
Thelypteris angustifolia,,,OBL,,,,,,,,Broad-Leaf Maiden Fern
Thelypteris balbisii,,,FAC,,,,,,,,Balbis' Maiden Fern
Thelypteris decussata,,,FACW,,,,,,,,Glandular Maiden Fern
Thelypteris deltoidea,,,FAC,,,,,,,,Deltoid Maiden Fern
Thelypteris germaniana,,,FACW,,,,,,,,German's Maiden Fern
Thelypteris gretheri,,,,,,FACU,,,,,_?_
Thelypteris guamensis,,,,,,FAC,,,,,Downy Wood Fern
Thelypteris kunthii,FACW,,FAC,FACW,FAC,,,,,,Kunth's Maiden Fern
Thelypteris linkiana,,,FAC,,,,,,,,Link's Maiden Fern
Thelypteris maemonensis,,,,,,FAC,,,,,_?_
Thelypteris namaphila,,,FACW,,,,,,,,Maricao Maiden Fern
Thelypteris opposita,,,FACW,,,,,,,,Opposite-Leaf Maiden Fern
Thelypteris opulenta,FACW,,,,,FAC,,,,,Jeweled Maiden Fern
Thelypteris ovata,FACW,FACW,,FACW,FACW,,,,,,Ovate Marsh Fern
Thelypteris palustris,OBL,,,FACW,OBL,,OBL,FACW,OBL,,Eastern Marsh Fern
Thelypteris patens,FACU,,FAC,,,,,,,,Grid-Scale Maiden Fern
Thelypteris piedrensis,,,FACU,,,,,,,,Cuban Maiden Fern
Thelypteris poiteana,,,FAC,,,,,,,,Dark-Green Maiden Fern
Thelypteris puberula,,FACW,,,,,,,OBL,,Showy Maiden Fern
Thelypteris resinifera,FACW,,FACW,,,,,,,,Resinous Maiden Fern
Thelypteris reticulata,FACW,,FACW,,,,,,,,Lattice-Vein Fern
Thelypteris rheophyta,,,OBL,,,,,,,,Rio Inabon Maiden Fern
Thelypteris rudis,,,FAC,,,,,,,,Red Maiden Fern
Thelypteris sancta,FAC,,FAC,,,,,,,,Caribbean Maiden Fern
Thelypteris sclerophylla,UPL,,FACU,,,,,,,,Stiff Maiden Fern
Thelypteris serrata,FACW,,OBL,,,,,,,,Toothed Lattice-Vein Fern
Thelypteris subpubescens,,,,,,FACW,,,,,_?_
Thelypteris unita,,,,,,FACW,,,,,_?_
Thelypteris wailele,,,,,,FACW,,,,,Waioli Valley Maiden Fern
Thelypteris warburgii,,,,,,FACW,,,,,_?_
Thermopsis divaricarpa,,FAC,,,FAC,,,,FAC,,Spread-Fruit Golden-Banner
Thermopsis montana,,FAC,,,,,,,FAC,,Montane Golden-Banner
Thermopsis rhombifolia,,FACU,,,UPL,,FACU,FACU,FACU,,Prairie Golden-Banner
Thespesia populnea,FAC,,FAC,,,FAC,,,,,Portia-Tree
Thevetia peruviana,UPL,UPL,UPL,,UPL,FACU,,,,,Luckynut
Thinopyrum pycnanthum,FACW,,,FACW,,,,FACW,FACW,,Tick Quack Grass
Thlaspi arvense,UPL,UPL,,UPL,FACU,,FACU,UPL,UPL,UPL,Field Pennycress
Thrinax radiata,FAC,,,,,,,,,,Florida Thatch Palm
Thuja occidentalis,FACW,,,FACW,FACW,,FACW,FACW,,,Eastern Arborvitae
Thuja plicata,,FAC,,,UPL,,,,FAC,FAC,Western Arborvitae
Thunbergia alata,UPL,,FACU,UPL,UPL,UPL,,,,,Black-Eyed-Susan-Vine
Thunbergia erecta,FAC,,UPL,,,,,,,,Bush Clockvine
Thunbergia grandiflora,UPL,,UPL,,,FACU,,,,,Bengal-Trumpet
Thyrsanthella difformis,FACW,,,FACW,FACW,,FACW,,,,Climbing-Dogbane
Tiarella cordifolia,FAC,,,FAC,,,FACU,FACU,,,Heart-Leaf Foamflower
Tiarella trifoliata,,FAC,,,,,,,FAC,FAC,Three-Leaf Foamflower
Tibouchina herbacea,,,,,,FAC,,,,,Herbaceous Glorytree
Tiedemannia canbyi,OBL,,,OBL,,,,,,,_?_
Tiedemannia filiformis,OBL,,,FACW,FACW,,,,,,_?_
Tilia americana,FACU,FACU,,FACU,FACU,,FACU,FACU,FACU,,American Basswood
Tillandsia usneoides,FAC,,UPL,UPL,UPL,UPL,,,,,Spanish-Moss
Tipularia discolor,FACU,,,FACU,FAC,,FACU,FACU,,,Crippled-Cranefly
Tiquilia nuttallii,,UPL,,FACU,,,,,UPL,,Rosette Crinklemat
Tithonia diversifolia,FACU,FACU,FACU,,FAC,UPL,,,,,Tree-Marigold
Tithonia thurberi,,FACW,,,,,,,,,Arizona Sunflower-Weed
Tofieldia coccinea,,,,,,,,,,FAC,Purple Featherling
Tofieldia glabra,FACW,,,FACW,,,,,,,White Featherling
Tofieldia pusilla,,,,,,,,FACW,FACW,FAC,Scotch Featherling
Tolmiea diplomenziesii,,FAC,,,,,,,FACW,,_?_
Tolmiea menziesii,,FACW,,,,,,,FAC,FACW,Piggyback-Plant
Torenia asiatica,,,,,,FACW,,,,,Wishbone-Flower
Torenia glabra,,,,,,FACW,,,,,Ola'a-Beauty
Torralbasia cuneifolia,,,FAC,,,,,,,,Boje
Torreyochloa erecta,,OBL,,,,,,,OBL,,Spiked False Manna Grass
Torreyochloa pallida,OBL,OBL,,OBL,OBL,,OBL,OBL,OBL,FACW,Pale False Manna Grass
Touchardia latifolia,,,,,,FACW,,,,,Olona
Tournefortia argentea,,,,,,FACU,,,,,Velvet-Leaf Soldierbush
Tournefortia filiflora,,,FACU,,,,,,,,Cold-Withe
Tournefortia maculata,,,FAC,,,,,,,,Bejuco-de-Masa
Toxicodendron diversilobum,,FACU,,,,,,,FAC,,Pacific Poison-Oak
Toxicodendron pubescens,FACU,,,FACU,FACU,,FACU,,,,Eastern Poison-Oak
Toxicodendron radicans,FAC,FAC,,FAC,FACU,,FAC,FAC,,,Eastern Poison Ivy
Toxicodendron rydbergii,FAC,FACU,,FAC,FACU,,FAC,FAC,FACU,,Western Poison Ivy
Toxicodendron vernix,OBL,,,OBL,,,OBL,OBL,,,Poison-Sumac
Toxicoscordion fontanum,,OBL,,,,,,,OBL,,_?_
Toxicoscordion micranthum,,OBL,,,,,,,OBL,,Small-Flower Poison Camas
Toxicoscordion venenosum,,FACU,,,FAC,,FAC,,FACU,,Meadow Poison Camas
Tradescantia bracteata,FAC,,,UPL,FACU,,FACU,FACU,FAC,,Long-Bract Spiderwort
Tradescantia edwardsiana,FAC,,,,FAC,,,,,,Plateau Spiderwort
Tradescantia fluminensis,FAC,FAC,,FAC,FAC,FAC,,,FAC,,Small-Leaf Wandering-Jew
Tradescantia occidentalis,UPL,FACU,,UPL,UPL,,UPL,UPL,FACU,,Prairie Spiderwort
Tradescantia ohiensis,FAC,FACW,,FAC,FACU,,FACU,FACU,,,Bluejacket
Tradescantia pallida,,,,,,FAC,,,,,Purple Queen
Tradescantia spathacea,UPL,,UPL,,,FACU,,,,,Boat-Lily
Tradescantia virginiana,FAC,,FAC,FACU,FAC,,UPL,UPL,,,Virginia Spiderwort
Tradescantia wrightii,,FACW,,,FACW,,,,FACW,,Wright's Spiderwort
Tradescantia zebrina,UPL,,FACU,UPL,,FAC,,,,,Inchplant
Transberingia bursifolia,,UPL,,,FACU,,,,UPL,FACU,False Fissurewort
Trapa natans,OBL,,,OBL,,,,OBL,,,Water-Chestnut
Trautvetteria caroliniensis,FACW,FACW,,FACW,FACW,,FAC,,FAC,,Carolina Tassel-Rue
Trema micrantha,FAC,,FACU,,,,,,,,Jamaican Nettletree
Trema orientalis,FACU,,,,,FACU,,,,,Gunpowder-Tree
Trematolobelia auriculata,,,,,,FACW,,,,,Lanai False Lobelia
Trematolobelia grandifolia,,,,,,FAC,,,,,Large-Flower False Lobelia
Trematolobelia kaalae,,,,,,FACW,,,,,Wai'anae Mountains False Lobelia
Trematolobelia kauaiensis,,,,,,FAC,,,,,Kauai False Lobelia
Trematolobelia macrostachys,,,,,,FAC,,,,,Koli'i
Trematolobelia rockii,,,,,,FACW,,,,,Molokai False Lobelia
Trematolobelia singularis,,,,,,FACW,,,,,Lava-Slope False Lobelia
Trematolobelia wimmeri,,,,,,FAC,,,,,Kohala Mountain False Lobelia
Trepocarpus aethusae,FACW,,,FACW,FACW,,OBL,,,,Whitenymph
Triadica sebifera,FAC,FAC,FAC,FAC,FAC,,,,FAC,,Chinese Tallowtree
Triantha glutinosa,,,,OBL,OBL,,OBL,OBL,OBL,FACW,Sticky False Asphodel
Triantha occidentalis,,FACW,,,FACW,,,,FACW,FACW,Western False Asphodel
Triantha racemosa,OBL,,,OBL,,,,,,,Coastal False Asphodel
Trianthema portulacastrum,FACW,FAC,FAC,FAC,FACW,FAC,FAC,,FAC,,Desert Horse-Purslane
Tribulus cistoides,FACU,,UPL,UPL,,UPL,,,,,Jamaican Feverplant
Trichilia pallida,,,FACU,,,,,,,,Gaita
Trichocoronis wrightii,FACW,FACW,,,FACW,,,,FACW,,Limestone Bugheal
Trichomanes brevipes,,,,,,FAC,,,,,_?_
Trichomanes javanicum,,,,,,FAC,,,,,_?_
Trichomanes membranaceum,FACW,,OBL,,,,,,,,Scale-Edge Bristle Fern
Trichomanes rigidum,,,OBL,,,,,,,,Stiff Bristle Fern
Trichomanes robustum,,,FACW,,,,,,,,Robust Bristle Fern
Trichophorum alpinum,,,,,OBL,,OBL,OBL,OBL,OBL,Alpine Leafless-Bulrush
Trichophorum caespitosum,,OBL,,OBL,OBL,,OBL,OBL,OBL,OBL,Tufted Leafless-Bulrush
Trichophorum clementis,,FAC,,,,,,,FAC,,Yosemite Leafless-Bulrush
Trichophorum clintonii,,,,,FACU,,FACU,FACU,,,Clinton's Leafless-Bulrush
Trichophorum pumilum,,FACW,,,OBL,,,,FACW,OBL,Rolland's Leafless-Bulrush
Trichostema austromontanum,,OBL,,,,,,,OBL,,San Jacinto Bluecurls
Trichostema dichotomum,UPL,,,UPL,FAC,,UPL,UPL,,,Forked Bluecurls
Trichostema lanceolatum,,FACU,,,,,,,FACU,,Vinegar-Weed
Trichostema micranthum,,FAC,,,,,,,,,Small-Flower Bluecurls
Trichostigma octandrum,FACU,,FACU,,,,,,,,Hoopvine
Tridax procumbens,FACU,,FACU,,FACU,FAC,,,,,Coatbuttons
Tridens albescens,FAC,FACU,,FAC,FAC,,FAC,,FACU,,White Fluff Grass
Tridens ambiguus,FACW,,,FACW,FAC,,,,,,Pine-Barren Fluff Grass
Tridens flavus,FACU,UPL,,FACU,UPL,,UPL,UPL,UPL,,Tall Redtop
Tridens muticus,FACW,FAC,,FAC,FACU,,FAC,,FAC,,Awnless Fluff Grass
Tridens strictus,FACW,,,FACW,FAC,,FACU,FACU,,,Long-Spike Fluff Grass
Trientalis borealis,FAC,,,FAC,FAC,,FAC,FAC,,,Maystar
Trientalis europaea,,FAC,,,,,,,FAC,FACU,Arctic Starflower
Trientalis latifolia,,FAC,,,,,,,FACW,,Western Starflower
Trifolium albopurpureum,,FACU,,,,,,,FACU,,Rancheria Clover
Trifolium amabile,,OBL,,,,,,,,,Aztec Clover
Trifolium amoenum,,FACW,,,,,,,FACW,,Showy Indian Clover
Trifolium barbigerum,,FACW,,,,,,,FACW,,Bearded Clover
Trifolium beckwithii,,FAC,,,,,FAC,,FAC,,Plumas Clover
Trifolium bolanderi,,OBL,,,,,,,OBL,,Parasol Clover
Trifolium cyathiferum,,FAC,,,,,,,FAC,UPL,Bowl Clover
Trifolium dasyphyllum,,UPL,,,FACU,,,,UPL,,Uinta Clover
Trifolium depauperatum,FAC,FAC,,,,,UPL,UPL,FAC,,Balloon Sack Clover
Trifolium douglasii,,FACW,,,,,,,FACW,,Douglas' Clover
Trifolium dubium,FACU,UPL,,UPL,FACU,UPL,FACU,FACU,FACU,UPL,Suckling Clover
Trifolium eriocephalum,,FAC,,,,,,,FAC,,Woolly-Head Clover
Trifolium fragiferum,FACU,FAC,,FACU,FAC,,FACU,FACU,FACU,,Strawberry-Head Clover
Trifolium fucatum,,FACU,,,,,UPL,UPL,FACU,,Sour Clover
Trifolium grayi,,FACW,,,,,,,FACW,,Gray's Clover
Trifolium haydenii,,FACU,,,,,,,UPL,,Hayden's Clover
Trifolium howellii,,FACW,,,,,,,FACW,,Canyon Clover
Trifolium hybridum,FACU,FAC,,FACU,FACU,UPL,FACU,FACU,FAC,FAC,Alsike Clover
Trifolium hydrophilum,,FAC,,,,,,,FAC,,Saline Clover
Trifolium kingii,,FAC,,,,,,,FAC,,King's Clover
Trifolium longipes,,FACW,,,FACW,,,,FAC,,Long-Stalk Clover
Trifolium macrocephalum,,FACU,,,,,,,FACU,,Large-Head Clover
Trifolium microcephalum,,FAC,,,,,,,FAC,UPL,Small-Head Clover
Trifolium monanthum,,FAC,,,,,,,FAC,,Mountain Carpet Clover
Trifolium mucronatum,,FACW,,,FACW,,,,FACW,,Cusp Clover
Trifolium neurophyllum,,FACW,,,FACW,,,,FACW,,White Mountain Clover
Trifolium obtusiflorum,,FAC,,,,,,,FAC,,Clammy Clover
Trifolium parryi,,FAC,,,FAC,,,,FAC,,Parry's Clover
Trifolium pinetorum,,FACW,,,FACW,,,,FACW,,Pinewoods Clover
Trifolium polyodon,,FACW,,,,,,,,,Pacific Grove Clover
Trifolium pratense,FACU,FACU,UPL,FACU,FACU,FACU,FACU,FACU,FACU,FACU,Red Clover
Trifolium productum,,FAC,,,,,,,FAC,,Shasta Clover
Trifolium repens,FACU,FACU,,FACU,FACU,FACU,FACU,FACU,FAC,FACU,White Clover
Trifolium resupinatum,FACU,UPL,,UPL,FACU,UPL,UPL,UPL,UPL,,Reversed Clover
Trifolium stoloniferum,,,,FACU,,,FACU,,,,Running Buffalo Clover
Trifolium variegatum,,FAC,,,,,,,FAC,FAC,White-Tip Clover
Trifolium willdenowii,,FACW,,,,,,,FACU,,Springbank Clover
Trifolium wormskioldii,,FACW,,,FACW,,,,FACW,FAC,Cow Clover
Triglochin concinna,,OBL,,,,,,,OBL,,Slender Arrow-Grass
Triglochin gaspensis,,,,,,,,OBL,,,Gaspe Peninsula Arrow-Grass
Triglochin maritima,OBL,OBL,,OBL,OBL,,OBL,OBL,OBL,OBL,Seaside Arrow-Grass
Triglochin palustris,,OBL,,OBL,OBL,,OBL,OBL,OBL,OBL,Marsh Arrow-Grass
Triglochin scilloides,,OBL,,,OBL,,,,OBL,,Flowering-Quillwort
Triglochin striata,OBL,OBL,,,,,,,OBL,,Three-Rib Arrow-Grass
Trillium albidum,,FACU,,,,,,,FACU,,Giant White Trillium
Trillium cernuum,FACW,,,FACW,FAC,,FAC,FAC,,,Whip-Poor-Will-Flower
Trillium erectum,FAC,,,FACU,,,UPL,FACU,,,Stinking-Benjamin
Trillium flexipes,FAC,,,FAC,FACU,,FACU,FAC,,,Nodding Trillium
Trillium ovatum,,FACU,,,,,,,FACU,,Western Trillium
Trillium pusillum,FACW,,,FACW,,,,,,,Dwarf Trillium
Trillium recurvatum,FACU,,,UPL,,,FACU,FACU,,,Bloody-Butcher
Trillium sessile,UPL,,,UPL,,,FACU,FACU,,,Toadshade
Trillium texanum,FACU,,,,FAC,,,,,,Texas Trillium
Trillium undulatum,,,,FACU,,,,FACU,,,Painted Trillium
Triodanis perfoliata,FACU,FACU,,FAC,FAC,FACU,FAC,FACU,UPL,,Clasping-Leaf Venus'-Looking-Glass
Triosteum angustifolium,UPL,,,FAC,FAC,,FAC,FAC,,,Yellow-Fruit Horse-Gentian
Triphasia trifolia,FAC,FACU,UPL,,FACU,UPL,,,,,Limeberry
Triphora surinamensis,,,FAC,,,,,,,,Hernando County Noddingcaps
Triphora trianthophoros,FACU,,,UPL,FACU,,FACU,FACU,,,Threebirds
Tripleurospermum maritimum,FAC,FACU,,UPL,FAC,,FAC,FAC,FACU,FAC,False Mayweed
Tripsacum dactyloides,FAC,FAC,,FACW,FAC,,FAC,FAC,,,Eastern Mock Grama
Trisetum cernuum,,FACU,,,,,,,FACU,FACU,Tall False Oat
Trisetum orthochaetum,,FACW,,,,,,,FACW,,Bitterroot False Oat
Trisetum sibiricum,,,,,,,,,,FAC,Siberian False Oat
Trisetum spicatum,,FACU,,FACU,FACU,,,FAC,UPL,FAC,Narrow False Oat
Triteleia hyacinthina,,FAC,,,,,,,FAC,,Fool's-Onion
Triteleia ixioides,,FAC,,,,,,,FAC,,Prettyface
Triteleia peduncularis,,FACW,,,,,,,FACW,,Long-Ray Triplet-Lily
Triumfetta rhomboidea,UPL,,UPL,,,FAC,,,,,Diamond Burrbark
Triumfetta semitriloba,FACU,,FAC,,,UPL,,,,,Sacramento Burrbark
Trollius laxus,OBL,OBL,,OBL,OBL,,,OBL,OBL,,American Globeflower
Tropaeolum majus,UPL,UPL,UPL,UPL,,FACU,,UPL,UPL,,Garden-Nasturtium
Tropaeolum minus,,,,,,,,FACU,,,Bush-Nasturtium
Tsuga canadensis,FACU,,,FACU,,,FACU,FACU,,,Eastern Hemlock
Tsuga heterophylla,,FACU,,,,,,,FACU,FAC,Western Hemlock
Tsuga mertensiana,,FACU,,,,,,,FACU,FAC,Mountain Hemlock
Tuctoria greenei,,OBL,,,,,,,OBL,,Awnless Spiral Grass
Tuctoria mucronata,,OBL,,,,,,,,,Prickly Spiral Grass
Turnera ulmifolia,UPL,,FAC,,,UPL,,,,,Ram-Goat-Dash-Along
Turpinia occidentalis,,,FAC,,,,,,,,Muttonwood
Tussilago farfara,FACU,FACU,,FACU,,,FACU,FACU,FACU,,Colt's-Foot
Typha X glauca,OBL,OBL,,OBL,OBL,,OBL,OBL,OBL,,_?_
Typha X provincialis,,OBL,,,OBL,,OBL,,OBL,,_?_
Typha angustifolia,OBL,OBL,,OBL,OBL,,OBL,OBL,OBL,,Narrow-Leaf Cat-Tail
Typha domingensis,OBL,OBL,OBL,OBL,OBL,OBL,OBL,OBL,OBL,,Southern Cat-Tail
Typha latifolia,OBL,OBL,,OBL,OBL,OBL,OBL,OBL,OBL,OBL,Broad-Leaf Cat-Tail
Ulex europaeus,UPL,UPL,,UPL,,UPL,,FACU,FACU,,Common Gorse
Ulmus alata,FACU,,,FACU,FACU,,FACU,,,,Winged Elm
Ulmus americana,FAC,FAC,,FACW,FAC,,FACW,FACW,FAC,,American Elm
Ulmus crassifolia,FAC,,,FAC,FAC,,FAC,,,,Cedar Elm
Ulmus glabra,UPL,FACU,,UPL,FACU,,FACU,FACU,,,Wych Elm
Ulmus parvifolia,FACU,UPL,,UPL,UPL,,UPL,UPL,UPL,,Chinese Elm
Ulmus pumila,FACU,UPL,,FACU,UPL,,UPL,FACU,UPL,,Siberian Elm
Ulmus rubra,FAC,FAC,,FAC,FACU,,FAC,FAC,FAC,,Slippery Elm
Ulmus serotina,UPL,,,FAC,FACU,,FAC,,,,September Elm
Ulmus thomasii,FAC,,,FACU,FACU,,FAC,FAC,,,Rock Elm
Umbellularia californica,,FAC,,,,,,,FAC,,California-Laurel
Uncinia uncinata,,,,,,FAC,,,,,Hawaii Birdcatching Sedge
Uniola paniculata,FACU,,,FACU,FACU,,,,,,Sea-Oats
Urena lobata,FAC,,FACU,,,FACU,,,,,Caesarweed
Urera baccifera,,,FACW,,,,,,,,Scratchbush
Urera caracasana,,,FACW,,,,,,,,Flameberry
Urera chlorocarpa,,,FACW,,,,,,,,Ortiga
Urera glabra,,,,,,FAC,,,,,Hopue
Urochloa arrecta,FAC,,FAC,,,,,,,,African Liverseed Grass
Urochloa distachya,UPL,,FAC,FACU,FAC,UPL,,,,,Tropical Liverseed Grass
Urochloa fusca,FACU,UPL,UPL,FACU,FAC,,,,UPL,,Brown-Top Liverseed Grass
Urochloa mutica,FACW,,FACW,FACW,FACW,FACW,,,FACW,,Para Liverseed Grass
Urochloa panicoides,FACU,FACU,,FACU,FACU,,,,,,Panic Liverseed Grass
Urochloa plantaginea,FAC,,UPL,FAC,FACU,UPL,,FAC,,,Plantain Liverseed Grass
Urochloa platyphylla,FAC,FAC,,FAC,FAC,,FAC,,,,Broad-Leaf Liverseed Grass
Urochloa ramosa,FACU,,,FACU,FACU,,,,,,Dixie Liverseed Grass
Urochloa reptans,UPL,,UPL,UPL,UPL,FAC,,,,,Sprawling Liverseed Grass
Urtica chamaedryoides,FAC,,,FACU,FACU,,FACU,FACU,,,Heart-Leaf Nettle
Urtica dioica,FAC,FAC,,FACU,FAC,,FACW,FAC,FAC,FACU,Stinging Nettle
Utricularia amethystina,OBL,,,,,,,,,,Florida Purple Bladderwort
Utricularia bifida,,,,,,OBL,,,,,_?_
Utricularia caerulea,,,,,,OBL,,,,,_?_
Utricularia cornuta,OBL,OBL,,OBL,OBL,,OBL,OBL,OBL,,Horned Bladderwort
Utricularia floridana,OBL,,,OBL,,,,,,,Florida Yellow Bladderwort
Utricularia foliosa,OBL,,,OBL,OBL,,,,,,Leafy Bladderwort
Utricularia geminiscapa,OBL,,,OBL,,,OBL,OBL,,,Hidden-Fruit Bladderwort
Utricularia gibba,OBL,OBL,OBL,OBL,OBL,OBL,OBL,OBL,OBL,,Humped Bladderwort
Utricularia inflata,OBL,OBL,,OBL,OBL,,OBL,OBL,OBL,,Swollen Bladderwort
Utricularia intermedia,OBL,OBL,,OBL,OBL,,OBL,OBL,OBL,OBL,Flat-Leaf Bladderwort
Utricularia juncea,OBL,,OBL,OBL,OBL,,,OBL,,,Southern Bladderwort
Utricularia macrorhiza,OBL,OBL,,OBL,OBL,,OBL,OBL,OBL,OBL,Greater Bladderwort
Utricularia minor,OBL,OBL,,OBL,OBL,,OBL,OBL,OBL,OBL,Lesser Bladderwort
Utricularia ochroleuca,,OBL,,,OBL,,OBL,OBL,OBL,OBL,Dwarf Bladderwort
Utricularia olivacea,OBL,,,OBL,,,,,,,Piedmont Bladderwort
Utricularia purpurea,OBL,,,OBL,,,OBL,OBL,,,Eastern Purple Bladderwort
Utricularia pusilla,,,OBL,,,,,,,,Tiny Bladderwort
Utricularia radiata,OBL,,,OBL,OBL,,OBL,OBL,,,Little Floating Bladderwort
Utricularia resupinata,OBL,,,OBL,,,OBL,OBL,,,Lavender Bladderwort
Utricularia simulans,OBL,,,,,,,,,,Fringed Bladderwort
Utricularia striata,OBL,OBL,,OBL,OBL,,,OBL,,,Striped Bladderwort
Utricularia stygia,,,,,,,,,,OBL,Arctic Bladderwort
Utricularia subulata,OBL,OBL,OBL,OBL,OBL,,OBL,OBL,OBL,,Zigzag Bladderwort
Uvularia floridana,FACW,,,,,,,,,,Florida Bellwort
Uvularia perfoliata,FACU,,,FACU,,,FACU,FACU,,,Perfoliate Bellwort
Uvularia puberula,FAC,,,FACU,,,,FACU,,,Mountain Bellwort
Uvularia sessilifolia,FAC,,,FAC,FACU,,FACU,FACU,,,Sessile-Leaf Bellwort
Vaccaria hispanica,FAC,FACU,,FAC,UPL,UPL,UPL,UPL,FACU,FAC,Cowcockle
Vaccinium X marianum,OBL,,,FAC,,,,FACW,,,_?_
Vaccinium alaskaense,,FAC,,,,,,,FAC,FAC,Alaska Blueberry
Vaccinium angustifolium,FACU,,,FACU,FACU,,FACU,FACU,,,Late Lowbush Blueberry
Vaccinium arboreum,FACU,,,FACU,FACU,,FACU,,,,Tree Sparkle-Berry
Vaccinium caesariense,OBL,,,OBL,,,,OBL,,,New Jersey Blueberry
Vaccinium caespitosum,,FAC,,,FAC,,FACU,FACU,FAC,FACW,Dwarf Blueberry
Vaccinium calycinum,,,,,,FAC,,,,,Ohelo Kau La'au
Vaccinium corymbosum,FACW,,,FACW,FACW,,FACW,FACW,FACW,,Highbush Blueberry
Vaccinium crassifolium,FAC,,,FAC,,,,,,,Creeping Blueberry
Vaccinium darrowii,FACU,,,FAC,,,,,,,Darrow's Blueberry
Vaccinium dentatum,,,,,,FACU,,,,,Ohelo
Vaccinium elliottii,FACW,,,FACW,FACW,,,,,,Elliott's Blueberry
Vaccinium erythrocarpum,,,,FAC,,,,,,,Southern Mountain-Cranberry
Vaccinium formosum,FAC,,,OBL,,,,FACW,,,Southern Blueberry
Vaccinium fuscatum,FACW,,,FAC,FACW,,FAC,FACW,,,Black Blueberry
Vaccinium macrocarpon,OBL,OBL,,OBL,OBL,,OBL,OBL,OBL,OBL,Large Cranberry
Vaccinium membranaceum,,FACU,,,FACU,,,UPL,FACU,FACU,Square-Twig Blueberry
Vaccinium myrsinites,FACU,,,FACU,,,,,,,Shiny Blueberry
Vaccinium myrtilloides,FAC,FACU,,FACW,FACW,,FACW,FACW,FACU,,Velvet-Leaf Blueberry
Vaccinium myrtillus,,FACU,,,UPL,,,,UPL,,Whortle-Berry
Vaccinium ovalifolium,,UPL,,,,,,FACU,UPL,FAC,Oval-Leaf Blueberry
Vaccinium ovatum,,UPL,,,,,,,FACU,,Evergreen Blueberry
Vaccinium oxycoccos,,OBL,,OBL,OBL,,OBL,OBL,OBL,OBL,Small Cranberry
Vaccinium parvifolium,,FAC,,,,,,,FACU,FACU,Red Blueberry
Vaccinium reticulatum,,,,,,FAC,,,,,Ohelo 'Ai
Vaccinium scoparium,,FACU,,,FACU,,,,FACU,,Grouseberry
Vaccinium simulatum,,,,FACU,,,FACU,,,,Upland Highbush Blueberry
Vaccinium stamineum,FACU,,,FACU,FACU,,FACU,FACU,,,Deerberry
Vaccinium tenellum,FACU,,,UPL,,,,,,,Small Black Blueberry
Vaccinium uliginosum,,FACW,,,FAC,,,FAC,FACW,FAC,Alpine Blueberry
Vaccinium vitis-idaea,,,,,FAC,,FAC,FAC,,FAC,Northern Mountain-Cranberry
Vachellia farnesiana,FACU,FACU,FACU,,FACU,UPL,,,FACU,,Mealy False Acacia
Vachellia macracantha,UPL,,FAC,FACU,,,,,,,Porknut
Vahlodea atropurpurea,,FACW,,,,,,FACW,FACW,FACW,Arctic-Hair Grass
Valeriana acutiloba,,FACU,,,FAC,,,,FACU,,Cordilleran Valerian
Valeriana capitata,,,,,,,,,,FAC,Clustered Valerian
Valeriana dioica,,FACW,,,FACW,,,FACW,FACW,,Marsh Valerian
Valeriana edulis,,FAC,,,FAC,,FACW,FACW,FAC,,Tobacco-Root
Valeriana occidentalis,,FAC,,,FAC,,,,FAC,,Small-Flower Valerian
Valeriana pauciflora,FAC,,,FACW,,,FACW,FACW,,,Large-Flower Valerian
Valeriana scandens,FAC,,FAC,,,,,,,,Florida Valerian
Valeriana scouleri,,FAC,,,,,,,FAC,FACW,Scouler's Valerian
Valeriana sitchensis,,FAC,,,,,,,FAC,FAC,Sitka Valerian
Valeriana texana,,OBL,,,OBL,,,,OBL,,Guadalupe Valerian
Valeriana uliginosa,,,,OBL,,,OBL,OBL,,,Mountain Valerian
Valerianella amarella,FACU,FACU,,FACU,FACU,,FAC,,,,Hairy Cornsalad
Valerianella chenopodiifolia,FAC,,,FAC,,,FAC,FAC,,,Goose-Foot Cornsalad
Valerianella florifera,FAC,,,,FAC,,,,,,Texas Cornsalad
Valerianella radiata,FAC,,,FAC,FACW,,FAC,FAC,,,Beaked Cornsalad
Valerianella stenocarpa,FACW,,,,FACW,,,,,,Narrow-Cell Cornsalad
Valerianella texana,,,,,FAC,,,,,,Edwards Plateau Cornsalad
Valerianella umbilicata,FAC,,,FAC,,,FACW,FACW,,,Navel Cornsalad
Vallisneria americana,OBL,OBL,,OBL,OBL,OBL,OBL,OBL,OBL,,American Eel-Grass
Vandenboschia boschiana,OBL,,,FACW,,,FACW,,,,Appalachian Fern
Vandenboschia cyrtotheca,,,,,,FACW,,,,,Elegant Kauai Fern
Vandenboschia davallioides,,,,,,FACW,,,,,Kilau
Vandenboschia draytonianum,,,,,,FACW,,,,,Hawaii Kauai Fern
Vandenboschia tubiflora,,,,,,FACW,,,,,Kauai Fern
Vanilla barbellata,FACU,,FACU,,,,,,,,Wormvine Orchid
Veratrum californicum,,FACW,,,OBL,,,,FAC,,California False Hellebore
Veratrum fimbriatum,,FACW,,,,,,,OBL,,Fringed False Hellebore
Veratrum latifolium,FACU,,,FACU,,,,FACU,,,Slender Bunchflower
Veratrum virginicum,OBL,,,FACW,FACW,,FACW,FACW,,,Virginia Bunchflower
Veratrum viride,FAC,FACW,,FACW,,,,FACW,FAC,FAC,American False Hellebore
Verbascum blattaria,FACU,UPL,,UPL,UPL,UPL,FACU,FACU,UPL,,White Moth Mullein
Verbascum thapsus,FACU,FACU,,FACU,UPL,UPL,UPL,UPL,FACU,FACU,Great Mullein
Verbena X engelmannii,FAC,,,FAC,FACU,,FAC,FAC,,,_?_
Verbena X rydbergii,,,,FACW,FACW,,FACW,FACW,,,_?_
Verbena bonariensis,FAC,FACW,FAC,FAC,FACW,FACU,FACU,FACU,FACW,,Purple-Top Vervain
Verbena bracteata,FACU,FAC,,UPL,FACU,,FACU,FACU,FAC,,Carpet Vervain
Verbena brasiliensis,FACU,,,FACU,,,FACU,,,,Vervain
Verbena californica,,FACW,,,,,,,FACW,,Red Hills Vervain
Verbena hastata,FAC,FAC,,FACW,FACW,,FACW,FACW,FAC,,Simpler's-Joy
Verbena incompta,FACU,FACU,,FACU,FAC,FAC,FACU,,FAC,,Brazilian Vervain
Verbena lasiostachys,,FAC,,,,,,FAC,FAC,,Western Vervain
Verbena litoralis,,,,,,FACU,,,,,Seashore Vervain
Verbena macdougalii,,FACU,,,FAC,,,,UPL,,New Mexico Vervain
Verbena officinalis,FACU,FACU,,FACU,FACU,,FACU,FACU,FACU,,Herb-of-the-Cross
Verbena runyonii,FACW,,,,FACW,,,,FACW,,Rio Grande Vervain
Verbena scabra,FACW,OBL,FAC,FACW,OBL,,FACW,,OBL,,Sandpaper Vervain
Verbena urticifolia,FAC,FAC,,FAC,FAC,,FAC,FAC,FACU,,White Vervain
Verbesina alata,,,FAC,,,,,,,,Capitaneja
Verbesina alternifolia,FAC,,,FAC,FAC,,FACW,FACW,,,Wingstem
Verbesina chapmanii,FACW,,,,,,,,,,Chapman's Crownbeard
Verbesina encelioides,FAC,FACU,FACU,FACU,FAC,FACU,FAC,FAC,FACU,,Golden Crownbeard
Verbesina heterophylla,FACW,,,,,,,,,,Diverse-Leaf Crownbeard
Verbesina occidentalis,FACU,,,FACU,,,FACU,,,,Yellow Crownbeard
Verbesina virginica,FACU,,,UPL,FACU,,FACU,,,,White Crownbeard
Verbesina walteri,FAC,,,FAC,,,,,,,Carolina Crownbeard
Vernicia montana,,,,,,FACU,,,,,Candlenut Tree
Vernonia angustifolia,FACU,,,FACU,,,,,,,Tall Ironweed
Vernonia arkansana,FAC,,,FAC,FAC,,FAC,FAC,,,Arkansas Ironweed
Vernonia baldwinii,UPL,,,UPL,FACU,,UPL,UPL,FACU,,Western Ironweed
Vernonia blodgettii,FACW,,,,,,,,,,Florida Ironweed
Vernonia fasciculata,FACW,,,FAC,FAC,,FACW,FACW,FACW,,Prairie Ironweed
Vernonia gigantea,FAC,,,FAC,FAC,,FAC,FAC,,,Giant Ironweed
Vernonia lettermannii,FACW,,,FACW,OBL,,,,,,Narrow-Leaf Ironweed
Vernonia marginata,,FACU,,,FAC,,,,FACU,,Plains Ironweed
Vernonia missurica,FAC,FACW,,FACU,FACW,,FAC,FAC,FACW,,Missouri Ironweed
Vernonia noveboracensis,FACW,FAC,,FACW,FAC,,FACW,FACW,FAC,,New York Ironweed
Vernonia texana,FACU,,,FACU,FACU,,FACU,,,,Texas Ironweed
Veronica americana,OBL,OBL,,OBL,OBL,,OBL,OBL,OBL,OBL,American-Brooklime
Veronica anagallis-aquatica,OBL,OBL,,OBL,OBL,,OBL,OBL,OBL,OBL,Blue Water Speedwell
Veronica arvensis,UPL,FACU,,UPL,FACU,FAC,FACU,FACU,FACU,FACU,Corn Speedwell
Veronica beccabunga,OBL,OBL,,OBL,,,OBL,OBL,OBL,,European Speedwell
Veronica chamaedrys,UPL,FACU,,UPL,UPL,,UPL,UPL,UPL,UPL,Germander Speedwell
Veronica cusickii,,FAC,,,FAC,,,,FAC,,Cusick's Speedwell
Veronica cymbalaria,FAC,,,,,,,,,,Glandular Speedwell
Veronica officinalis,FACU,UPL,,FACU,UPL,,UPL,FACU,UPL,FAC,Common Gypsyweed
Veronica peregrina,FAC,FAC,FAC,FAC,FACW,FACU,FACW,FAC,FACW,FACU,Neckweed
Veronica plebia,,,,,,FACW,,,,,Island Speedwell
Veronica prostrata,,,,,,,,FAC,,,Prostrate Speedwell
Veronica scutellata,OBL,OBL,,OBL,OBL,,OBL,OBL,OBL,OBL,Grass-Leaf Speedwell
Veronica serpyllifolia,FAC,FAC,,FAC,OBL,FAC,FACW,FAC,FAC,OBL,Thyme-Leaf Speedwell
Veronica wormskjoldii,,FACW,,,FAC,,,FAC,FACW,FAC,American Alpine Speedwell
Veronicastrum virginicum,FACW,,,FACU,FAC,,FAC,FAC,,,Culver's-Root
Viburnum acerifolium,FACU,,,UPL,UPL,,UPL,UPL,,,Maple-Leaf Arrow-Wood
Viburnum dentatum,FAC,,,FAC,FAC,,FAC,FAC,,,Southern Arrow-Wood
Viburnum edule,,FACW,,,FACW,,FACW,FACW,FACW,FACU,Squashberry
Viburnum lantanoides,FAC,,,FACU,,,,FACU,,,Hobblebush
Viburnum lentago,FAC,FAC,,FAC,FACU,,FAC,FAC,FACU,,Nanny-Berry
Viburnum nudum,FACW,,,OBL,FACW,,FACW,FACW,,,Possumhaw
Viburnum obovatum,FACW,,,FACW,,,,,,,Small-Leaf Arrow-Wood
Viburnum opulus,FACW,FACW,,FACW,FAC,,FAC,FACW,FACW,,Highbush-Cranberry
Viburnum prunifolium,FACU,,,FACU,FACU,,FACU,FACU,FACU,,Smooth Blackhaw
Viburnum recognitum,FAC,,,FAC,FAC,,FAC,FAC,,,Smooth Arrow-Wood
Viburnum rufidulum,UPL,FACU,,UPL,FACU,,FACU,,,,Rusty Blackhaw
Vicia acutifolia,FACW,,,,,,,,,,Four-Leaf Vetch
Vicia americana,FACU,FAC,,FACU,FACU,,FACU,FACU,FAC,FACU,American Purple Vetch
Vicia caroliniana,FACU,,,FACU,UPL,,UPL,UPL,,,Carolina Vetch
Vicia floridana,FACW,,,,,,,,,,Florida Vetch
Vicia ludoviciana,FACU,UPL,,FACU,UPL,,UPL,,UPL,,Louisiana Vetch
Vicia minutiflora,FAC,,,FAC,UPL,,UPL,,,,Pygmy-Flower Vetch
Vicia nigricans,,FACU,,,,,,,FACU,UPL,Black Vetch
Vicia ocalensis,OBL,,,,,,,,,,Ocala Vetch
Vicia sativa,FACU,FACU,,FACU,FACU,UPL,FACU,FACU,UPL,UPL,Garden Vetch
Vigna adenantha,FACU,,FACU,,,FAC,,,,,Wild Pea
Vigna longifolia,,,OBL,,,,,,,,Long-Leaf Cow-Pea
Vigna luteola,FACW,,FAC,FACW,FACW,FAC,,FACW,,,Wild Cow-Pea
Vigna marina,,,UPL,,,FAC,,,,,Notched Cow-Pea
Vinca major,,FACU,,,,,,,FACU,,Bigleaf Periwinkle
Viola X bernardii,FACU,,,FACU,UPL,,FACU,FACU,,,_?_
Viola X champlainensis,,,,FAC,,,,FACU,,,_?_
Viola X dissita,FAC,,,FAC,,,FAC,FAC,,,_?_
Viola X greenmanii,FAC,,,FACU,,,,FAC,,,_?_
Viola X insessa,,,,,,,,FACW,,,_?_
Viola X melissifolia,,,,,,,,FAC,,,_?_
Viola X mistura,FAC,,,FACU,,,FACU,FACU,,,_?_
Viola X napae,FAC,,,FAC,FAC,,FAC,FAC,,,_?_
Viola X porteriana,FACW,,,FACW,,,FACW,FACW,,,_?_
Viola X subaffinis,,,,,,,,FACW,,,_?_
Viola X viarum,FACU,FACU,,FACU,FACU,,FACU,FACU,,,_?_
Viola adunca,,FAC,,,FACU,,FAC,FACU,FAC,FAC,Hook-Spur Violet
Viola affinis,FACW,,,FACW,,,FACW,FACW,,,Sand Violet
Viola bicolor,FAC,FAC,,FACU,FAC,,FACU,FACU,FACU,,Field Pansy
Viola biflora,,,,,FAC,,,,FACW,FACW,Arctic Yellow Violet
Viola blanda,FACW,,,FACW,FACW,,FACW,FACW,,,Sweet White Violet
Viola brittoniana,FAC,,,FAC,,,,FAC,,,Northern Coastal Violet
Viola canadensis,FAC,FACU,,FAC,FACU,,FACU,FACU,FACU,FAC,Canadian White Violet
Viola chamissoniana,,,,,,FACU,,,,,Olopu
Viola cucullata,OBL,,,FACW,,,OBL,OBL,,,Marsh Blue Violet
Viola glabella,,FAC,,,,,,,FACW,FACW,Pioneer Violet
Viola hallii,,FAC,,,,,,,FAC,,Oregon Violet
Viola hastata,FACU,,,UPL,,,UPL,UPL,,,Halberd-Leaf Yellow Violet
Viola helenae,,,,,,FACW,,,,,Wahiawa Stream Violet
Viola hirsutula,FACU,,,FACU,,,FACU,FACU,,,Southern Woodland Violet
Viola kauaensis,,,,,,OBL,,,,,Pohe Hiwa
Viola labradorica,FAC,FAC,,FAC,FAC,,FACW,FAC,,,Alpine Violet
Viola lanceolata,OBL,,,OBL,OBL,,OBL,OBL,OBL,,Bog White Violet
Viola langloisii,FACW,,,FACW,FACW,,,,,,Langlois' Violet
Viola langsdorfii,,FACW,,,,,,,FACW,FACW,Aleutian Violet
Viola macloskeyi,FACW,OBL,,FACW,FACW,,OBL,OBL,OBL,,Smooth White Violet
Viola maviensis,,,,,,FACW,,,,,Hawaii Bog Violet
Viola missouriensis,FAC,FACW,,FACU,FACW,,FACW,FAC,FACW,,Missouri Violet
Viola nephrophylla,FACW,FACW,,FACW,FACW,,FACW,FACW,FACW,,Northern Bog Violet
Viola novae-angliae,,,,,FAC,,OBL,OBL,,,New England Blue Violet
Viola oahuensis,,,,,,FAC,,,,,Oahu Violet
Viola palmata,FACU,,,FACU,FACU,,FACU,FACU,,,Three-Lobe Violet
Viola palustris,,FACW,,,FACW,,,FACW,OBL,FACW,Alpine-Marsh Violet
Viola pedata,FACU,,,FACU,UPL,,UPL,UPL,,,Bird-Foot Violet
Viola pedatifida,FACU,FACU,,FACU,FACU,,FACU,FACU,UPL,,Crow-Foot Violet
Viola primulifolia,FACW,,,FAC,FAC,,FACW,FACW,,,Primroseleaf Violet
Viola pubescens,FACU,,,FACU,FACU,,FACU,FACU,FACU,,Downy Yellow Violet
Viola renifolia,,FACW,,FACW,FACW,,FACW,FACW,FACW,FAC,Kidney-Leaf White Violet
Viola rostrata,FACU,,,FACU,,,FACU,FACU,,,Long-Spur Violet
Viola rotundifolia,FAC,,,FAC,,,FAC,FAC,,,Round-Leaf Yellow Violet
Viola sagittata,FACW,,,FAC,FAC,,FAC,FAC,,,Arrow-Leaf Violet
Viola septemloba,FAC,,,FACW,,,,FACW,,,Southern Coastal Violet
Viola septentrionalis,FACU,FACU,,FACU,,,FACU,FACU,FACU,,Northern Woodland Violet
Viola sororia,FAC,FAC,,FAC,FAC,,FAC,FAC,FAC,,Hooded Blue Violet
Viola striata,FACW,,,FACW,FACW,,FACW,FACW,,,Striped Cream Violet
Viola subsinuata,FACU,,,FACU,FACU,,FACU,FACU,,,Early Blue Violet
Viola villosa,FACU,,,FACU,FACU,,FACU,,,,Carolina Violet
Viola wailenalenae,,,,,,FACW,,,,,Alakai Swamp Violet
Viola walteri,FACU,,,FACU,UPL,,FACU,FACU,,,Prostrate Blue Violet
Vitex divaricata,,,FACU,,,,,,,,Higuerillo
Vitex negundo,UPL,,UPL,UPL,UPL,FACU,UPL,,,,Five-Leaf Chastetree
Vitex parviflora,,,UPL,,,UPL,,,,,Small-Flower Chastetree
Vitex trifolia,UPL,UPL,,,,UPL,,,,,Three-Leaf Chastetree
Vitis X labruscana,FACU,,,FACU,,,,FACU,,,_?_
Vitis X novae-angliae,,,,FACW,,,,FAC,,,_?_
Vitis aestivalis,FACU,FACU,,FACU,FAC,,FACU,FACU,,,Summer Grape
Vitis arizonica,,FACU,,,FACU,,,,FACU,,Canyon Grape
Vitis californica,,FACU,,,,,,,FACU,,California Grape
Vitis cinerea,FAC,,,FACW,FAC,,FACW,FACW,,,Gray-Bark Grape
Vitis girdiana,,FAC,,,,,,,FAC,,Valley Grape
Vitis labrusca,FAC,FACU,,FACU,,,FACU,FACU,FACU,,Fox Grape
Vitis palmata,FACW,,,FACW,FACW,,OBL,OBL,,,Catbird Grape
Vitis riparia,FACW,FAC,,FACW,FAC,,FACW,FAC,FACU,,River-Bank Grape
Vitis rotundifolia,FAC,,,FAC,FAC,,,,,,Muscadine
Vitis rupestris,UPL,FACU,,FACU,FACU,,FACU,,FAC,,Rock Grape
Vitis shuttleworthii,FAC,,,,,,,,,,Calloose Grape
Vitis vulpina,FAC,,FAC,FAC,FAC,,FAC,FAC,,,Frost Grape
Voyria aphylla,,,FAC,,,,,,,,Leafless Ghostplant
Voyria tenella,,,FAC,,,,,,,,Puerto Rico Ghostplant
Vulpia bromoides,UPL,FACU,UPL,FACU,FAC,FACU,UPL,UPL,FAC,,Brome Six-Weeks Grass
Vulpia myuros,FACU,FACU,,UPL,FAC,FACU,FACU,FACU,FACU,UPL,Rat-Tail Six-Weeks Grass
Vulpia octoflora,FACU,UPL,,UPL,FACU,,FACU,FACU,UPL,,Eight-Flower Six-Weeks Grass
Wallenia lamarckiana,,,FAC,,,,,,,,Jacanillo
Wallenia yunquensis,,,FAC,,,,,,,,El Yunque Jacanillo
Waltheria indica,UPL,UPL,UPL,,UPL,FACU,,,,,Basora-Prieta
Washingtonia filifera,,FAC,FACU,,,FACU,,,FACW,,California Fan Palm
Washingtonia robusta,FAC,FACW,,,,FAC,,,,,Washington Fan Palm
Wedelia fruticosa,UPL,,FAC,,,,,,,,Coastal-Plain Creeping-Oxeye
Weinmannia pinnata,,,OBL,,,,,,,,Bastard-Briziletto
Wikstroemia bicornuta,,,,,,FAC,,,,,Alpine False Ohelo
Wikstroemia forbesii,,,,,,FACU,,,,,Molokai False Ohelo
Wikstroemia oahuensis,,,,,,FAC,,,,,Oahu False Ohelo
Wikstroemia villosa,,,,,,FACU,,,,,Hairy False Ohelo
Wilhelmsia physodes,,,,,,,,,,FAC,Arctic-Flower
Wislizenia refracta,,FACU,,,FACW,,,,FACU,,Spectacle-Fruit
Wisteria frutescens,FACW,,,FACW,FACW,,FACW,FACW,,,American Wisteria
Wolffia arrhiza,,OBL,,,,,,,,,Spotless Watermeal
Wolffia borealis,OBL,OBL,,OBL,OBL,,OBL,OBL,OBL,,Northern Watermeal
Wolffia brasiliensis,OBL,OBL,OBL,OBL,OBL,,OBL,OBL,OBL,,Brazilian Watermeal
Wolffia columbiana,OBL,OBL,,OBL,OBL,,OBL,OBL,OBL,,Columbian Watermeal
Wolffia globosa,OBL,OBL,,OBL,,OBL,OBL,OBL,OBL,,Asian Watermeal
Wolffiella gladiata,OBL,,,OBL,OBL,,OBL,OBL,OBL,,Sword Bogmat
Wolffiella lingulata,OBL,OBL,,,OBL,,,,OBL,,Tongue-Shape Bogmat
Wolffiella oblonga,OBL,OBL,,,OBL,,,,OBL,,Saber Bogmat
Wolffiella welwitschii,,,OBL,,,,,,,,Pond Bogmat
Woodwardia areolata,OBL,,,FACW,OBL,,OBL,OBL,,,Netted Chain Fern
Woodwardia fimbriata,,FACW,,,,,,,FACW,,Giant Chain Fern
Woodwardia radicans,OBL,OBL,,,,,,,,,Rooting Chain Fern
Woodwardia virginica,OBL,,,OBL,OBL,,OBL,OBL,,,Virginia Chain Fern
Wullschlaegelia aphylla,,,OBL,,,,,,,,Leafless Orchid
Wyethia amplexicaulis,,FAC,,,,,,,FACU,,Northern Mule's-Ears
Wyethia angustifolia,,FACU,,,,,,,FACU,,California-Compassplant
Wyethia helianthoides,,FACW,,,,,,,FACW,,White-Ray Mule's-Ears
X Elyhordeum macounii,,FACU,,FACU,FAC,,FAC,FACU,FACU,UPL,_?_
X Leydeum piperi,,FAC,,,,,,,FAC,,_?_
X Lindsaeosoria flynnii,,,,,,FACU,,,,,_?_
Xanthisma spinulosum,FACU,UPL,,,UPL,,FACU,,FACU,,Lacy Sleepy Daisy
Xanthium spinosum,FACU,FACU,,FACU,FACU,,FACU,FACU,FACU,,Spiny Cockleburr
Xanthium strumarium,FAC,FAC,FAC,FAC,FAC,FACU,FAC,FAC,FAC,,Rough Cockleburr
Xanthocephalum gymnospermoides,,FAC,,,,,,,,,San Pedro Matchweed
Xanthorhiza simplicissima,FACW,,,FACW,,,FACW,FACW,,,Shrub Yellowroot
Xanthosoma roseum,,,,,,FAC,,,,,Rosy Malanga
Xanthosoma sagittifolium,FACW,,FACW,,FACU,FACW,,,,,Arrow-Leaf Elephant's-Ear
Xerophyllum tenax,,FACU,,,FAC,,,,FACU,FACU,Western Turkeybeard
Ximenia americana,FACU,,UPL,,,,,,,,Tallow-Wood
Xiphidium caeruleum,,,FACW,,,,,,,,Cola-de-Paloma
Xylocarpus moluccensis,,,,,,OBL,,,,,N/A
Xylosma crenata,,,,,,FAC,,,,,Saw-Tooth Logwood
Xylosma schwaneckeana,,,FAC,,,,,,,,Redstick
Xyris ambigua,OBL,,,OBL,OBL,,,,,,Coastal-Plain Yellow-Eyed-Grass
Xyris baldwiniana,OBL,,,OBL,OBL,,,,,,Baldwin's Yellow-Eyed-Grass
Xyris brevifolia,OBL,,,OBL,,,,,,,Short-Leaf Yellow-Eyed-Grass
Xyris caroliniana,FACW,,,FACW,,,,,,,Carolina Yellow-Eyed-Grass
Xyris chapmanii,OBL,,,OBL,,,,,,,Chapman's Yellow-Eyed-Grass
Xyris complanata,,,,,,FACW,,,,,Hawaii Yellow-Eyed-Grass
Xyris difformis,OBL,,,OBL,OBL,,OBL,OBL,,,Bog Yellow-Eyed-Grass
Xyris drummondii,OBL,,,,,,,,,,Drummond's Yellow-Eyed-Grass
Xyris elliottii,OBL,,FACW,OBL,,,,,,,Elliott's Yellow-Eyed-Grass
Xyris fimbriata,OBL,,,OBL,,,,,,,Fringed Yellow-Eyed-Grass
Xyris flabelliformis,OBL,,,OBL,,,,,,,Savannah Yellow-Eyed-Grass
Xyris floridana,OBL,,,,,,,,,,Florida Yellow-Eyed-Grass
Xyris isoetifolia,OBL,,,,,,,,,,Quillwort Yellow-Eyed-Grass
Xyris jupicai,OBL,,OBL,OBL,OBL,,OBL,OBL,,,Richard's Yellow-Eyed-Grass
Xyris laxifolia,OBL,,,OBL,OBL,,,,,,Lax-Leaf Yellow-Eyed-Grass
Xyris longisepala,OBL,,,,,,,,,,Kral's Yellow-Eyed-Grass
Xyris louisianica,OBL,,,OBL,,,,,,,Louisiana Yellow-Eyed-Grass
Xyris montana,,,,OBL,OBL,,OBL,OBL,,,Northern Yellow-Eyed-Grass
Xyris platylepis,OBL,,,OBL,,FACW,,,,,Tall Yellow-Eyed-Grass
Xyris scabrifolia,OBL,,,OBL,OBL,,,,,,Harper's Yellow-Eyed-Grass
Xyris serotina,OBL,,,,,,,,,,Acid-Swamp Yellow-Eyed-Grass
Xyris smalliana,OBL,,,OBL,,,,OBL,,,Small's Yellow-Eyed-Grass
Xyris stricta,OBL,,,,,,,,,,Pineland Yellow-Eyed-Grass
Xyris tennesseensis,OBL,,,OBL,,,,,,,Tennessee Yellow-Eyed-Grass
Xyris torta,OBL,,,OBL,OBL,,OBL,OBL,,,Slender Yellow-Eyed-Grass
Yabea microcarpa,,FACU,,,,,,,FACU,,False Hedge-Parsley
Yeatesia viridiflora,FACW,,,FACW,FACW,,,,,,Yellow Bractspike
Youngia japonica,FACU,FACU,FAC,FACU,FACU,FACU,FACU,FACU,,,Oriental False Hawk's-Beard
Yucca aloifolia,UPL,,UPL,FACU,UPL,,,,,,Aloe Yucca
Yucca gloriosa,FAC,UPL,UPL,FAC,,,,,,,Moundlily Yucca
Zannichellia palustris,OBL,OBL,,OBL,OBL,,OBL,OBL,OBL,OBL,Horned-Pondweed
Zantedeschia aethiopica,,OBL,OBL,,,FAC,,,OBL,,Calla-Lily
Zanthoxylum americanum,FAC,,,FACU,UPL,,FACU,FACU,,,Toothachetree
Zanthoxylum clava-herculis,FAC,,,FAC,FACU,,,,,,Hercules'-Club
Zanthoxylum fagara,FACU,,,,FAC,,,,,,Limestone Prickly-Ash
Zanthoxylum oahuense,,,,,,FACU,,,,,Oahu Prickly-Ash
Zeltnera X nevadensis,,FACW,,,,,,,FACW,,_?_
Zeltnera beyrichii,FACU,FACU,,FACU,FACU,,FACU,,,,Quinineweed
Zeltnera calycosa,FACW,FACW,,,FACW,,FACW,,FACW,,Buckley's Mountain-Pink
Zeltnera exaltata,,FACW,,,FACW,,,,FACW,,Desert Mountain-Pink
Zeltnera glandulifera,,FACU,,,FACU,,,,,,Sticky Mountain-Pink
Zeltnera muehlenbergii,,FAC,,,,,,,FACW,,Monterey Mountain-Pink
Zeltnera namophila,,FACW,,,,,,,,,Spring-Loving Mountain-Pink
Zeltnera nudicaulis,,FACW,,,FACW,,,,FACW,,Santa Catalina Mountain-Pink
Zeltnera quitensis,,,FACU,,,,,,,,Britton's Mountain-Pink
Zeltnera trichantha,,FAC,,,,,,,FAC,,Alkali Mountain-Pink
Zenobia pulverulenta,OBL,,,FACW,,,,,,,Honeycup
Zephyranthes atamasca,FACW,,,FACW,,,,,,,Atamasco-Lily
Zephyranthes pulchella,FACW,,,,FACW,,,,,,Showy Zephyr-Lily
Zephyranthes refugiensis,FACW,,,,FACW,,,,,,Refugio Zephyr-Lily
Zephyranthes simpsonii,FAC,,,FAC,,,,,,,Red-Margin Zephyr-Lily
Zephyranthes treatiae,FACW,,,,,,,,,,Pineland Zephyr-Lily
Zeuxine fritzii,,,,,,FACW,,,,,_?_
Zeuxine strateumatica,FAC,,FACU,,FAC,UPL,,,,,Soldier's Orchid
Zigadenus glaberrimus,FACW,,,OBL,,,,,,,Sandbog Deathcamas
Zingiber zerumbet,FAC,,FAC,,,FAC,,,,,Shampoo Ginger
Zizania aquatica,OBL,,,OBL,OBL,,OBL,OBL,,,Indian Wild Rice
Zizania latifolia,,,,,,OBL,,,,,Manchurian Wild Rice
Zizania palustris,OBL,OBL,,OBL,OBL,,OBL,OBL,OBL,,Northern Wild Rice
Zizania texana,,,,,OBL,,,,,,Texas Wild Rice
Zizaniopsis miliacea,OBL,,,OBL,OBL,,OBL,,,,Marsh-Millet
Zizia aptera,FAC,FAC,,FAC,FAC,,FACU,FACU,FAC,,Heart-Leaf Alexanders
Zizia aurea,FAC,,,FAC,FAC,,FAC,FAC,FAC,,Golden Alexanders
Zizia trifoliata,FAC,,,FACU,,,,,,,Meadow Alexanders
Ziziphus mauritiana,FACU,UPL,UPL,,,FACU,,,UPL,,Indian Jujube
Zostera marina,OBL,OBL,,OBL,,,,OBL,OBL,OBL,Seawrack
Zoysia matrella,UPL,FACU,UPL,UPL,FACU,,,,,,Manila Temple Grass
Zoysia pacifica,UPL,UPL,,,,FAC,,,,,Pacific Temple Grass
